model_name,id,question,slug,price_yes,p_yes_raw,p_yes_calibrated,ev_per_share,expected_roi,days_to_end,liquidity,volume_24h,spread,end_date,signal,expected_roi_capped,signal_strength
market_value_baseline,559652,Will Gavin Newsom win the 2028 Democratic presidential nomination?,will-gavin-newsom-win-the-2028-democratic-presidential-nomination-568,0.2409999966621399,0.999999,0.9855403348554034,0.7445403381932635,3.089379039440575,938.8823041566782,785898.67085,434357.0416069992,0.001,2028-11-07T00:00:00Z,HOLD,3.089379039440575,2.0
market_value_baseline,561229,Will JD Vance win the 2028 US Presidential Election?,will-jd-vance-win-the-2028-us-presidential-election,0.17649999260902405,0.9312699735164642,0.8181818181818182,0.6416818255727942,3.63559123197372,938.8823041566782,778530.74819,35189.247850000014,0.001,2028-11-07T00:00:00Z,HOLD,3.63559123197372,2.0
market_value_baseline,561254,Will Kim Kardashian win the 2028 US Presidential Election?,will-kim-kardashian-win-the-2028-us-presidential-election,0.0044999998062849045,0.7060673516243696,0.6378600823045267,0.6333600824982418,140.74669105844455,938.8823041566782,1172166.79647,241001.52600000004,0.001,2028-11-07T00:00:00Z,HOLD,5.0,2.0
market_value_baseline,561995,Will Mike Pence win the 2028 Republican presidential nomination?,will-mike-pence-win-the-2028-republican-presidential-nomination,0.005499999970197678,0.7017962746322155,0.6378600823045267,0.632360082334329,114.97456104742508,938.8823041566782,1388105.90552,427014.4202650002,0.001,2028-11-07T00:00:00Z,HOLD,5.0,2.0
market_value_baseline,561986,Will Byron Donalds win the 2028 Republican presidential nomination?,will-byron-donalds-win-the-2028-republican-presidential-nomination,0.005499999970197678,0.7029397301375866,0.6378600823045267,0.632360082334329,114.97456104742508,938.8823041566782,1001106.16424,184200.233599,0.001,2028-11-07T00:00:00Z,HOLD,5.0,2.0
market_value_baseline,559689,Will Beto O’Rourke win the 2028 Democratic presidential nomination?,will-beto-orourke-win-the-2028-democratic-presidential-nomination,0.005499999970197678,0.714770894497633,0.6378600823045267,0.632360082334329,114.97456104742508,938.8823041566782,1121294.81966,135680.486332,0.001,2028-11-07T00:00:00Z,HOLD,5.0,2.0
market_value_baseline,559682,Will Hunter Biden win the 2028 Democratic presidential nomination?,will-person-a-win-the-2028-democratic-presidential-nomination,0.005499999970197678,0.7152527384459972,0.6378600823045267,0.632360082334329,114.97456104742508,938.8823041566782,1175844.67597,134459.08053300003,0.001,2028-11-07T00:00:00Z,HOLD,5.0,2.0
market_value_baseline,562002,Will Erika Kirk win the 2028 Republican presidential nomination?,will-erika-kirk-win-the-2028-republican-presidential-nomination,0.005499999970197678,0.6907696537673473,0.6378600823045267,0.632360082334329,114.97456104742508,938.8823041566782,1446747.13866,116659.534666,0.001,2028-11-07T00:00:00Z,HOLD,5.0,2.0
market_value_baseline,559679,Will Bernie Sanders win the 2028 Democratic presidential nomination?,will-bernie-sanders-win-the-2028-democratic-presidential-nomination-879,0.005499999970197678,0.7247469238936901,0.6378600823045267,0.632360082334329,114.97456104742508,938.8823041566782,2256502.13382,106773.87133100002,0.001,2028-11-07T00:00:00Z,HOLD,5.0,2.0
market_value_baseline,561263,Will Eric Trump win the 2028 US Presidential Election?,will-eric-trump-win-the-2028-us-presidential-election,0.005499999970197678,0.7289213351905346,0.6378600823045267,0.632360082334329,114.97456104742508,938.8823041566782,1457316.91942,99661.54286600002,0.001,2028-11-07T00:00:00Z,HOLD,5.0,2.0
market_value_baseline,561251,Will LeBron James win the 2028 US Presidential Election?,will-lebron-james-win-the-2028-us-presidential-election,0.005499999970197678,0.7179715447127819,0.6378600823045267,0.632360082334329,114.97456104742508,938.8823041566782,1505967.51749,91275.131466,0.001,2028-11-07T00:00:00Z,HOLD,5.0,2.0
market_value_baseline,561264,Will Pete Hegseth win the 2028 US Presidential Election?,will-pete-hegseth-win-the-2028-us-presidential-election,0.005499999970197678,0.6551372818648815,0.6378600823045267,0.632360082334329,114.97456104742508,938.8823041566782,966468.64782,60611.35999800001,0.001,2028-11-07T00:00:00Z,HOLD,5.0,2.0
market_value_baseline,562003,Will Kim Kardashian win the 2028 Republican presidential nomination?,will-kim-kardashian-win-the-2028-republican-presidential-nomination,0.005499999970197678,0.7016794495284557,0.6378600823045267,0.632360082334329,114.97456104742508,938.8823041566782,1630076.10212,13170.012066000001,0.001,2028-11-07T00:00:00Z,HOLD,5.0,2.0
market_value_baseline,561994,Will Kristi Noem win the 2028 Republican presidential nomination?,will-kristi-noem-win-the-2028-republican-presidential-nomination,0.006500000134110451,0.7117218319326639,0.6378600823045267,0.6313600821704163,97.13231832983958,938.8823041566782,1197325.30393,152270.48237399998,0.001,2028-11-07T00:00:00Z,HOLD,5.0,2.0
market_value_baseline,559690,Will Kim Kardashian win the 2028 Democratic presidential nomination?,will-kim-kardashian-win-the-2028-democratic-presidential-nomination,0.006500000134110451,0.7073715273290873,0.6378600823045267,0.6313600821704163,97.13231832983958,938.8823041566782,1904431.00371,144874.32490099999,0.001,2028-11-07T00:00:00Z,HOLD,5.0,2.0
market_value_baseline,559680,Will Phil Murphy win the 2028 Democratic presidential nomination?,will-phil-murphy-win-the-2028-democratic-presidential-nomination-611,0.006500000134110451,0.7173145357519388,0.6378600823045267,0.6313600821704163,97.13231832983958,938.8823041566782,1661447.22441,130477.16154400002,0.001,2028-11-07T00:00:00Z,HOLD,5.0,2.0
market_value_baseline,562008,Will Pete Hegseth win the 2028 Republican presidential nomination?,will-pete-hegseth-win-the-2028-republican-presidential-nomination,0.006500000134110451,0.7047633472830057,0.6378600823045267,0.6313600821704163,97.13231832983958,938.8823041566782,704378.3732,114773.334569,0.001,2028-11-07T00:00:00Z,HOLD,5.0,2.0
market_value_baseline,559692,Will Jasmine Crockett win the 2028 Democratic presidential nomination?,will-jasmine-crockett-win-the-2028-democratic-presidential-nomination,0.006500000134110451,0.6967654768377542,0.6378600823045267,0.6313600821704163,97.13231832983958,938.8823041566782,1408491.39863,114717.514842,0.001,2028-11-07T00:00:00Z,HOLD,5.0,2.0
market_value_baseline,559670,Will Gina Raimondo win the 2028 Democratic presidential nomination?,will-gina-raimondo-win-the-2028-democratic-presidential-nomination-676,0.006500000134110451,0.7060875836759806,0.6378600823045267,0.6313600821704163,97.13231832983958,938.8823041566782,1458061.75763,113053.81837499997,0.001,2028-11-07T00:00:00Z,HOLD,5.0,2.0
market_value_baseline,561991,Will Matt Gaetz win the 2028 Republican presidential nomination?,will-matt-gaetz-win-the-2028-republican-presidential-nomination,0.006500000134110451,0.7299953643232584,0.6378600823045267,0.6313600821704163,97.13231832983958,938.8823041566782,1169374.11551,99357.934947,0.001,2028-11-07T00:00:00Z,HOLD,5.0,2.0
market_value_baseline,561993,Will John Thune win the 2028 Republican presidential nomination?,will-john-thune-win-the-2028-republican-presidential-nomination,0.006500000134110451,0.7011967245489359,0.6378600823045267,0.6313600821704163,97.13231832983958,938.8823041566782,1535991.912,96793.550041,0.001,2028-11-07T00:00:00Z,HOLD,5.0,2.0
market_value_baseline,559674,Will Jared Polis win the 2028 Democratic presidential nomination?,will-jared-polis-win-the-2028-democratic-presidential-nomination-837,0.006500000134110451,0.7287315670400858,0.6378600823045267,0.6313600821704163,97.13231832983958,938.8823041566782,578739.04419,91879.67671100001,0.001,2028-11-07T00:00:00Z,HOLD,5.0,2.0
market_value_baseline,561248,Will Vivek Ramaswamy win the 2028 US Presidential Election?,will-vivek-ramaswamy-win-the-2028-us-presidential-election,0.006500000134110451,0.7053999248892069,0.6378600823045267,0.6313600821704163,97.13231832983958,938.8823041566782,1378942.52493,60481.906008000005,0.001,2028-11-07T00:00:00Z,HOLD,5.0,2.0
market_value_baseline,561256,Will Zohran Mamdani win the 2028 US Presidential Election?,will-zohran-mamdani-win-the-2028-us-presidential-election,0.006500000134110451,0.7227334324270487,0.6378600823045267,0.6313600821704163,97.13231832983958,938.8823041566782,965491.97471,49999.550397,0.001,2028-11-07T00:00:00Z,HOLD,5.0,2.0
market_value_baseline,562001,Will Steve Bannon win the 2028 Republican presidential nomination?,will-steve-bannon-win-the-2028-republican-presidential-nomination,0.006500000134110451,0.6965822521597147,0.6378600823045267,0.6313600821704163,97.13231832983958,938.8823041566782,1394778.87983,45241.9514,0.001,2028-11-07T00:00:00Z,HOLD,5.0,2.0
market_value_baseline,561987,Will Elise Stefanik win the 2028 Republican presidential nomination?,will-elise-stefanik-win-the-2028-republican-presidential-nomination,0.006500000134110451,0.7040861789137125,0.6378600823045267,0.6313600821704163,97.13231832983958,938.8823041566782,1333661.38507,37421.358379,0.001,2028-11-07T00:00:00Z,HOLD,5.0,2.0
market_value_baseline,561242,Will Tulsi Gabbard win the 2028 US Presidential Election?,will-tulsi-gabbard-win-the-2028-us-presidential-election,0.006500000134110451,0.7119836155325174,0.6378600823045267,0.6313600821704163,97.13231832983958,938.8823041566782,1090194.95679,21731.762372000005,0.001,2028-11-07T00:00:00Z,HOLD,5.0,2.0
market_value_baseline,561238,Will Glenn Youngkin win the 2028 US Presidential Election?,will-glenn-youngkin-win-the-2028-us-presidential-election,0.006500000134110451,0.7115184012800455,0.6378600823045267,0.6313600821704163,97.13231832983958,938.8823041566782,834255.15202,19078.483761,0.001,2028-11-07T00:00:00Z,HOLD,5.0,2.0
market_value_baseline,561247,Will Tim Walz win the 2028 US Presidential Election?,will-tim-walz-win-the-2028-us-presidential-election,0.006500000134110451,0.7321172300726175,0.6378600823045267,0.6313600821704163,97.13231832983958,938.8823041566782,1752606.90851,18792.166969,0.001,2028-11-07T00:00:00Z,HOLD,5.0,2.0
market_value_baseline,562007,Will Joe Kent win the 2028 Republican presidential nomination?,will-joe-kent-win-the-2028-republican-presidential-nomination,0.007000000216066837,0.6585069606080651,0.6378600823045267,0.6308600820884599,90.12286608798532,938.8823041566782,326829.83376,146753.725167,0.002,2028-11-07T00:00:00Z,HOLD,5.0,2.0
market_value_baseline,561240,Will Stephen Smith win the 2028 US Presidential Election?,will-stephen-smith-win-the-2028-us-presidential-election,0.007499999832361937,0.7021147082559764,0.6378600823045267,0.6303600824721648,84.04801287490812,938.8823041566782,773192.55343,425641.164327,0.001,2028-11-07T00:00:00Z,HOLD,5.0,2.0
market_value_baseline,561988,Will Josh Hawley win the 2028 Republican presidential nomination?,will-josh-hawley-win-the-2028-republican-presidential-nomination,0.007499999832361937,0.7113540242426097,0.6378600823045267,0.6303600824721648,84.04801287490812,938.8823041566782,433907.73235,276358.098418,0.001,2028-11-07T00:00:00Z,HOLD,5.0,2.0
market_value_baseline,561984,Will Robert F. Kennedy Jr. win the 2028 Republican presidential nomination?,will-robert-f-kennedy-jr-win-the-2028-republican-presidential-nomination,0.007499999832361937,0.7154822419397533,0.6378600823045267,0.6303600824721648,84.04801287490812,938.8823041566782,1122807.75132,67416.840425,0.001,2028-11-07T00:00:00Z,HOLD,5.0,2.0
market_value_baseline,559671,Will Zohran Mamdani win the 2028 Democratic presidential nomination?,will-zohran-mamdani-win-the-2028-democratic-presidential-nomination-445,0.007499999832361937,0.7237795661203563,0.6378600823045267,0.6303600824721648,84.04801287490812,938.8823041566782,1217263.23346,55951.962997,0.001,2028-11-07T00:00:00Z,HOLD,5.0,2.0
market_value_baseline,559677,Will Hillary Clinton win the 2028 Democratic presidential nomination?,will-hillary-clinton-win-the-2028-democratic-presidential-nomination,0.007499999832361937,0.7162205646745861,0.6378600823045267,0.6303600824721648,84.04801287490812,938.8823041566782,1605103.85493,42105.02328,0.001,2028-11-07T00:00:00Z,HOLD,5.0,2.0
market_value_baseline,559664,Will Raphael Warnock win the 2028 Democratic presidential nomination?,will-raphael-warnock-win-the-2028-democratic-presidential-nomination-914,0.007499999832361937,0.7101278374902904,0.6378600823045267,0.6303600824721648,84.04801287490812,938.8823041566782,858819.66049,39174.270282,0.001,2028-11-07T00:00:00Z,HOLD,5.0,2.0
market_value_baseline,559676,Will Barack Obama win the 2028 Democratic presidential nomination?,will-barack-obama-win-the-2028-democratic-presidential-nomination-265,0.007499999832361937,0.7133435676805675,0.6378600823045267,0.6303600824721648,84.04801287490812,938.8823041566782,1873267.86265,38873.774281000005,0.001,2028-11-07T00:00:00Z,HOLD,5.0,2.0
market_value_baseline,559666,Will Tim Walz win the 2028 Democratic presidential nomination?,will-tim-walz-win-the-2028-democratic-presidential-nomination-475,0.007499999832361937,0.7311695883981884,0.6378600823045267,0.6303600824721648,84.04801287490812,938.8823041566782,1281540.09263,37307.903709,0.001,2028-11-07T00:00:00Z,HOLD,5.0,2.0
market_value_baseline,562006,Will Eric Trump win the 2028 Republican presidential nomination?,will-eric-trump-win-the-2028-republican-presidential-nomination,0.007499999832361937,0.7312753270380199,0.6378600823045267,0.6303600824721648,84.04801287490812,938.8823041566782,1202263.65465,26267.156566,0.001,2028-11-07T00:00:00Z,HOLD,5.0,2.0
market_value_baseline,561245,Will Nikki Haley win the 2028 US Presidential Election?,will-nikki-haley-win-the-2028-us-presidential-election,0.007499999832361937,0.7312555382959545,0.6378600823045267,0.6303600824721648,84.04801287490812,938.8823041566782,1450115.23647,14583.969996000002,0.001,2028-11-07T00:00:00Z,HOLD,5.0,2.0
market_value_baseline,559683,Will George Clooney win the 2028 Democratic presidential nomination?,will-george-clooney-win-the-2028-democratic-presidential-nomination,0.007499999832361937,0.7067399094812572,0.6378600823045267,0.6303600824721648,84.04801287490812,938.8823041566782,718118.2335,12077.919565,0.001,2028-11-07T00:00:00Z,HOLD,5.0,2.0
market_value_baseline,559688,Will Andrew Yang win the 2028 Democratic presidential nomination?,will-andrew-yang-win-the-2028-democratic-presidential-nomination,0.007499999832361937,0.7067838977091014,0.6378600823045267,0.6303600824721648,84.04801287490812,938.8823041566782,1185167.60843,11870.374854000002,0.001,2028-11-07T00:00:00Z,HOLD,5.0,2.0
market_value_baseline,561992,Will Katie Britt win the 2028 Republican presidential nomination?,will-katie-britt-win-the-2028-republican-presidential-nomination,0.007499999832361937,0.697486765217036,0.6378600823045267,0.6303600824721648,84.04801287490812,938.8823041566782,1565682.18874,11611.28385,0.001,2028-11-07T00:00:00Z,HOLD,5.0,2.0
market_value_baseline,559685,Will MrBeast win the 2028 Democratic presidential nomination?,will-mrbeast-win-the-2028-democratic-presidential-nomination,0.007499999832361937,0.7389901946298778,0.6378600823045267,0.6303600824721648,84.04801287490812,938.8823041566782,1193455.63522,11241.245996000001,0.001,2028-11-07T00:00:00Z,HOLD,5.0,2.0
market_value_baseline,559684,Will Chelsea Clinton win the 2028 Democratic presidential nomination?,will-chelsea-clinton-win-the-2028-democratic-presidential-nomination,0.008500000461935997,0.7236150112003088,0.6378600823045267,0.6293600818425907,74.04235854585411,938.8823041566782,577312.20676,90074.87773600001,0.001,2028-11-07T00:00:00Z,HOLD,5.0,2.0
market_value_baseline,559672,Will Roy Cooper win the 2028 Democratic presidential nomination?,will-roy-cooper-win-the-2028-democratic-presidential-nomination-286,0.008500000461935997,0.7210335936397314,0.6378600823045267,0.6293600818425907,74.04235854585411,938.8823041566782,1243506.21224,47097.63398599999,0.001,2028-11-07T00:00:00Z,HOLD,5.0,2.0
market_value_baseline,559691,Will Chris Murphy win the 2028 Democratic presidential nomination?,will-chris-murphy-win-the-2028-democratic-presidential-nomination,0.008500000461935997,0.7373302783817053,0.6378600823045267,0.6293600818425907,74.04235854585411,938.8823041566782,860814.43863,39073.117805,0.001,2028-11-07T00:00:00Z,HOLD,5.0,2.0
market_value_baseline,559678,Will Liz Cheney win the 2028 Democratic presidential nomination?,will-liz-cheney-win-the-2028-democratic-presidential-nomination-551,0.008500000461935997,0.7177881803363562,0.6378600823045267,0.6293600818425907,74.04235854585411,938.8823041566782,1051026.1386,38078.212486,0.001,2028-11-07T00:00:00Z,HOLD,5.0,2.0
market_value_baseline,561244,Will Donald Trump Jr. win the 2028 US Presidential Election?,will-donald-trump-jr-win-the-2028-us-presidential-election,0.008500000461935997,0.7281539645045996,0.6378600823045267,0.6293600818425907,74.04235854585411,938.8823041566782,1074572.80561,35781.00180300001,0.001,2028-11-07T00:00:00Z,HOLD,5.0,2.0
market_value_baseline,559669,Will Rahm Emanuel win the 2028 Democratic presidential nomination?,will-rahm-emanuel-win-the-2028-democratic-presidential-nomination-299,0.008500000461935997,0.726195951923728,0.6378600823045267,0.6293600818425907,74.04235854585411,938.8823041566782,890650.58357,23480.473471,0.001,2028-11-07T00:00:00Z,HOLD,5.0,2.0
market_value_baseline,561259,Will Ro Khanna win the 2028 US Presidential Election?,will-ro-khanna-win-the-2028-us-presidential-election,0.008500000461935997,0.7200086917728186,0.6378600823045267,0.6293600818425907,74.04235854585411,938.8823041566782,1288983.73018,20718.623430000007,0.001,2028-11-07T00:00:00Z,HOLD,5.0,2.0
market_value_baseline,561235,Will Wes Moore win the 2028 US Presidential Election?,will-wes-moore-win-the-2028-us-presidential-election,0.008500000461935997,0.7087384071201086,0.6378600823045267,0.6293600818425907,74.04235854585411,938.8823041566782,1037148.16501,12061.801861000004,0.001,2028-11-07T00:00:00Z,HOLD,5.0,2.0
market_value_baseline,561260,Will Thomas Massie win the 2028 US Presidential Election?,will-thomas-massie-win-the-2028-us-presidential-election,0.009499999694526196,0.7166710225865245,0.6378600823045267,0.6283600826100005,66.14316871736905,938.8823041566782,732910.10251,60653.811583,0.001,2028-11-07T00:00:00Z,HOLD,5.0,2.0
market_value_baseline,561989,Will Ted Cruz win the 2028 Republican presidential nomination?,will-ted-cruz-win-the-2028-republican-presidential-nomination,0.009499999694526196,0.7193184224888682,0.6378600823045267,0.6283600826100005,66.14316871736905,938.8823041566782,757948.31074,22345.055884999998,0.001,2028-11-07T00:00:00Z,HOLD,5.0,2.0
market_value_baseline,561236,Will Gretchen Whitmer win the 2028 US Presidential Election?,will-gretchen-whitmer-win-the-2028-us-presidential-election,0.009499999694526196,0.7354598371312022,0.6378600823045267,0.6283600826100005,66.14316871736905,938.8823041566782,857920.7813,17687.682101000002,0.001,2028-11-07T00:00:00Z,HOLD,5.0,2.0
market_value_baseline,561258,Will Jamie Dimon win the 2028 US Presidential Election?,will-jamie-dimon-win-the-2028-us-presidential-election,0.009499999694526196,0.7194145051762462,0.6378600823045267,0.6283600826100005,66.14316871736905,938.8823041566782,615480.59967,14828.787209000002,0.001,2028-11-07T00:00:00Z,HOLD,5.0,2.0
market_value_baseline,559673,Will John Fetterman win the 2028 Democratic presidential nomination?,will-john-fetterman-win-the-2028-democratic-presidential-nomination-941,0.009499999694526196,0.7322478024289012,0.6378600823045267,0.6283600826100005,66.14316871736905,938.8823041566782,886161.03733,14727.34611,0.001,2028-11-07T00:00:00Z,HOLD,5.0,2.0
market_value_baseline,561257,Will Michelle Obama win the 2028 US Presidential Election?,will-michelle-obama-win-the-2028-us-presidential-election,0.009499999694526196,0.7280283300206065,0.6378600823045267,0.6283600826100005,66.14316871736905,938.8823041566782,1487159.48647,13224.866388,0.002,2028-11-07T00:00:00Z,HOLD,5.0,2.0
market_value_baseline,561250,Will Elon Musk win the 2028 US Presidential Election?,will-elon-musk-win-the-2028-us-presidential-election,0.009499999694526196,0.7303765742108226,0.6378600823045267,0.6283600826100005,66.14316871736905,938.8823041566782,1128942.07032,12601.224772999996,0.001,2028-11-07T00:00:00Z,HOLD,5.0,2.0
market_value_baseline,559665,Will Cory Booker win the 2028 Democratic presidential nomination?,will-corey-booker-win-the-2028-democratic-presidential-nomination-125,0.010499999858438969,0.72481142077595,0.6378600823045267,0.6273600824460878,59.74858008611032,938.8823041566782,1196559.14029,13130.034426,0.001,2028-11-07T00:00:00Z,HOLD,5.0,2.0
market_value_baseline,561990,Will Elon Musk win the 2028 Republican presidential nomination?,will-elon-musk-win-the-2028-republican-presidential-nomination,0.010999999940395355,0.7216142639517784,0.6378600823045267,0.6268600823641314,56.98728052371254,938.8823041566782,1468074.43604,327488.310096,0.001,2028-11-07T00:00:00Z,HOLD,5.0,2.0
market_value_baseline,561976,Will Tulsi Gabbard win the 2028 Republican presidential nomination?,will-tulsi-gabbard-win-the-2028-republican-presidential-nomination,0.011500000022351742,0.7056744089350104,0.6378600823045267,0.626360082282175,54.46609400563156,938.8823041566782,1318573.79264,133584.467544,0.001,2028-11-07T00:00:00Z,HOLD,5.0,2.0
market_value_baseline,561252,Will Dwayne 'The Rock' Johnson win the 2028 US Presidential Election?,will-dwayne-the-rock-johnson-win-the-2028-us-presidential-election,0.012500000186264515,0.7535679461434484,0.6378600823045267,0.6253600821182622,50.02880582397368,938.8823041566782,370608.72329,26252.280657,0.001,2028-11-07T00:00:00Z,HOLD,5.0,2.0
market_value_baseline,559656,Will Wes Moore win the 2028 Democratic presidential nomination?,will-wes-moore-win-the-2028-democratic-presidential-nomination-714,0.012500000186264515,0.710587871260941,0.6378600823045267,0.6253600821182622,50.02880582397368,938.8823041566782,634994.74715,23989.306349000002,0.001,2028-11-07T00:00:00Z,HOLD,5.0,2.0
market_value_baseline,559693,Will Ruben Gallego win the 2028 Democratic presidential nomination?,will-ruben-gallego-win-the-2028-democratic-presidential-nomination,0.012500000186264515,0.7334038140252233,0.6378600823045267,0.6253600821182622,50.02880582397368,938.8823041566782,285840.37677,21681.647359,0.001,2028-11-07T00:00:00Z,HOLD,5.0,2.0
market_value_baseline,559659,Will Gretchen Whitmer win the 2028 Democratic presidential nomination?,will-gretchen-whitmer-win-the-2028-democratic-presidential-nomination-676,0.013000000268220901,0.7388362176716328,0.6378600823045267,0.6248600820363058,48.06615916491979,938.8823041566782,586467.3406,30860.796139,0.001,2028-11-07T00:00:00Z,HOLD,5.0,2.0
market_value_baseline,561241,Will JB Pritzker win the 2028 US Presidential Election?,will-jb-pritzker-win-the-2028-us-presidential-election,0.013500000350177288,0.7281443132087588,0.6378600823045267,0.6243600819543494,46.248893759928684,938.8823041566782,387993.76556,36514.686327,0.001,2028-11-07T00:00:00Z,HOLD,5.0,2.0
market_value_baseline,561237,Will Andy Beshear win the 2028 US Presidential Election?,will-andy-beshear-win-the-2028-us-presidential-election,0.014000000432133675,0.7248982209712267,0.6378600823045267,0.6238600818723931,44.56143304399266,938.8823041566782,490046.56812,372903.72786399996,0.001,2028-11-07T00:00:00Z,HOLD,5.0,2.0
market_value_baseline,559694,Will Ro Khanna win the 2028 Democratic presidential nomination?,will-ro-khanna-win-the-2028-democratic-presidential-nomination,0.014999999664723873,0.7236422440037131,0.6378600823045267,0.6228600826398029,41.52400643745406,938.8823041566782,275384.20685,491982.584436,0.002,2028-11-07T00:00:00Z,HOLD,5.0,2.0
market_value_baseline,561232,Will Pete Buttigieg win the 2028 US Presidential Election?,will-pete-buttigieg-win-the-2028-us-presidential-election,0.01549999974668026,0.7397712972015142,0.6378600823045267,0.6223600825578465,40.15226404704565,938.8823041566782,559656.48609,30206.806059000002,0.001,2028-11-07T00:00:00Z,HOLD,5.0,2.0
market_value_baseline,561973,Will Donald Trump win the 2028 Republican presidential nomination?,will-donald-trump-win-the-2028-republican-presidential-nomination,0.016499999910593033,0.7413318790495396,0.6378600823045267,0.6213600823939337,37.658187015808366,938.8823041566782,573125.98252,15120.978339,0.002,2028-11-07T00:00:00Z,HOLD,5.0,2.0
market_value_baseline,559668,Will Mark Kelly win the 2028 Democratic presidential nomination?,will-mark-kelly-win-the-2028-democratic-presidential-nomination-479,0.017500000074505806,0.7302038837224245,0.6378600823045267,0.6203600822300209,35.44914740507735,938.8823041566782,337373.53604,350222.25899899995,0.001,2028-11-07T00:00:00Z,HOLD,5.0,2.0
market_value_baseline,559657,Will Stephen A. Smith win the 2028 Democratic presidential nomination?,will-stephen-a-smith-win-the-2028-democratic-presidential-nomination-914,0.017999999225139618,0.7189149782061577,0.6378600823045267,0.6198600830793871,34.43667276461114,938.8823041566782,309916.32729,522671.1425849999,0.001,2028-11-07T00:00:00Z,HOLD,5.0,2.0
market_value_baseline,559660,Will Andy Beshear win the 2028 Democratic presidential nomination?,will-andy-beshear-win-the-2028-democratic-presidential-nomination-832,0.020500000566244125,0.7228741608560085,0.6378600823045267,0.6173600817382826,30.115125106622923,938.8823041566782,599041.05792,20243.849391000003,0.001,2028-11-07T00:00:00Z,HOLD,5.0,2.0
market_value_baseline,561233,Will Josh Shapiro win the 2028 US Presidential Election?,will-josh-shapiro-win-the-2028-us-presidential-election,0.020500000566244125,0.7385073862969875,0.6378600823045267,0.6173600817382826,30.115125106622923,938.8823041566782,375140.60183,14017.629873,0.001,2028-11-07T00:00:00Z,HOLD,5.0,2.0
market_value_baseline,559675,Will Jon Stewart win the 2028 Democratic presidential nomination?,will-jon-stewart-win-the-2028-democratic-presidential-nomination-518,0.02199999988079071,0.7455791682004929,0.6378600823045267,0.615860082423736,27.99364026185627,938.8823041566782,870126.7463,478280.060676,0.002,2028-11-07T00:00:00Z,HOLD,5.0,2.0
market_value_baseline,559695,Will James Talarico win the 2028 Democratic presidential nomination?,will-james-talarico-win-the-2028-democratic-presidential-nomination,0.02250000089406967,0.7368999943137169,0.6378600823045267,0.6153600814104571,27.349335864810904,938.8823041566782,319060.66719,245412.187292,0.002,2028-11-07T00:00:00Z,HOLD,5.0,2.0
market_value_baseline,561979,Will Ron DeSantis win the 2028 Republican presidential nomination?,will-ron-desantis-win-the-2028-republican-presidential-nomination,0.025499999523162842,0.7403411865234375,0.6378600823045267,0.6123600827813639,24.014121342438795,938.8823041566782,355329.72975,586630.4877050001,0.002,2028-11-07T00:00:00Z,HOLD,5.0,2.0
market_value_baseline,561253,Will Tucker Carlson win the 2028 US Presidential Election?,will-tucker-carlson-win-the-2028-us-presidential-election,0.026000000536441803,0.7693453207612038,0.6378600823045267,0.6118600817680849,23.533079582459894,938.8823041566782,255014.43129,16325.685371,0.002,2028-11-07T00:00:00Z,HOLD,5.0,2.0
market_value_baseline,561239,Will Kamala Harris win the 2028 US Presidential Election?,will-kamala-harris-win-the-2028-us-presidential-election,0.030500000342726707,0.7374286111444235,0.6378600823045267,0.6073600819618,19.91344508645674,938.8823041566782,279348.80754,18992.029363000012,0.001,2028-11-07T00:00:00Z,HOLD,5.0,2.0
market_value_baseline,561974,Will J.D. Vance win the 2028 Republican presidential nomination?,will-jd-vance-win-the-2028-republican-presidential-nomination,0.3785000145435333,0.999999,0.9855403348554034,0.60704032031187,1.6038052760551509,938.8823041566782,292152.32977,420638.46764600027,0.001,2028-11-07T00:00:00Z,HOLD,1.6038052760551509,2.0
market_value_baseline,561975,Will Marco Rubio win the 2028 Republican presidential nomination?,will-marco-rubio-win-the-2028-republican-presidential-nomination,0.2175000011920929,0.9529933631420135,0.8181818181818182,0.6006818169897253,2.761755465275661,938.8823041566782,329968.7385,77646.71647200003,0.001,2028-11-07T00:00:00Z,HOLD,2.761755465275661,2.0
market_value_baseline,559655,Will Josh Shapiro win the 2028 Democratic presidential nomination?,will-josh-shapiro-win-the-2028-democratic-presidential-nomination-977,0.03849999979138374,0.7510826475918293,0.6378600823045267,0.599360082513143,15.56779443534644,938.8823041566782,452954.09482,129946.037918,0.001,2028-11-07T00:00:00Z,HOLD,5.0,2.0
market_value_baseline,559658,Will Kamala Harris win the 2028 Democratic presidential nomination?,will-kamala-harris-win-the-2028-democratic-presidential-nomination-641,0.042500000447034836,0.7428793124854565,0.6378600823045267,0.5953600818574919,14.008472366946277,938.8823041566782,350530.15323,11112.751082000002,0.001,2028-11-07T00:00:00Z,HOLD,5.0,2.0
market_value_baseline,561261,Will Jon Ossoff win the 2028 US Presidential Election?,will-jon-ossoff-win-the-2028-us-presidential-election,0.04399999976158142,0.7894449532032013,0.6378600823045267,0.5938600825429453,13.496820130928135,938.8823041566782,408175.2476,16656.261362,0.002,2028-11-07T00:00:00Z,HOLD,5.0,2.0
market_value_baseline,561996,Will Tucker Carlson win the 2028 Republican presidential nomination?,will-tucker-carlson-win-the-2028-republican-presidential-nomination,0.04650000110268593,0.80147859826684,0.6378600823045267,0.5913600812018408,12.717420799538061,938.8823041566782,300484.16821,12696.846172,0.002,2028-11-07T00:00:00Z,HOLD,5.0,2.0
market_value_baseline,559653,Will Alexandria Ocasio-Cortez win the 2028 Democratic presidential nomination?,will-alexandria-ocasio-cortez-win-the-2028-democratic-presidential-nomination-653,0.07699999958276749,0.8259210959076881,0.6666666666666666,0.5896666670838991,7.658008704922978,938.8823041566782,479288.23318,503896.7099250002,0.001,2028-11-07T00:00:00Z,HOLD,5.0,2.0
market_value_baseline,561231,Will Alexandria Ocasio-Cortez win the 2028 US Presidential Election?,will-alexandria-ocasio-cortez-win-the-2028-us-presidential-election,0.05900000035762787,0.8059027045965195,0.6378600823045267,0.5788600819468989,9.811187770138046,938.8823041566782,458875.28425,29498.899476999995,0.002,2028-11-07T00:00:00Z,HOLD,5.0,2.0
market_value_baseline,561234,Will Marco Rubio win the 2028 US Presidential Election?,will-marco-rubio-win-the-2028-us-presidential-election,0.10249999910593033,0.8241281285881996,0.6666666666666666,0.5641666675607363,5.5040650973829655,938.8823041566782,335227.75799,56815.09927300002,0.001,2028-11-07T00:00:00Z,HOLD,5.0,2.0
market_value_baseline,561230,Will Gavin Newsom win the 2028 US Presidential Election?,will-gavin-newsom-win-the-2028-us-presidential-election,0.16850000619888306,0.9173924326896667,0.7297297297297297,0.5612297235308467,3.33074007646278,938.8823041566782,435360.42749,507564.36327299994,0.001,2028-11-07T00:00:00Z,HOLD,3.33074007646278,2.0
market_value_baseline,1818149,Genius FDV above $200M one day after launch?,genius-fdv-above-200m-one-day-after-launch,0.4465000033378601,0.999999,0.9855403348554034,0.5390403315175433,1.2072571724252805,628.0906374900115,23646.64513,11966.910000000002,0.015,2028-01-01T05:00:00Z,HOLD,1.2072571724252805,2.0
market_value_baseline,1818151,Genius FDV above $500M one day after launch?,genius-fdv-above-500m-one-day-after-launch,0.11050000041723251,0.7685993537306786,0.6378600823045267,0.5273600818872942,4.772489410824041,628.0906374900115,19992.22425,19191.695553999998,0.057,2028-01-01T05:00:00Z,HOLD,4.772489410824041,2.0
market_value_baseline,1811266,"Will China invade Taiwan by June 30, 2027?",will-china-invade-taiwan-by-june-30-2027,0.1550000011920929,0.6465573012828827,0.6378600823045267,0.48286008111243384,3.1152263057986755,442.88230415667823,110657.4524,37169.623276,0.01,2027-06-30T00:00:00Z,HOLD,3.1152263057986755,2.0
market_value_baseline,679039,Will Michel Barnier win the 2027 French presidential election?,will-michel-barnier-win-the-2027-french-presidential-election,0.005499999970197678,0.3712875358760357,0.4827586206896551,0.4772586207194574,86.77429514646053,381.88230415667823,117280.14457,28595.22140000001,0.001,2027-04-30T00:00:00Z,HOLD,5.0,2.0
market_value_baseline,679038,Will Nicolas Dupont-Aignan win the 2027 French presidential election?,will-nicolas-dupont-aignan-win-the-2027-french-presidential-election,0.005499999970197678,0.3788142316043377,0.4827586206896551,0.4772586207194574,86.77429514646053,381.88230415667823,89490.5116,26184.567600000002,0.001,2027-04-30T00:00:00Z,HOLD,5.0,2.0
market_value_baseline,679041,Will François Bayrou win the 2027 French presidential election?,will-franois-bayrou-win-the-2027-french-presidential-election,0.005499999970197678,0.35516394302248955,0.4827586206896551,0.4772586207194574,86.77429514646053,381.88230415667823,153549.9697,19789.5482,0.001,2027-04-30T00:00:00Z,HOLD,5.0,2.0
market_value_baseline,679042,Will Élisabeth Borne win the 2027 French presidential election?,will-lisabeth-borne-win-the-2027-french-presidential-election,0.005499999970197678,0.34967057034373283,0.4827586206896551,0.4772586207194574,86.77429514646053,381.88230415667823,125360.76005,17162.2694,0.001,2027-04-30T00:00:00Z,HOLD,5.0,2.0
market_value_baseline,679024,Will Laurent Wauquiez win the 2027 French presidential election?,will-laurent-wauquiez-win-the-2027-french-presidential-election,0.005499999970197678,0.37261004373431206,0.4827586206896551,0.4772586207194574,86.77429514646053,381.88230415667823,90126.42046,14819.538733,0.001,2027-04-30T00:00:00Z,HOLD,5.0,2.0
market_value_baseline,679036,Will François Asselineau win the 2027 French presidential election?,will-franois-asselineau-win-the-2027-french-presidential-election,0.005499999970197678,0.3709951750934124,0.4827586206896551,0.4772586207194574,86.77429514646053,381.88230415667823,114033.79111,14451.138599999998,0.001,2027-04-30T00:00:00Z,HOLD,5.0,2.0
market_value_baseline,679035,Will Ségolène Royal win the 2027 French presidential election?,will-sgolne-royal-win-the-2027-french-presidential-election,0.006500000134110451,0.35915699042379856,0.4827586206896551,0.47625862055554463,73.2705554967996,381.88230415667823,129659.42185,235905.172764,0.001,2027-04-30T00:00:00Z,HOLD,5.0,2.0
market_value_baseline,679040,Will Valérie Pécresse win the 2027 French presidential election?,will-valrie-pcresse-win-the-2027-french-presidential-election,0.006500000134110451,0.3842493835836649,0.4827586206896551,0.47625862055554463,73.2705554967996,381.88230415667823,105881.71492,189908.50986599998,0.001,2027-04-30T00:00:00Z,HOLD,5.0,2.0
market_value_baseline,679033,Will Olivier Faure win the 2027 French presidential election?,will-olivier-faure-win-the-2027-french-presidential-election,0.006500000134110451,0.40262889303267,0.4827586206896551,0.47625862055554463,73.2705554967996,381.88230415667823,100628.92673,171251.86554099998,0.001,2027-04-30T00:00:00Z,HOLD,5.0,2.0
market_value_baseline,679048,Will Manuel Bompard win the 2027 French presidential election?,will-manuel-bompard-win-the-2027-french-presidential-election,0.006500000134110451,0.3670733217149973,0.4827586206896551,0.47625862055554463,73.2705554967996,381.88230415667823,87677.4082,135750.841849,0.001,2027-04-30T00:00:00Z,HOLD,5.0,2.0
market_value_baseline,679023,Will Xavier Bertrand win the 2027 French presidential election?,will-xavier-bertrand-win-the-2027-french-presidential-election,0.006500000134110451,0.36249216832220554,0.4827586206896551,0.47625862055554463,73.2705554967996,381.88230415667823,105476.64164,119942.70136600002,0.001,2027-04-30T00:00:00Z,HOLD,5.0,2.0
market_value_baseline,679037,Will Clémentine Autain win the 2027 French presidential election?,will-clmentine-autain-win-the-2027-french-presidential-election,0.006500000134110451,0.37094672955572605,0.4827586206896551,0.47625862055554463,73.2705554967996,381.88230415667823,146725.06045,21087.497135000005,0.001,2027-04-30T00:00:00Z,HOLD,5.0,2.0
market_value_baseline,679053,Will Clémence Guetté win the 2027 French presidential election?,will-clmence-guett-win-the-2027-french-presidential-election,0.006500000134110451,0.370268190279603,0.4827586206896551,0.47625862055554463,73.2705554967996,381.88230415667823,111813.59224,16775.891779000005,0.001,2027-04-30T00:00:00Z,HOLD,5.0,2.0
market_value_baseline,679043,Will Yaël Braun-Pivet win the 2027 French presidential election?,will-yal-braun-pivet-win-the-2027-french-presidential-election,0.006500000134110451,0.36939441598951817,0.4827586206896551,0.47625862055554463,73.2705554967996,381.88230415667823,124925.81208,11964.736993000004,0.001,2027-04-30T00:00:00Z,HOLD,5.0,2.0
market_value_baseline,679020,Will Éric Zemmour win the 2027 French presidential election?,will-ric-zemmour-win-the-2027-french-presidential-election,0.007499999832361937,0.3653773437254131,0.4827586206896551,0.47525862085729315,63.36781753068685,381.88230415667823,75745.21586,11481.530571,0.001,2027-04-30T00:00:00Z,HOLD,5.0,2.0
market_value_baseline,679032,Will Fabien Roussel win the 2027 French presidential election?,will-fabien-roussel-win-the-2027-french-presidential-election,0.009499999694526196,0.391469600610435,0.4827586206896551,0.4732586209951289,49.816698548718456,381.88230415667823,133849.65009,246524.31696700002,0.001,2027-04-30T00:00:00Z,HOLD,5.0,2.0
market_value_baseline,1818150,Genius FDV above $300M one day after launch?,genius-fdv-above-300m-one-day-after-launch,0.17499999701976776,0.764820322394371,0.6378600823045267,0.46286008528475897,2.6449148180983966,628.0906374900115,14356.3215,33286.020199000006,0.06,2028-01-01T05:00:00Z,HOLD,2.6449148180983966,2.0
market_value_baseline,1393068,"Will Bitcoin reach $500,000 by December 31, 2026?",will-bitcoin-reach-500000-by-december-31-2026-864,0.0215000007301569,0.3062033448368311,0.4827586206896551,0.4612586199594982,21.453888571850857,263.0906374900116,121391.09757,10876.972435000003,0.001,2027-01-01T05:00:00Z,HOLD,5.0,2.0
market_value_baseline,929498,Will SpaceX's public ticker be $SPACE?,will-spacexs-public-ticker-be-space-625,0.02250000089406967,0.553432010114193,0.4827586206896551,0.4602586197955854,20.455937844735633,626.8823041566782,15979.40437,10815.644678,0.006,2027-12-31T00:00:00Z,HOLD,5.0,2.0
market_value_baseline,1818152,Genius FDV above $1B one day after launch?,genius-fdv-above-1b-one-day-after-launch,0.03350000083446503,0.5977969020605087,0.4857142857142857,0.4522142848798207,13.498933540759186,628.0906374900115,23002.65242,14670.880245,0.027,2028-01-01T05:00:00Z,HOLD,5.0,2.0
market_value_baseline,703258,Will Jesus Christ return before 2027?,will-jesus-christ-return-before-2027,0.03849999979138374,0.31365760043263435,0.4827586206896551,0.44425862089827134,11.539185020922933,261.88230415667823,1640384.36377,79317.59563699998,0.001,2026-12-31T00:00:00Z,HOLD,5.0,2.0
market_value_baseline,1105751,Will Evan Pettus be the leader of Venezuela end of 2026?,will-evan-pettus-be-the-leader-of-venezuela-end-of-2026,0.0005000000237487257,0.2597408359288238,0.4382470119521913,0.43774701192844256,875.4939822731524,261.88230415667823,95856.31665,105701.75999999998,0.001,2026-12-31T00:00:00Z,HOLD,5.0,2.0
market_value_baseline,1105754,Will Richard Grenell be the leader of Venezuela end of 2026?,will-richard-grenell-be-the-leader-of-venezuela-end-of-2026,0.0005000000237487257,0.24419677903642878,0.4382470119521913,0.43774701192844256,875.4939822731524,261.88230415667823,104415.07464,26000.0,0.001,2026-12-31T00:00:00Z,HOLD,5.0,2.0
market_value_baseline,1130018,Will Civic Platform (GP) gain the most seats in the next Russian parliamentary election?,will-civic-platform-gp-gain-the-most-seats-in-the-next-russian-parliamentary-election,0.001500000013038516,0.19359080935828388,0.4382470119521913,0.4367470119391528,291.16467209519834,169.88230415667823,37673.62739,19756.399,0.001,2026-09-30T00:00:00Z,HOLD,5.0,2.0
market_value_baseline,1500757,Will Christopher Waller be confirmed as Fed Chair?,will-christopher-waller-be-confirmed-as-fed-chair,0.0020000000949949026,0.18997282884083688,0.4382470119521913,0.4362470118571964,218.1234955682881,200.88230415667826,69483.38155,132805.71433199986,0.002,2026-10-31T00:00:00Z,HOLD,5.0,2.0
market_value_baseline,1500768,Will Scott Bessent be confirmed as Fed Chair?,will-scott-bessent-be-confirmed-as-fed-chair,0.0024999999441206455,0.19104904169216752,0.4382470119521913,0.43574701200807064,174.29880869911023,200.88230415667826,237322.60516,105225.97116599997,0.001,2026-10-31T00:00:00Z,HOLD,5.0,2.0
market_value_baseline,1105740,Will Edmundo González be the leader of Venezuela end of 2026?,will-edmundo-gonzlez-be-the-leader-of-venezuela-end-of-2026,0.0024999999441206455,0.23012548917904496,0.4382470119521913,0.43574701200807064,174.29880869911023,261.88230415667823,54761.92506,18666.430666,0.001,2026-12-31T00:00:00Z,HOLD,5.0,2.0
market_value_baseline,1500756,Will Kevin Hassett be confirmed as Fed Chair?,will-kevin-hassett-be-confirmed-as-fed-chair,0.0024999999441206455,0.1915639960207045,0.4382470119521913,0.43574701200807064,174.29880869911023,200.88230415667826,83491.52424,16582.576665,0.001,2026-10-31T00:00:00Z,HOLD,5.0,2.0
market_value_baseline,898423,Will Pierre Gasly be the 2026 F1 Drivers' Champion?,will-pierre-gasly-be-the-2026-f1-drivers-champion,0.0035000001080334187,0.2369275246746838,0.4382470119521913,0.43474701184415787,124.21342812141617,236.88230415667826,642874.69142,161156.15386399988,0.001,2026-12-06T00:00:00Z,HOLD,5.0,2.0
market_value_baseline,898426,Will Arvid Lindblad be the 2026 F1 Drivers' Champion?,will-arvid-lindblad-be-the-2026-f1-drivers-champion,0.0035000001080334187,0.23755158530548215,0.4382470119521913,0.43474701184415787,124.21342812141617,236.88230415667826,613177.64028,137413.25953400013,0.001,2026-12-06T00:00:00Z,HOLD,5.0,2.0
market_value_baseline,898429,Will Valtteri Bottas be the 2026 F1 Drivers' Champion?,will-valtteri-bottas-be-the-2026-f1-drivers-champion,0.0035000001080334187,0.23348769592121243,0.4382470119521913,0.43474701184415787,124.21342812141617,236.88230415667826,720870.37297,137039.75653499993,0.001,2026-12-06T00:00:00Z,HOLD,5.0,2.0
market_value_baseline,898424,Will Franco Colapinto be the 2026 F1 Drivers' Champion?,will-franco-colapinto-be-the-2026-f1-drivers-champion,0.0035000001080334187,0.23620654689148068,0.4382470119521913,0.43474701184415787,124.21342812141617,236.88230415667826,731334.79924,134967.41089100004,0.001,2026-12-06T00:00:00Z,HOLD,5.0,2.0
market_value_baseline,898425,Will Liam Lawson be the 2026 F1 Drivers' Champion?,will-liam-lawson-be-the-2026-f1-drivers-champion,0.0035000001080334187,0.21964162634685636,0.4382470119521913,0.43474701184415787,124.21342812141617,236.88230415667826,727704.94088,131936.8788760001,0.001,2026-12-06T00:00:00Z,HOLD,5.0,2.0
market_value_baseline,898420,Will Oliver Bearman be the 2026 F1 Drivers' Champion?,will-oliver-bearman-be-the-2026-f1-drivers-champion,0.0035000001080334187,0.23928363667801023,0.4382470119521913,0.43474701184415787,124.21342812141617,236.88230415667826,694700.49941,120321.94121299997,0.001,2026-12-06T00:00:00Z,HOLD,5.0,2.0
market_value_baseline,1235566,Will the Washington Nationals win the 2026 World Series?,will-the-washington-nationals-win-the-2026-world-series,0.0035000001080334187,0.22024624096229672,0.4382470119521913,0.43474701184415787,124.21342812141617,201.87883193445603,128550.9237,94073.73288199994,0.001,2026-10-31T23:55:00Z,HOLD,5.0,2.0
market_value_baseline,616913,Will 11 Fed rate cuts happen in 2026?,will-11-fed-rate-cuts-happen-in-2026,0.0035000001080334187,0.18522554682567716,0.4382470119521913,0.43474701184415787,124.21342812141617,261.88230415667823,101424.24535,55363.14504200002,0.001,2026-12-31T00:00:00Z,HOLD,5.0,2.0
market_value_baseline,678408,Will Wuthering Heights be the top grossing movie of 2026?,will-wuthering-heights-be-the-top-grossing-movie-of-2026,0.0035000001080334187,0.22090818034484982,0.4382470119521913,0.43474701184415787,124.21342812141617,261.88230415667823,76033.91439,25270.119322000002,0.001,2026-12-31T00:00:00Z,HOLD,5.0,2.0
market_value_baseline,1130014,Will A Just Russia – For Truth (SRZP) gain the most seats in the next Russian parliamentary election?,will-a-just-russia-for-truth-srzp-gain-the-most-seats-in-the-next-russian-parliamentary-election,0.0035000001080334187,0.19386695371940732,0.4382470119521913,0.43474701184415787,124.21342812141617,169.88230415667823,22930.93566,21496.853608,0.001,2026-09-30T00:00:00Z,HOLD,5.0,2.0
market_value_baseline,601823,Will Eduardo Bolsonaro win the 2026 Brazilian presidential election?,will-eduardo-bolsonaro-win-the-2026-brazilian-presidential-election,0.0044999998062849045,0.19903339259326458,0.4382470119521913,0.4337470121459064,96.38822907061365,173.88230415667823,529823.67363,223017.16549899988,0.001,2026-10-04T00:00:00Z,HOLD,5.0,2.0
market_value_baseline,898419,Will Esteban Ocon be the 2026 F1 Drivers' Champion?,will-esteban-ocon-be-the-2026-f1-drivers-champion,0.0044999998062849045,0.23545610718429089,0.4382470119521913,0.4337470121459064,96.38822907061365,236.88230415667826,655831.59515,143621.28025000004,0.001,2026-12-06T00:00:00Z,HOLD,5.0,2.0
market_value_baseline,898427,Will Alexander Albon be the 2026 F1 Drivers' Champion?,will-alexander-albon-be-the-2026-f1-drivers-champion,0.0044999998062849045,0.23362681083381176,0.4382470119521913,0.4337470121459064,96.38822907061365,236.88230415667826,709996.4898,138737.74124999982,0.001,2026-12-06T00:00:00Z,HOLD,5.0,2.0
market_value_baseline,898422,Will Gabriel Bortoleto be the 2026 F1 Drivers' Champion?,will-gabriel-bortoleto-be-the-2026-f1-drivers-champion,0.0044999998062849045,0.23091903142631054,0.4382470119521913,0.4337470121459064,96.38822907061365,236.88230415667826,629354.3024,123894.47500000003,0.001,2026-12-06T00:00:00Z,HOLD,5.0,2.0
market_value_baseline,898430,Will Sergio Pérez be the 2026 F1 Drivers' Champion?,will-sergio-prez-be-the-2026-f1-drivers-champion,0.0044999998062849045,0.24111954681575298,0.4382470119521913,0.4337470121459064,96.38822907061365,236.88230415667826,635161.59335,123721.79800000001,0.001,2026-12-06T00:00:00Z,HOLD,5.0,2.0
market_value_baseline,898417,Will Fernando Alonso be the 2026 F1 Drivers' Champion?,will-fernando-alonso-be-the-2026-f1-drivers-champion,0.0044999998062849045,0.2316873650997877,0.4382470119521913,0.4337470121459064,96.38822907061365,236.88230415667826,485626.88711,123445.37575000004,0.001,2026-12-06T00:00:00Z,HOLD,5.0,2.0
market_value_baseline,898428,Will Carlos Sainz Jr. be the 2026 F1 Drivers' Champion?,will-carlos-sainz-jr-be-the-2026-f1-drivers-champion,0.0044999998062849045,0.24794108979403973,0.4382470119521913,0.4337470121459064,96.38822907061365,236.88230415667826,668455.138,122749.93499999988,0.001,2026-12-06T00:00:00Z,HOLD,5.0,2.0
market_value_baseline,898418,Will Lance Stroll be the 2026 F1 Drivers' Champion?,will-lance-stroll-be-the-2026-f1-drivers-champion,0.0044999998062849045,0.2312727104872465,0.4382470119521913,0.4337470121459064,96.38822907061365,236.88230415667826,703320.36978,115149.40549999992,0.001,2026-12-06T00:00:00Z,HOLD,5.0,2.0
market_value_baseline,898421,Will Nico Hülkenberg be the 2026 F1 Drivers' Champion?,will-nico-hlkenberg-be-the-2026-f1-drivers-champion,0.0044999998062849045,0.23796632699668407,0.4382470119521913,0.4337470121459064,96.38822907061365,236.88230415667826,526832.70614,113421.47024999991,0.001,2026-12-06T00:00:00Z,HOLD,5.0,2.0
market_value_baseline,601822,Will Michelle Bolsonaro win the 2026 Brazilian presidential election?,will-michelle-bolsonaro-win-the-2026-brazilian-presidential-election,0.0044999998062849045,0.18448114208877087,0.4382470119521913,0.4337470121459064,96.38822907061365,173.88230415667823,152148.10234,105552.5292499999,0.001,2026-10-04T00:00:00Z,HOLD,5.0,2.0
market_value_baseline,1500767,Will Stephen Miran be confirmed as Fed Chair?,will-stephen-miran-be-confirmed-as-fed-chair,0.0044999998062849045,0.1979897152632475,0.4382470119521913,0.4337470121459064,96.38822907061365,200.88230415667826,33103.01657,20937.331672,0.001,2026-10-31T00:00:00Z,HOLD,5.0,2.0
market_value_baseline,898667,Will Audi be the 2026 F1 Constructors' Champion?,will-audi-be-the-2026-f1-constructors-champion,0.005499999970197678,0.2484179399907589,0.4382470119521913,0.4327470119819936,78.6812753321597,236.88230415667826,122615.07268,16921.6028,0.001,2026-12-06T00:00:00Z,HOLD,5.0,2.0
market_value_baseline,898664,Will Racing Bulls be the 2026 F1 Constructors' Champion?,will-racing-bulls-be-the-2026-f1-constructors-champion,0.005499999970197678,0.27580971643328667,0.4382470119521913,0.4327470119819936,78.6812753321597,236.88230415667826,139945.79404,13020.4136,0.001,2026-12-06T00:00:00Z,HOLD,5.0,2.0
market_value_baseline,1500766,Will Jerome Powell be confirmed as Fed Chair?,will-jerome-powell-be-confirmed-as-fed-chair,0.005499999970197678,0.20082135125994682,0.4382470119521913,0.4327470119819936,78.6812753321597,200.88230415667826,22212.58646,11071.3125,0.002,2026-10-31T00:00:00Z,HOLD,5.0,2.0
market_value_baseline,898414,Will Isack Hadjar be the 2026 F1 Drivers' Champion?,will-isack-hadjar-be-the-2026-f1-drivers-champion,0.006500000134110451,0.23210113681852818,0.4382470119521913,0.43174701181808084,66.42261583232522,236.88230415667826,553820.94141,32709.141479000013,0.001,2026-12-06T00:00:00Z,HOLD,5.0,2.0
market_value_baseline,906600,Gensyn FDV above $2B one day after launch?,gensyn-fdv-above-2b-one-day-after-launch-993-187-779,0.007499999832361937,0.26434675557538867,0.4382470119521913,0.43074701211982935,57.43293623303674,263.0906374900116,22654.33499,13790.122333,0.003,2027-01-01T05:00:00Z,HOLD,5.0,2.0
market_value_baseline,616910,Will 8 Fed rate cuts happen in 2026?,will-8-fed-rate-cuts-happen-in-2026,0.007499999832361937,0.20219045085832477,0.4382470119521913,0.43074701211982935,57.43293623303674,261.88230415667823,74766.31294,11735.488768999998,0.001,2026-12-31T00:00:00Z,HOLD,5.0,2.0
market_value_baseline,566760,Will Trump pardon Ghislaine Maxwell by end of 2026?,will-trump-pardon-ghislaine-maxwell,0.054999999701976776,0.3297220692038536,0.4827586206896551,0.4277586209876783,7.7774295146460535,261.88230415667823,35298.322,20538.67,0.01,2026-12-31T00:00:00Z,HOLD,5.0,2.0
market_value_baseline,616914,Will 12 or more Fed rate cuts happen in 2026?,will-12-or-more-fed-rate-cuts-happen-in-2026,0.010499999858438969,0.1828879425302148,0.4382470119521913,0.4277470120937523,40.73781122482275,261.88230415667823,66232.55251,12743.797914,0.001,2026-12-31T00:00:00Z,HOLD,5.0,2.0
market_value_baseline,1500755,Will Judy Shelton be confirmed as Fed Chair?,will-judy-shelton-be-confirmed-as-fed-chair,0.011500000022351742,0.19672959949821234,0.4382470119521913,0.42674701192983955,37.10843574786099,200.88230415667826,414912.15138,239001.69856999992,0.002,2026-10-31T00:00:00Z,HOLD,5.0,2.0
market_value_baseline,1131150,Will the Doge-1 Lunar Mission launch before 2027?,will-the-doge-1-lunar-mission-launch-before-2027,0.05900000035762787,0.31709788739681244,0.4827586206896551,0.4237586203320272,7.182349453617269,261.88230415667823,15597.68336,34924.759137999994,0.002,2026-12-31T00:00:00Z,HOLD,5.0,2.0
market_value_baseline,1633606,"Will China invade Taiwan by September 30, 2026?",will-china-invade-taiwan-by-september-30-2026,0.06499999761581421,0.3326166570186615,0.4827586206896551,0.4177586230738409,6.4270559753405605,169.88230415667823,205177.9122,116912.69322700003,0.01,2026-09-30T00:00:00Z,HOLD,5.0,2.0
market_value_baseline,898413,Will Max Verstappen be the 2026 F1 Drivers' Champion?,will-max-verstappen-be-the-2026-f1-drivers-champion,0.0215000007301569,0.22564570046961308,0.4382470119521913,0.4167470112220344,19.38358125902227,236.88230415667826,326040.74615,19545.861835,0.001,2026-12-06T00:00:00Z,HOLD,5.0,2.0
market_value_baseline,1357099,Will Bitcoin hit $60k or $80k first?,will-bitcoin-hit-60k-or-80k-first-965,0.5699999928474426,0.999999,0.9855403348554034,0.41554034200796075,0.7290181530215876,263.0906374900116,10389.7862,17239.661303999997,0.01,2027-01-01T05:00:00Z,HOLD,0.7290181530215876,2.0
market_value_baseline,898409,Will Lando Norris be the 2026 F1 Drivers' Champion?,will-lando-norris-be-the-2026-f1-drivers-champion,0.023000000044703484,0.2514267545193434,0.4382470119521913,0.4152470119074878,18.054217873930494,236.88230415667826,229687.72386,10911.039789000002,0.001,2026-12-06T00:00:00Z,HOLD,5.0,2.0
market_value_baseline,898415,Will Charles Leclerc be the 2026 F1 Drivers' Champion?,will-charles-leclerc-be-the-2026-f1-drivers-champion,0.06949999928474426,0.3141786456108093,0.4827586206896551,0.4132586214049108,5.946167275653829,236.88230415667826,158696.76493,15406.449495000003,0.001,2026-12-06T00:00:00Z,HOLD,5.0,2.0
market_value_baseline,679030,Will Jean-Luc Mélenchon win the 2027 French presidential election?,will-jean-luc-mlenchon-win-the-2027-french-presidential-election,0.07000000029802322,0.42673472315073013,0.4827586206896551,0.41275862039163186,5.8965516947760355,381.88230415667823,83740.4611,25150.956662,0.02,2027-04-30T00:00:00Z,HOLD,5.0,2.0
market_value_baseline,559651,Xi Jinping out before 2027?,xi-jinping-out-before-2027,0.07150000333786011,0.3190622627735138,0.4827586206896551,0.411258617351795,5.751868505634441,261.88230415667823,178929.85263,20141.691586000026,0.001,2026-12-31T00:00:00Z,HOLD,5.0,2.0
market_value_baseline,678784,Will the US strike 15 or more countries in 2026?,will-the-us-strike-15-or-more-countries-in-2026,0.032499998807907104,0.2642858028411865,0.4382470119521913,0.4057470131442842,12.484523939292199,261.88230415667823,16632.95607,14930.106361,0.009,2026-12-31T00:00:00Z,HOLD,5.0,2.0
market_value_baseline,1130017,Will Rodina gain the most seats in the next Russian parliamentary election?,will-rodina-gain-the-most-seats-in-the-next-russian-parliamentary-election,0.0024999999441206455,0.1533761047758162,0.40443213296398894,0.4019321330198683,160.7728568015007,169.88230415667823,35716.33504,26542.831328,0.001,2026-09-30T00:00:00Z,HOLD,5.0,2.0
market_value_baseline,1130013,Will the Communist Party of the Russian Federation (KPRF) gain the most seats in the next Russian parliamentary election?,will-the-communist-party-of-the-russian-federation-kprf-gain-the-most-seats-in-the-next-russian-parliamentary-election,0.0035000001080334187,0.17578743444755673,0.40443213296398894,0.4009321328559555,114.55203442300218,169.88230415667823,58598.17863,25754.28484,0.001,2026-09-30T00:00:00Z,HOLD,5.0,2.0
market_value_baseline,601824,Will Carlos Roberto Massa Júnior win the 2026 Brazilian presidential election?,will-carlos-roberto-massa-jnior-win-the-2026-brazilian-presidential-election,0.0044999998062849045,0.15349025838077068,0.40443213296398894,0.39993213315770404,88.87381119420064,173.88230415667823,412037.37714,129348.94150000006,0.001,2026-10-04T00:00:00Z,HOLD,5.0,2.0
market_value_baseline,601831,Will Eduardo Leite win the 2026 Brazilian presidential election?,will-eduardo-leite-win-the-2026-brazilian-presidential-election,0.0044999998062849045,0.15742516331374645,0.40443213296398894,0.39993213315770404,88.87381119420064,173.88230415667823,383704.39872,54565.43499999999,0.001,2026-10-04T00:00:00Z,HOLD,5.0,2.0
market_value_baseline,601818,Will Tarcisio de Freitas win the 2026 Brazilian presidential election?,will-tarcisio-de-frietas-win-the-2026-brazilian-presidential-election,0.005499999970197678,0.15683532878756523,0.40443213296398894,0.39893213299379127,72.53311548280847,173.88230415667823,241676.38089,272894.42304799997,0.001,2026-10-04T00:00:00Z,HOLD,5.0,2.0
market_value_baseline,956590,"Will China invade Taiwan by June 30, 2026?",will-china-invade-taiwan-by-june-30-2026,0.04100000113248825,0.20923743396997452,0.4382470119521913,0.39724701081970304,9.68895121578243,77.88230415667825,159698.4978,347201.8577349999,0.001,2026-06-30T00:00:00Z,HOLD,5.0,2.0
market_value_baseline,898416,Will Lewis Hamilton be the 2026 F1 Drivers' Champion?,will-lewis-hamilton-be-the-2026-f1-drivers-champion,0.04100000113248825,0.27358778566122055,0.4382470119521913,0.39724701081970304,9.68895121578243,236.88230415667826,175470.43363,19566.997699,0.002,2026-12-06T00:00:00Z,HOLD,5.0,2.0
market_value_baseline,601829,Will Camilo Santana win the 2026 Brazilian presidential election?,will-camilo-santana-win-the-2026-brazilian-presidential-election,0.009499999694526196,0.1645697383210063,0.40443213296398894,0.39493213326946275,41.571804838795806,173.88230415667823,14345.71323,29017.660909,0.001,2026-10-04T00:00:00Z,HOLD,5.0,2.0
market_value_baseline,567621,Will China invade Taiwan by end of 2026?,will-china-invade-taiwan-before-2027,0.08799999952316284,0.3624919354915619,0.4827586206896551,0.39475862116649224,4.485893446653783,261.88230415667823,536278.61546,359444.58327400027,0.001,2026-12-31T00:00:00Z,HOLD,4.485893446653783,2.0
market_value_baseline,601821,Will Fernando Haddad win the 2026 Brazilian presidential election?,will-fernando-haddad-win-the-2026-brazilian-presidential-election,0.045499999076128006,0.2297305352985859,0.4382470119521913,0.3927470128760633,8.631802656060309,173.88230415667823,159779.77048,39376.727591999996,0.001,2026-10-04T00:00:00Z,HOLD,5.0,2.0
market_value_baseline,898410,Will Oscar Piastri be the 2026 F1 Drivers' Champion?,will-oscar-piastri-be-the-2026-f1-drivers-champion,0.04699999839067459,0.25803854316473007,0.4382470119521913,0.3912470135615167,8.324404828897721,236.88230415667826,181355.86579,13787.546082,0.001,2026-12-06T00:00:00Z,HOLD,5.0,2.0
market_value_baseline,665480,Will US withdraw from NATO before 2027?,will-us-withdraw-from-nato-before-2027-348-975-598-224-737,0.09449999779462814,0.42380180209875107,0.4827586206896551,0.38825862289502694,4.108556951914527,261.88230415667823,93626.33321,66010.09484799998,0.003,2026-12-31T00:00:00Z,HOLD,4.108556951914527,2.0
market_value_baseline,1235563,Will the New York Mets win the 2026 World Series?,will-the-new-york-mets-win-the-2026-world-series,0.05000000074505806,0.2766954191029072,0.4382470119521913,0.38824701120713323,7.764940108436041,201.87883193445603,107810.59107,13134.786637,0.002,2026-10-31T23:55:00Z,HOLD,5.0,2.0
market_value_baseline,1130015,Will the Liberal Democratic Party of Russia (LDPR) gain the most seats in the next Russian parliamentary election?,will-the-liberal-democratic-party-of-russia-ldpr-gain-the-most-seats-in-the-next-russian-parliamentary-election,0.051500000059604645,0.24554536491632462,0.4382470119521913,0.38674701189258665,7.509650707669448,169.88230415667823,36327.81067,21337.624261,0.003,2026-09-30T00:00:00Z,HOLD,5.0,2.0
market_value_baseline,1472548,Will Reza Pahlavi lead Iran in 2026?,will-reza-pahlavi-lead-iran-in-2026,0.09700000286102295,0.3986768424510956,0.4827586206896551,0.38575861782863213,3.9768928500067053,261.88230415667823,118950.05201,19462.884296999993,0.002,2026-12-31T00:00:00Z,HOLD,3.9768928500067053,2.0
market_value_baseline,1559394,Trump out as President by June 30?,trump-out-as-president-by-june-30,0.054999999701976776,0.18896863609552383,0.4382470119521913,0.3832470122502145,6.96812753321597,77.88230415667825,646856.7318,73762.35169699999,0.01,2026-06-30T00:00:00Z,HOLD,5.0,2.0
market_value_baseline,558946,Will Belgium win the 2026 FIFA World Cup?,will-belgium-win-the-2026-fifa-world-cup-358,0.019500000402331352,0.09590685926377773,0.39759036144578314,0.3780903610434518,19.389248884233286,97.88230415667823,694041.44255,38130.66265200001,0.001,2026-07-20T00:00:00Z,HOLD,5.0,2.0
market_value_baseline,560317,"Putin out as President of Russia by December 31, 2026?",putin-out-before-2027,0.10499999672174454,0.35799796134233475,0.4827586206896551,0.37775862396791055,3.597701292972328,262.6531374900116,339730.0121,55123.256466,0.01,2026-12-31T18:30:00Z,HOLD,3.597701292972328,2.0
market_value_baseline,678419,Will The Super Mario Galaxy Movie be the top grossing movie of 2026?,will-movie-a-be-the-top-grossing-movie-of-2026,0.10499999672174454,0.29074088484048843,0.4827586206896551,0.37775862396791055,3.597701292972328,261.88230415667823,37404.0998,18568.464891,0.01,2026-12-31T00:00:00Z,HOLD,3.597701292972328,2.0
market_value_baseline,601827,Will Ronaldo Caiado win the 2026 Brazilian presidential election?,will-ronaldo-caiado-win-the-2026-brazilian-presidential-election,0.027499999850988388,0.1767892949283123,0.40443213296398894,0.37693213311300056,13.706623096561692,173.88230415667823,48557.73201,21380.445943000002,0.002,2026-10-04T00:00:00Z,HOLD,5.0,2.0
market_value_baseline,601825,Will Renan Santos win the 2026 Brazilian presidential election?,will-renan-santos-win-the-2026-brazilian-presidential-election,0.07000000029802322,0.25347764045000076,0.4382470119521913,0.36824701165416807,5.260671572662368,173.88230415667823,118133.09966,36924.44723,0.003,2026-10-04T00:00:00Z,HOLD,5.0,2.0
market_value_baseline,558981,Will Congo DR win the 2026 FIFA World Cup?,will-congo-dr-win-the-2026-fifa-world-cup,0.0024999999441206455,0.07624818617478013,0.36681222707423583,0.3643122271301152,145.72489410925127,97.88230415667823,2513547.1024,150696.88071799988,0.001,2026-07-20T00:00:00Z,HOLD,5.0,2.0
market_value_baseline,558960,Will Uzbekistan win the 2026 FIFA World Cup?,will-uzbekistan-win-the-2026-fifa-world-cup-773,0.0024999999441206455,0.07412520283833146,0.36681222707423583,0.3643122271301152,145.72489410925127,97.88230415667823,1854524.62933,112322.58366599996,0.001,2026-07-20T00:00:00Z,HOLD,5.0,2.0
market_value_baseline,558969,Will Algeria win the 2026 FIFA World Cup?,will-algeria-win-the-2026-fifa-world-cup,0.0035000001080334187,0.08934827195480466,0.36681222707423583,0.3633122269662024,103.80349021484471,97.88230415667823,1535905.6725,649978.9192239997,0.001,2026-07-20T00:00:00Z,HOLD,5.0,2.0
market_value_baseline,558972,Will Saudi Arabia win the 2026 FIFA World Cup?,will-saudi-arabia-win-the-2026-fifa-world-cup,0.0035000001080334187,0.07382909255102277,0.36681222707423583,0.3633122269662024,103.80349021484471,97.88230415667823,1971718.69977,191226.71155200002,0.001,2026-07-20T00:00:00Z,HOLD,5.0,2.0
market_value_baseline,558954,Will Tunisia win the 2026 FIFA World Cup?,will-tunisia-win-the-2026-fifa-world-cup-165,0.0035000001080334187,0.08790911780670285,0.36681222707423583,0.3633122269662024,103.80349021484471,97.88230415667823,2420352.18949,148162.16388000007,0.001,2026-07-20T00:00:00Z,HOLD,5.0,2.0
market_value_baseline,558974,Will Switzerland win the 2026 FIFA World Cup?,will-switzerland-win-the-2026-fifa-world-cup,0.010499999858438969,0.07579113636165857,0.36681222707423583,0.35631222721579686,33.9344982875809,97.88230415667823,862724.79568,74438.924608,0.001,2026-07-20T00:00:00Z,HOLD,5.0,2.0
market_value_baseline,558945,Will Mexico win the 2026 FIFA World Cup?,will-mexico-win-the-2026-fifa-world-cup-529,0.011500000022351742,0.07256412040442228,0.36681222707423583,0.3553122270518841,30.896715335764235,97.88230415667823,719487.93676,52017.385567,0.001,2026-07-20T00:00:00Z,HOLD,5.0,2.0
market_value_baseline,666614,MegaETH market cap (FDV) >$3B one day after launch?,megaeth-market-cap-fdv-2b-one-day-after-launch-392-656-565-965-418-578-388,0.045499999076128006,0.11356652155518532,0.39759036144578314,0.35209036236965513,7.73824987953423,79.04897082334492,44349.68443,14214.564086,0.003,2026-07-01T04:00:00Z,HOLD,5.0,2.0
market_value_baseline,558963,Will Morocco win the 2026 FIFA World Cup?,will-morocco-win-the-2026-fifa-world-cup-464,0.016499999910593033,0.07721612602472305,0.36681222707423583,0.3503122271636428,21.23104418556643,97.88230415667823,479806.45609,126749.98860400004,0.001,2026-07-20T00:00:00Z,HOLD,5.0,2.0
market_value_baseline,558939,Will Germany win the 2026 FIFA World Cup?,will-germany-win-the-2026-fifa-world-cup-467,0.054499998688697815,0.11878224462270737,0.40443213296398894,0.34993213427529113,6.420773260456241,97.88230415667823,940908.25701,88470.19129100002,0.001,2026-07-20T00:00:00Z,HOLD,5.0,2.0
market_value_baseline,558949,Will Japan win the 2026 FIFA World Cup?,will-japan-win-the-2026-fifa-world-cup-112,0.02199999988079071,0.08467426896095276,0.36681222707423583,0.3448122271934451,15.67328313917482,97.88230415667823,254497.2705,274161.02335,0.002,2026-07-20T00:00:00Z,HOLD,5.0,2.0
market_value_baseline,1494703,Will Crude Oil (CL) hit (HIGH) $200 by end of June?,will-crude-oil-cl-hit-high-200-by-end-of-june-677,0.0949999988079071,0.19659067690372467,0.4382470119521913,0.3432470131442842,3.6131264994891223,78.65313749001157,289421.5741,39403.16538600001,0.01,2026-06-30T18:30:00Z,HOLD,3.6131264994891223,2.0
market_value_baseline,677407,China x Taiwan military clash before 2027?,china-x-taiwan-military-clash-before-2027,0.14000000059604645,0.4587104767560959,0.4827586206896551,0.34275862009360863,2.4482758473880177,261.88230415667823,122402.9853,11532.500285000002,0.02,2026-12-31T00:00:00Z,HOLD,2.4482758473880177,2.0
market_value_baseline,558941,Will Netherlands win the 2026 FIFA World Cup?,will-netherlands-win-the-2026-fifa-world-cup-739,0.03350000083446503,0.09342886134982109,0.37344288362218087,0.33994288278771584,10.147548487162434,97.88230415667823,560833.95636,68985.85802299998,0.001,2026-07-20T00:00:00Z,HOLD,5.0,2.0
market_value_baseline,553837,Will the Ottawa Senators win the 2026 NHL Stanley Cup?,will-the-ottawa-senators-win-the-2026-nhl-stanley-cup,0.027499999850988388,0.07125776633620262,0.36681222707423583,0.33931222722324744,12.338626511339857,77.88230415667825,94649.11843,13757.500327999993,0.003,2026-06-30T00:00:00Z,HOLD,5.0,2.0
market_value_baseline,558951,Will Norway win the 2026 FIFA World Cup?,will-norway-win-the-2026-fifa-world-cup-893,0.02800000086426735,0.07155849039554596,0.36681222707423583,0.3388122262099685,12.10043627685559,97.88230415667823,725597.62908,321553.08047000004,0.002,2026-07-20T00:00:00Z,HOLD,5.0,2.0
market_value_baseline,558978,Will Curaçao win the 2026 FIFA World Cup?,will-curaao-win-the-2026-fifa-world-cup,0.0024999999441206455,0.06802334124222398,0.34090909090909094,0.3384090909649703,135.36363941160124,97.88230415667823,2211610.33972,199076.59333299988,0.001,2026-07-20T00:00:00Z,HOLD,5.0,2.0
market_value_baseline,558970,Will Cape Verde win the 2026 FIFA World Cup?,will-cape-verde-win-the-2026-fifa-world-cup,0.0024999999441206455,0.0705194273032248,0.34090909090909094,0.3384090909649703,135.36363941160124,97.88230415667823,2326791.30605,166021.07033299984,0.001,2026-07-20T00:00:00Z,HOLD,5.0,2.0
market_value_baseline,558977,Will Haiti win the 2026 FIFA World Cup?,will-haiti-win-the-2026-fifa-world-cup,0.0024999999441206455,0.07069097692146897,0.34090909090909094,0.3384090909649703,135.36363941160124,97.88230415667823,2845123.43201,157104.13350000017,0.001,2026-07-20T00:00:00Z,HOLD,5.0,2.0
market_value_baseline,558979,Will Panama win the 2026 FIFA World Cup?,will-team-z-win-the-2026-fifa-world-cup-316,0.0024999999441206455,0.06818442279472947,0.34090909090909094,0.3384090909649703,135.36363941160124,97.88230415667823,2576803.21147,115114.32099999998,0.001,2026-07-20T00:00:00Z,HOLD,5.0,2.0
market_value_baseline,553839,Will the Utah Mammoth win the 2026 NHL Stanley Cup?,will-the-utah-mammoth-win-the-2026-nhl-stanley-cup,0.02850000001490116,0.07476331107318401,0.36681222707423583,0.33831222705933467,11.87060445201575,77.88230415667825,155993.13839,18218.256368,0.003,2026-06-30T00:00:00Z,HOLD,5.0,2.0
market_value_baseline,558967,Will Ghana win the 2026 FIFA World Cup?,will-ghana-win-the-2026-fifa-world-cup,0.0035000001080334187,0.07060913043096662,0.34090909090909094,0.3374090908010575,96.40259439610162,97.88230415667823,2834752.9747,189632.5622059998,0.001,2026-07-20T00:00:00Z,HOLD,5.0,2.0
market_value_baseline,678943,Will Kang Hoon-sik win the 2026 Seoul Mayoral Election,will-kang-hoon-sik-win-the-2026-seoul-mayoral-election,0.0035000001080334187,0.06797841237857938,0.34090909090909094,0.3374090908010575,96.40259439610162,50.882304156678245,94058.82822,28413.761659,0.001,2026-06-03T00:00:00Z,HOLD,5.0,2.0
market_value_baseline,678932,Will Han Dong-hoon win the 2026 Seoul Mayoral Election,will-han-dong-hoon-win-the-2026-seoul-mayoral-election,0.0035000001080334187,0.06626818375661969,0.33941458390518825,0.33591458379715483,95.9755924081667,50.882304156678245,86439.71538,108651.82955,0.001,2026-06-03T00:00:00Z,HOLD,5.0,2.0
market_value_baseline,558956,Will Paraguay win the 2026 FIFA World Cup?,will-paraguay-win-the-2026-fifa-world-cup-967,0.0044999998062849045,0.06624781526625156,0.33881329773756613,0.33431329793128123,74.29184718282967,97.88230415667823,2127259.70827,146493.83075,0.001,2026-07-20T00:00:00Z,HOLD,5.0,2.0
market_value_baseline,558940,Will Portugal win the 2026 FIFA World Cup?,will-portugal-win-the-2026-fifa-world-cup-912,0.07050000131130219,0.12759990617632866,0.40443213296398894,0.33393213165268676,4.736625892787785,97.88230415667823,412693.68207,101973.10628200001,0.001,2026-07-20T00:00:00Z,HOLD,4.736625892787785,2.0
market_value_baseline,558985,Will Turkiye win the 2026 FIFA World Cup?,will-turkiye-win-the-2026-fifa-world-cup,0.007499999832361937,0.06986621348187327,0.34090909090909094,0.333409091076729,44.45454647053374,97.88230415667823,2013668.20988,108560.38185199999,0.001,2026-07-20T00:00:00Z,HOLD,5.0,2.0
market_value_baseline,1122084,OKX IPO in 2026?,okx-ipo-in-2026,0.15000000596046448,0.46108153462409973,0.4827586206896551,0.3327586147291906,2.2183906767103454,263.0906374900116,36992.4228,11249.362003,0.02,2027-01-01T05:00:00Z,HOLD,2.2183906767103454,2.0
market_value_baseline,558957,Will New Zealand win the 2026 FIFA World Cup?,will-new-zealand-win-the-2026-fifa-world-cup-635,0.0024999999441206455,0.06482057878747582,0.32926829268292684,0.3267682927388062,130.70732001705875,97.88230415667823,1865906.82118,146140.8416659999,0.001,2026-07-20T00:00:00Z,HOLD,5.0,2.0
market_value_baseline,558962,Will Jordan win the 2026 FIFA World Cup?,will-jordan-win-the-2026-fifa-world-cup-233,0.0024999999441206455,0.061964253429323435,0.32926829268292684,0.3267682927388062,130.70732001705875,97.88230415667823,2647196.78221,138520.0864999999,0.001,2026-07-20T00:00:00Z,HOLD,5.0,2.0
market_value_baseline,558959,Will Iran win the 2026 FIFA World Cup?,will-iran-win-the-2026-fifa-world-cup-788,0.0024999999441206455,0.0631087371148169,0.32926829268292684,0.3267682927388062,130.70732001705875,97.88230415667823,2117259.06678,136247.89582800015,0.001,2026-07-20T00:00:00Z,HOLD,5.0,2.0
market_value_baseline,558971,Will Qatar win the 2026 FIFA World Cup?,will-qatar-win-the-2026-fifa-world-cup,0.0024999999441206455,0.05451923469081521,0.3291139240506329,0.32661392410651224,130.645572562761,97.88230415667823,1817653.01651,147373.64200000023,0.001,2026-07-20T00:00:00Z,HOLD,5.0,2.0
market_value_baseline,558964,Will South Africa win the 2026 FIFA World Cup?,will-south-africa-win-the-2026-fifa-world-cup,0.0024999999441206455,0.05531303444877267,0.3291139240506329,0.32661392410651224,130.645572562761,97.88230415667823,2486487.21345,127979.7413329999,0.001,2026-07-20T00:00:00Z,HOLD,5.0,2.0
market_value_baseline,558984,Will Cezchia win the 2026 FIFA World Cup?,will-cezchia-win-the-2026-fifa-world-cup,0.0035000001080334187,0.05288104387000203,0.3291139240506329,0.32561392394259947,93.03254682627869,97.88230415667823,2610930.11327,113621.16454800007,0.001,2026-07-20T00:00:00Z,HOLD,5.0,2.0
market_value_baseline,558966,Will Ivory Coast win the 2026 FIFA World Cup?,will-ivory-coast-win-the-2026-fifa-world-cup,0.0044999998062849045,0.061364876106381416,0.32926829268292684,0.32476829287664194,72.17073485715616,97.88230415667823,2668946.80323,125030.00224999995,0.001,2026-07-20T00:00:00Z,HOLD,5.0,2.0
market_value_baseline,558973,Will Scotland win the 2026 FIFA World Cup?,will-scotland-win-the-2026-fifa-world-cup,0.0044999998062849045,0.05674499459564686,0.3291139240506329,0.324613924244348,72.13643071516968,97.88230415667823,1884297.83416,142741.42425,0.001,2026-07-20T00:00:00Z,HOLD,5.0,2.0
market_value_baseline,558983,Will Bosnia-Herzegovina win the 2026 FIFA World Cup?,will-bosnia-herzegovina-win-the-2026-fifa-world-cup,0.0044999998062849045,0.052004000172019005,0.3291139240506329,0.324613924244348,72.13643071516968,97.88230415667823,2628687.45338,118482.94674999996,0.001,2026-07-20T00:00:00Z,HOLD,5.0,2.0
market_value_baseline,678930,Will Na Kyung-won win the 2026 Seoul Mayoral Election,will-na-kyung-won-win-the-2026-seoul-mayoral-election,0.0044999998062849045,0.05557052604854107,0.3291139240506329,0.324613924244348,72.13643071516968,50.882304156678245,77249.22008,107216.03299999994,0.001,2026-06-03T00:00:00Z,HOLD,5.0,2.0
market_value_baseline,558952,Will Canada win the 2026 FIFA World Cup?,will-canada-win-the-2026-fifa-world-cup-755,0.005499999970197678,0.06436127796769142,0.32926829268292684,0.32376829271272917,58.86696263038207,97.88230415667823,1851879.94075,31450.339132,0.001,2026-07-20T00:00:00Z,HOLD,5.0,2.0
market_value_baseline,558975,Will Austria win the 2026 FIFA World Cup?,will-austria-win-the-2026-fifa-world-cup,0.005499999970197678,0.05243867263197899,0.3291139240506329,0.3236139240804352,58.838895606176536,97.88230415667823,1605284.54019,190993.95772899996,0.001,2026-07-20T00:00:00Z,HOLD,5.0,2.0
market_value_baseline,553852,Will the Pittsburgh Penguins win the 2026 NHL Stanley Cup?,will-the-pittsburgh-penguins-win-the-2026-nhl-stanley-cup,0.04399999976158142,0.09282445535063744,0.36681222707423583,0.3228122273126544,7.33664156958741,77.88230415667825,110380.18509,11597.54777,0.005,2026-06-30T00:00:00Z,HOLD,5.0,2.0
market_value_baseline,558980,Will Sweden win the 2026 FIFA World Cup?,will-sweden-win-the-2026-fifa-world-cup,0.006500000134110451,0.051687782630324364,0.3291139240506329,0.32261392391652244,49.632910347727766,97.88230415667823,2125163.25869,45858.710945,0.001,2026-07-20T00:00:00Z,HOLD,5.0,2.0
market_value_baseline,558965,Will Senegal win the 2026 FIFA World Cup?,will-senegal-win-the-2026-fifa-world-cup,0.007499999832361937,0.06317156879231334,0.32926829268292684,0.3217682928505649,42.90244000568625,97.88230415667823,1244587.95408,32511.726121000007,0.001,2026-07-20T00:00:00Z,HOLD,5.0,2.0
market_value_baseline,558955,Will Ecuador win the 2026 FIFA World Cup?,will-ecuador-win-the-2026-fifa-world-cup-986,0.008500000461935997,0.0620895866304636,0.32926829268292684,0.32076829222099085,37.737444092789055,97.88230415667823,1266794.57542,695144.355191,0.001,2026-07-20T00:00:00Z,HOLD,5.0,2.0
market_value_baseline,1171663,"Russia x Ukraine ceasefire by June 30, 2026?",russia-x-ukraine-ceasefire-by-june-30-2026,0.08500000089406967,0.16913364082574844,0.40443213296398894,0.3194321320699193,3.7580250436468594,77.88230415667825,458097.9019,65621.13642700002,0.01,2026-06-30T00:00:00Z,HOLD,3.7580250436468594,2.0
market_value_baseline,553857,Will the Cleveland Cavaliers win the 2026 NBA Finals?,will-the-cleveland-cavaliers-win-the-2026-nba-finals,0.04749999940395355,0.08135448023676872,0.36681222707423583,0.3193122276702823,6.722362772149952,78.88230415667825,299814.07657,36793.363214000026,0.002,2026-07-01T00:00:00Z,HOLD,5.0,2.0
market_value_baseline,558937,Will Brazil win the 2026 FIFA World Cup?,will-brazil-win-the-2026-fifa-world-cup-183,0.08550000190734863,0.1505318507552147,0.40443213296398894,0.3189321310566403,3.730200280021613,97.88230415667823,968453.54479,134651.52142400012,0.001,2026-07-20T00:00:00Z,HOLD,3.730200280021613,2.0
market_value_baseline,558944,Will Uruguay win the 2026 FIFA World Cup?,will-uruguay-win-the-2026-fifa-world-cup-932,0.011500000022351742,0.06373612117022276,0.32926829268292684,0.3177682926605751,27.632025395039236,97.88230415667823,1492793.37707,59084.94711799999,0.001,2026-07-20T00:00:00Z,HOLD,5.0,2.0
market_value_baseline,666861,Trump out as President before 2027?,trump-out-as-president-before-2027,0.16500000655651093,0.48269589245319366,0.4827586206896551,0.31775861413314416,1.9258097061003139,261.88230415667823,477817.1848,113534.279113,0.01,2026-12-31T00:00:00Z,HOLD,1.9258097061003139,2.0
market_value_baseline,558976,Will Croatia win the 2026 FIFA World Cup?,will-croatia-win-the-2026-fifa-world-cup,0.011500000022351742,0.058492968790233135,0.3291139240506329,0.31761392402828115,27.618602035735417,97.88230415667823,978284.14672,145627.4983230001,0.001,2026-07-20T00:00:00Z,HOLD,5.0,2.0
market_value_baseline,553871,Will the Detroit Pistons win the 2026 NBA Finals?,will-the-detroit-pistons-win-the-2026-nba-finals,0.0494999997317791,0.08210073783993721,0.36681222707423583,0.31731222734245673,6.410348061855476,78.88230415667825,300740.53166,37717.55590199999,0.001,2026-07-01T00:00:00Z,HOLD,5.0,2.0
market_value_baseline,566159,Will Sporting win the 2025–26 Champions League?,will-sporting-win-the-202526-champions-league,0.012500000186264515,0.059213594533503056,0.32926829268292684,0.31676829249666233,25.34146302211576,47.88230415667824,639362.1652,33976.712675999996,0.001,2026-05-31T00:00:00Z,HOLD,5.0,2.0
market_value_baseline,558943,Will USA win the 2026 FIFA World Cup?,will-usa-win-the-2026-fifa-world-cup-467,0.014499999582767487,0.06519127637147903,0.32926829268292684,0.31476829310015936,21.70815876948338,97.88230415667823,1366372.18669,31928.99999799998,0.001,2026-07-20T00:00:00Z,HOLD,5.0,2.0
market_value_baseline,558947,Will Colombia win the 2026 FIFA World Cup?,will-colombia-win-the-2026-fifa-world-cup-734,0.01549999974668026,0.0653244387358427,0.32926829268292684,0.3137682929362466,20.243116004143708,97.88230415667823,1242125.96144,23169.953674000008,0.001,2026-07-20T00:00:00Z,HOLD,5.0,2.0
market_value_baseline,558938,Will Argentina win the 2026 FIFA World Cup?,will-argentina-win-the-2026-fifa-world-cup-245,0.09149999916553497,0.14407316967844963,0.40443213296398894,0.31293213379845397,3.420023351391736,97.88230415667823,920929.59116,391409.1731069996,0.001,2026-07-20T00:00:00Z,HOLD,3.420023351391736,2.0
market_value_baseline,1130012,Will United Russia (ER) gain the most seats in the next Russian parliamentary election?,will-united-russia-er-gain-the-most-seats-in-the-next-russian-parliamentary-election,0.675000011920929,0.999999,0.9855403348554034,0.3105403229344744,0.46005972955575564,169.88230415667823,67621.3265,35877.434604999995,0.01,2026-09-30T00:00:00Z,HOLD,0.46005972955575564,2.0
market_value_baseline,553865,Will the Denver Nuggets win the 2026 NBA Finals?,will-the-denver-nuggets-win-the-2026-nba-finals,0.0949999988079071,0.13421209529042244,0.40443213296398894,0.30943213415608184,3.257180400409931,78.88230415667825,192202.7611,50833.34768800001,0.01,2026-07-01T00:00:00Z,HOLD,3.257180400409931,2.0
market_value_baseline,553848,Will the Anaheim Ducks win the 2026 NHL Stanley Cup?,will-the-anaheim-ducks-win-the-2026-nhl-stanley-cup,0.020999999716877937,0.05873935483396053,0.3291139240506329,0.30811392433375495,14.672091832749897,77.88230415667825,174274.83271,16530.051235000003,0.003,2026-06-30T00:00:00Z,HOLD,5.0,2.0
market_value_baseline,703257,Will the US confirm that aliens exist before 2027?,will-the-us-confirm-that-aliens-exist-before-2027-789,0.17499999701976776,0.471946582198143,0.4827586206896551,0.3077586236698873,1.758620736634203,261.88230415667823,778288.1401,136387.97721100008,0.01,2026-12-31T00:00:00Z,HOLD,1.758620736634203,2.0
market_value_baseline,558968,Will Egypt win the 2026 FIFA World Cup?,will-egypt-win-the-2026-fifa-world-cup,0.0035000001080334187,0.04943011747673154,0.3076923076923077,0.3041923075842743,86.91208519853275,97.88230415667823,2309598.35938,297210.6802030001,0.001,2026-07-20T00:00:00Z,HOLD,5.0,2.0
market_value_baseline,569367,Will Mauricio Cardenas win the 2026 Colombian presidential election?,will-mauricio-cardenas-win-the-2026-colombian-presidential-election,0.0005000000237487257,0.04442543810000643,0.304635761589404,0.30413576156565525,608.2714942399648,69.46563749001157,97946.47415,216771.84,0.001,2026-06-21T14:00:00Z,HOLD,5.0,2.0
market_value_baseline,958443,Will the Iranian regime fall by June 30?,will-the-iranian-regime-fall-by-june-30,0.13500000536441803,0.21548234671354294,0.4382470119521913,0.30324700658777326,2.246274033613484,77.88230415667825,1512677.5911,485738.3817199996,0.01,2026-06-30T00:00:00Z,HOLD,2.246274033613484,2.0
market_value_baseline,566139,Will Real Madrid win the 2025–26 Champions League?,will-real-madrid-win-the-202526-champions-league,0.0949999988079071,0.11142636090517044,0.39759036144578314,0.30259036263787603,3.185161751946155,47.88230415667824,264974.5738,36577.526539,0.01,2026-05-31T00:00:00Z,HOLD,3.185161751946155,2.0
market_value_baseline,558958,Will Australia win the 2026 FIFA World Cup?,will-australia-win-the-2026-fifa-world-cup-816,0.0024999999441206455,0.044891434255987406,0.304635761589404,0.30213576164528333,120.8543073594176,97.88230415667823,1776498.60519,1610719.449425,0.001,2026-07-20T00:00:00Z,HOLD,5.0,2.0
market_value_baseline,558982,Will Iraq win the 2026 FIFA World Cup?,will-iraq-win-the-2026-fifa-world-cup,0.0024999999441206455,0.04059970984235406,0.304635761589404,0.30213576164528333,120.8543073594176,97.88230415667823,2601727.09122,111063.9845,0.001,2026-07-20T00:00:00Z,HOLD,5.0,2.0
market_value_baseline,566137,Will Liverpool win the 2025–26 Champions League?,will-liverpool-win-the-202526-champions-league,0.06499999761581421,0.07486836425960064,0.36681222707423583,0.3018122294584216,4.643265238905056,47.88230415667824,748310.2938,17372.145181,0.01,2026-05-31T00:00:00Z,HOLD,4.643265238905056,2.0
market_value_baseline,558936,Will France win the 2026 FIFA World Cup?,will-france-win-the-2026-fifa-world-cup-924,0.13750000298023224,0.2230250984430313,0.4382470119521913,0.30074700897195905,2.187250926934133,97.88230415667823,840713.39907,642807.7800669998,0.001,2026-07-20T00:00:00Z,HOLD,2.187250926934133,2.0
market_value_baseline,558961,Will South Korea win the 2026 FIFA World Cup?,will-south-korea-win-the-2026-fifa-world-cup-485,0.0044999998062849045,0.044954536482691765,0.304635761589404,0.30013576178311907,66.69683882295635,97.88230415667823,1730867.50381,160382.83275,0.001,2026-07-20T00:00:00Z,HOLD,5.0,2.0
market_value_baseline,678936,Will Park Hong-keun win the 2026 Seoul Mayoral Election,will-park-hong-keun-win-the-2026-seoul-mayoral-election,0.0044999998062849045,0.040655048564076424,0.304635761589404,0.30013576178311907,66.69683882295635,50.882304156678245,86333.59402,103206.92724999995,0.001,2026-06-03T00:00:00Z,HOLD,5.0,2.0
market_value_baseline,842005,Will Australia win Eurovision 2026?,will-australia-win-eurovision-2026,0.06700000166893005,0.07533422857522964,0.36681222707423583,0.2998122254053058,4.474809222942719,32.88230415667824,147524.2413,15744.590960999996,0.002,2026-05-16T00:00:00Z,HOLD,4.474809222942719,2.0
market_value_baseline,553853,Will the Seattle Kraken win the 2026 NHL Stanley Cup?,will-the-seattle-kraken-win-the-2026-nhl-stanley-cup,0.0035000001080334187,0.02983804466202855,0.3023255813953488,0.2988255812873154,85.37873487530251,77.88230415667825,175741.11917,14784.841993999999,0.001,2026-06-30T00:00:00Z,HOLD,5.0,2.0
market_value_baseline,842031,Will Romania win Eurovision 2026?,will-romania-win-eurovision-2026,0.03150000050663948,0.05571508966386318,0.3291139240506329,0.2976139235439934,9.448060912928023,32.88230415667824,115025.68175,36072.821937,0.001,2026-05-16T00:00:00Z,HOLD,5.0,2.0
market_value_baseline,553869,Will the Philadelphia 76ers win the 2026 NBA Finals?,will-the-philadelphia-76ers-win-the-2026-nba-finals,0.007499999832361937,0.03505247039720416,0.304635761589404,0.29713576175704204,39.6181024531392,78.88230415667825,349598.32659,90226.171977,0.001,2026-07-01T00:00:00Z,HOLD,5.0,2.0
market_value_baseline,678938,Will Seo Young-kyo win the 2026 Seoul Mayoral Election,will-seo-young-kyo-win-the-2026-seoul-mayoral-election,0.005499999970197678,0.029675180092453957,0.3023255813953488,0.29682558142515114,53.96828782427845,50.882304156678245,91479.46648,26810.7858,0.001,2026-06-03T00:00:00Z,HOLD,5.0,2.0
market_value_baseline,553881,Will the Atlanta Hawks win the 2026 NBA Finals?,will-the-atlanta-hawks-win-the-2026-nba-finals,0.008500000461935997,0.048730643466115,0.304635761589404,0.296135761127468,34.83949941574695,78.88230415667825,299619.27793,12622.664847000002,0.001,2026-07-01T00:00:00Z,HOLD,5.0,2.0
market_value_baseline,948956,"Bitcoin all time high by June 30, 2026?",bitcoin-all-time-high-by-june-30-2026,0.03350000083446503,0.06035972572863102,0.32926829268292684,0.2957682918484618,8.828904014359708,79.09063749001157,72596.92334,16278.764697,0.003,2026-07-01T05:00:00Z,HOLD,5.0,2.0
market_value_baseline,553882,Will the Charlotte Hornets win the 2026 NBA Finals?,will-the-charlotte-hornets-win-the-2026-nba-finals,0.010999999940395355,0.039183635264635086,0.304635761589404,0.2936357616490086,26.694160294554962,78.88230415667825,523799.79419,378589.1398839999,0.002,2026-07-01T00:00:00Z,HOLD,5.0,2.0
market_value_baseline,566136,Will PSG win the 2025–26 Champions League?,will-psg-win-the-202526-champions-league,0.14499999582767487,0.19635635986924171,0.4382470119521913,0.2932470161245164,2.0223932728455085,47.88230415667824,256549.7685,50020.19135800001,0.01,2026-05-31T00:00:00Z,HOLD,2.0223932728455085,2.0
market_value_baseline,558935,Will England win the 2026 FIFA World Cup?,will-england-win-the-2026-fifa-world-cup-937,0.11249999701976776,0.16913734376430511,0.40443213296398894,0.2919321359442212,2.5949523882469507,97.88230415667823,1367962.31293,302130.79923299944,0.001,2026-07-20T00:00:00Z,HOLD,2.5949523882469507,2.0
market_value_baseline,906973,Will the Fed decrease interest rates by 25 bps after the June 2026 meeting?,will-the-fed-decrease-interest-rates-by-25-bps-after-the-june-2026-meeting,0.07500000298023224,0.08317203633487225,0.36681222707423583,0.2918122240940036,3.890829499979041,64.88230415667825,90829.1701,81084.58314999999,0.01,2026-06-17T00:00:00Z,HOLD,3.890829499979041,2.0
market_value_baseline,553830,Will the Tampa Bay Lightning win the 2026 NHL Stanley Cup?,will-the-tampa-bay-lightning-win-the-2026-nhl-stanley-cup,0.148499995470047,0.20285585150122643,0.4382470119521913,0.2897470164821443,1.9511584196686884,77.88230415667825,85284.65828,113983.896491,0.002,2026-06-30T00:00:00Z,HOLD,1.9511584196686884,2.0
market_value_baseline,1652691,Will Crude Oil (CL) hit (HIGH) $175 by end of June?,will-crude-oil-cl-hit-high-175-by-end-of-june-456-295,0.11500000208616257,0.1744534783065319,0.40443213296398894,0.2894321308778264,2.516801092411914,78.65313749001157,63232.2922,51026.324311,0.01,2026-06-30T18:30:00Z,HOLD,2.516801092411914,2.0
market_value_baseline,553862,Will the Boston Celtics win the 2026 NBA Finals?,will-the-boston-celtics-win-the-2026-nba-finals,0.11649999767541885,0.148590087890625,0.40443213296398894,0.2879321352885701,2.4715205238954514,78.88230415667825,163915.76311,27972.02858200001,0.002,2026-07-01T00:00:00Z,HOLD,2.4715205238954514,2.0
market_value_baseline,553858,Will the New York Knicks win the 2026 NBA Finals?,will-the-new-york-knicks-win-the-2026-nba-finals,0.04149999842047691,0.06470204144716263,0.32926829268292684,0.28776829426244993,6.934176029280508,78.88230415667825,373689.86032,15189.086790999998,0.001,2026-07-01T00:00:00Z,HOLD,5.0,2.0
market_value_baseline,1707608,"Will Trump declare war on Iran by April 30, 2026?",will-trump-declare-war-on-iran-by-april-30-2026,0.0794999971985817,0.07261303393170238,0.36681222707423583,0.28731222987565413,3.6139904402509826,16.88230415667824,23883.57573,10855.763019999999,0.005,2026-04-30T00:00:00Z,STRONG BUY,3.6139904402509826,2.0
market_value_baseline,553860,Will the Houston Rockets win the 2026 NBA Finals?,will-the-houston-rockets-win-the-2026-nba-finals,0.01850000023841858,0.033874161541461945,0.304635761589404,0.2861357613509854,15.466797711535863,78.88230415667825,251896.78565,56273.063426000015,0.001,2026-07-01T00:00:00Z,HOLD,5.0,2.0
market_value_baseline,553859,Will the Minnesota Timberwolves win the 2026 NBA Finals?,will-the-minnesota-timberwolves-win-the-2026-nba-finals,0.02250000089406967,0.04913949593901634,0.3076923076923077,0.28519230679823804,12.675213131809528,78.88230415667825,262090.27858,30249.911025999998,0.001,2026-07-01T00:00:00Z,HOLD,5.0,2.0
market_value_baseline,1808742,"Will Trump say ""Trump University"" in April?",will-trump-say-trump-university-in-april,0.08500000089406967,0.08009311882779002,0.36681222707423583,0.28181222618016616,3.315437920187455,16.88230415667824,22537.5753,22068.573332,0.01,2026-04-30T00:00:00Z,STRONG BUY,3.315437920187455,2.0
market_value_baseline,1517836,Trump announces end of military operations against Iran by June 30th?,trump-announces-end-of-military-operations-against-iran-by-june-30th-566-326-653-781,0.7049999833106995,0.999999,0.9855403348554034,0.2805403515447039,0.3979295860792488,78.87883193445602,117113.2487,95440.81793299994,0.01,2026-06-30T23:55:00Z,HOLD,0.3979295860792488,2.0
market_value_baseline,842036,Will Ukraine win Eurovision 2026?,will-ukraine-win-eurovision-2026,0.023000000044703484,0.03230804391205311,0.3023255813953488,0.27932558135064534,12.144590469901733,32.88230415667824,140928.67293,17029.879914999998,0.001,2026-05-16T00:00:00Z,HOLD,5.0,2.0
market_value_baseline,558934,Will Spain win the 2026 FIFA World Cup?,will-spain-win-the-2026-fifa-world-cup-963,0.15950000286102295,0.25161080062389374,0.4382470119521913,0.27874700909116834,1.7476301196937836,97.88230415667823,813317.81964,422771.9143000002,0.001,2026-07-20T00:00:00Z,HOLD,1.7476301196937836,2.0
market_value_baseline,564166,Will Victor Wembanyama win the 2025–2026 NBA MVP?,will-victor-wembanyama-win-the-20252026-nba-mvp,0.050999999046325684,0.06038778834044933,0.32926829268292684,0.27826829363660116,5.4562411537270235,57.882304156678245,75739.5749,58706.114086,0.001,2026-06-10T00:00:00Z,HOLD,5.0,2.0
market_value_baseline,1791570,Will MrBeast's next video get between 90 and 100 million views on week 1?,will-mrbeasts-next-video-get-between-90-and-100-million-views-on-week-1-725,0.051500000059604645,0.05812030052766204,0.3291139240506329,0.27761392399102824,5.390561624654868,47.88230415667824,11166.00774,22971.798921,0.02,2026-05-31T00:00:00Z,HOLD,5.0,2.0
market_value_baseline,566138,Will Barcelona win the 2025–26 Champions League?,will-barcelona-win-the-202526-champions-league,0.16500000655651093,0.21113711223006248,0.4382470119521913,0.27324700539568036,1.656042391138305,47.88230415667824,217954.9222,26269.331775000002,0.01,2026-05-31T00:00:00Z,HOLD,1.656042391138305,2.0
market_value_baseline,1734822,US x Iran ceasefire before Oil hits $120?,us-x-iran-ceasefire-before-oil-hits-120,0.20999999344348907,0.3392849415540695,0.4827586206896551,0.272758627246166,1.298850646486164,77.88230415667825,16761.2821,15868.123078000004,0.02,2026-06-30T00:00:00Z,HOLD,1.298850646486164,2.0
market_value_baseline,1731345,"Iran agrees to surrender enriched uranium stockpile by June 30, 2026?",iran-agrees-to-surrender-enriched-uranium-stockpile-by-june-30-2026,0.20999999344348907,0.4752398580312729,0.4827586206896551,0.272758627246166,1.298850646486164,261.88230415667823,24201.4968,12222.700026,0.02,2026-12-31T00:00:00Z,HOLD,1.298850646486164,2.0
market_value_baseline,566146,Will Atletico Madrid win the 2025–26 Champions League?,will-atletico-madrid-win-the-202526-champions-league,0.03449999913573265,0.037069777492433786,0.304635761589404,0.2701357624536713,7.830022296258085,47.88230415667824,304381.65901,365129.819257,0.001,2026-05-31T00:00:00Z,HOLD,5.0,2.0
market_value_baseline,566188,Will Manchester City win the 2025–26 English Premier League?,will-manchester-city-win-the-202526-english-premier-league,0.13500000536441803,0.15248629450798035,0.40443213296398894,0.2694321275995709,1.9957934584688926,43.88230415667824,828603.1362,82474.365601,0.01,2026-05-27T00:00:00Z,HOLD,1.9957934584688926,2.0
market_value_baseline,1823801,"Will Ethereum dip to $1,600 in April?",will-ethereum-dip-to-1600-in-april-2026,0.13500000536441803,0.12028245814144611,0.40443213296398894,0.2694321275995709,1.9957934584688926,18.04897082334491,43146.3949,30574.043034,0.01,2026-05-01T04:00:00Z,STRONG BUY,1.9957934584688926,2.0
market_value_baseline,553866,Will the San Antonio Spurs win the 2026 NBA Finals?,will-the-san-antonio-spurs-win-the-2026-nba-finals,0.17299999296665192,0.22767756506800652,0.4382470119521913,0.2652470189855394,1.533219825255538,78.88230415667825,186218.47195,659806.4507249999,0.004,2026-07-01T00:00:00Z,HOLD,1.533219825255538,2.0
market_value_baseline,1707932,Will the Iranian regime fall by May 31?,will-the-iranian-regime-fall-by-may-31,0.06499999761581421,0.0619330913759768,0.32926829268292684,0.26426829506711264,4.0656662270833275,47.88230415667824,270683.8492,98102.21885300003,0.01,2026-05-31T00:00:00Z,HOLD,4.0656662270833275,2.0
market_value_baseline,1090199,Will Reza Pahlavi enter Iran by June 30?,will-reza-pahlavi-enter-iran-by-june-30-555-947-362-379-213,0.06499999761581421,0.06390607263892889,0.32926829268292684,0.26426829506711264,4.0656662270833275,77.88230415667825,120552.4878,28680.345088000002,0.01,2026-06-30T00:00:00Z,HOLD,4.0656662270833275,2.0
market_value_baseline,1567747,Iran x Israel/US conflict ends by April 30?,iran-x-israelus-conflict-ends-by-april-30-766-662-668-546,0.17499999701976776,0.2171928435564041,0.4382470119521913,0.26324701493242353,1.5042686823742488,16.88230415667824,63989.3172,146718.62926900003,0.01,2026-04-30T00:00:00Z,STRONG BUY,1.5042686823742488,2.0
market_value_baseline,1544528,Will Netanyahu be pardoned by June 30?,will-netanyahu-be-pardoned-by-june-30,0.2199999988079071,0.3523458242416382,0.4827586206896551,0.262758621881748,1.1943573786615134,77.88230415667825,22094.3482,19526.674884,0.02,2026-06-30T00:00:00Z,HOLD,1.1943573786615134,2.0
market_value_baseline,842013,Will Denmark win Eurovision 2026?,will-denmark-win-eurovision-2026,0.10499999672174454,0.08895922265946865,0.36681222707423583,0.2618122303524913,2.4934498907300666,32.88230415667824,131964.40183,14747.858359,0.003,2026-05-16T00:00:00Z,HOLD,2.4934498907300666,2.0
market_value_baseline,1484987,Netanyahu out by June 30?,netanyahu-out-by-june-30-383-244-575,0.04500000178813934,0.0343028474599123,0.304635761589404,0.25963575980126463,5.769683321872598,77.88230415667825,580781.7508,18484.188711999996,0.01,2026-06-30T00:00:00Z,HOLD,5.0,2.0
market_value_baseline,1712302,Will WTI Crude Oil (WTI) hit (LOW) $70 in April?,will-wti-dip-to-70-in-april-2026-432-431-838-754,0.04500000178813934,0.03508837707340717,0.304635761589404,0.25963575980126463,5.769683321872598,18.048970811770836,38124.8599,14989.830583,0.01,2026-05-01T03:59:59.999Z,STRONG BUY,5.0,2.0
market_value_baseline,566227,Will Real Madrid win the 2025–26 La Liga?,will-real-madrid-win-the-202526-la-liga,0.04500000178813934,0.04115720000118017,0.304635761589404,0.25963575980126463,5.769683321872598,46.88230415667824,164434.4878,12147.21165,0.01,2026-05-30T00:00:00Z,HOLD,5.0,2.0
market_value_baseline,1543487,US-Iran nuclear deal by April 30?,us-iran-nuclear-deal-by-april-30,0.04749999940395355,0.03208872675895691,0.3023255813953488,0.25482558199139527,5.36474916187442,16.88230415667824,66939.49159,59146.69676500001,0.007,2026-04-30T00:00:00Z,STRONG BUY,5.0,2.0
market_value_baseline,1712301,Will WTI Crude Oil (WTI) hit (LOW) $80 in April?,will-wti-dip-to-80-in-april-2026-116-129-341,0.1850000023841858,0.20381785742938519,0.4382470119521913,0.2532470095680055,1.36890273677993,18.048970811770836,97105.0825,104956.33184400001,0.01,2026-05-01T03:59:59.999Z,STRONG BUY,1.36890273677993,2.0
market_value_baseline,1632626,Will Fabiano Caruana win the 2026 FIDE Candidates Tournament?,will-fabiano-caruana-win-the-2026-fide-candidates-tournament,0.14499999582767487,0.09829945489764214,0.39759036144578314,0.25259036561810827,1.7420025716297198,3.882304156678241,22353.4426,15184.889421000002,0.01,2026-04-17T00:00:00Z,STRONG BUY,1.7420025716297198,2.0
market_value_baseline,1664039,Will OpenAI have the best AI model at the end of April 2026?,will-openai-have-the-best-ai-model-at-the-end-of-april-2026,0.05050000175833702,0.030268274247646332,0.3023255813953488,0.2518255796370118,4.986644967699195,16.88230415667824,15403.54178,48480.519003,0.001,2026-04-30T00:00:00Z,STRONG BUY,4.986644967699195,2.0
market_value_baseline,1469737,Will Mojtaba Khamenei be head of state in Iran end of 2026?,will-mojtaba-khamenei-be-head-of-state-in-iran-end-of-2026,0.5669999718666077,0.9253281652927399,0.8181818181818182,0.25118184631521057,0.44300151460025744,261.88230415667823,59692.7267,25662.411515999996,0.015,2026-12-31T00:00:00Z,HOLD,0.44300151460025744,2.0
market_value_baseline,1571566,US x Iran ceasefire by December 31?,us-x-iran-ceasefire-by-december-31-969-392,0.7350000143051147,0.999999,0.9855403348554034,0.25054032055028863,0.3408711777878739,261.88230415667823,186422.834,65575.22010000002,0.01,2026-12-31T00:00:00Z,HOLD,0.3408711777878739,2.0
market_value_baseline,1540956,Will María Corina Machado enter Venezuela by April 30?,will-mara-corina-machado-enter-venezuela-by-april-30,0.1550000011920929,0.1298103928565979,0.40443213296398894,0.24943213177189605,1.6092395474421486,16.88230415667824,43899.7093,25592.746185,0.02,2026-04-30T00:00:00Z,STRONG BUY,1.6092395474421486,2.0
market_value_baseline,1567746,Iran x Israel/US conflict ends by April 15?,iran-x-israelus-conflict-ends-by-april-15-618-586-982,0.05700000002980232,0.040318187326192856,0.304635761589404,0.24763576155960165,4.344487042633787,1.8823041566782406,70893.53381,271533.0150649999,0.003,2026-04-15T00:00:00Z,STRONG BUY,4.344487042633787,2.0
market_value_baseline,1791567,Will MrBeast's next video get between 60 and 70 million views on week 1?,will-mrbeasts-next-video-get-between-60-and-70-million-views-on-week-1-638,0.05950000137090683,0.02910810336470604,0.3023255813953488,0.242825580024442,4.081102091254307,47.88230415667824,10023.60525,32243.893114000002,0.009,2026-05-31T00:00:00Z,HOLD,4.081102091254307,2.0
market_value_baseline,1823781,"Will Bitcoin dip to $55,000 in April?",will-bitcoin-dip-to-55k-in-april-2026,0.125,0.07484620437026024,0.36681222707423583,0.24181222707423583,1.9344978165938866,18.04897082334491,131910.4204,79109.08847399999,0.01,2026-05-01T04:00:00Z,STRONG BUY,1.9344978165938866,2.0
market_value_baseline,701501,"Will Bitcoin dip to $55,000 by December 31, 2026?",will-bitcoin-dip-to-55000-by-december-31-2026-527-627-868-745-188-361-314-673-612-946-821-624-855-557-684-381,0.7450000047683716,0.999999,0.9855403348554034,0.2405403300870318,0.3228729242247701,263.0906374900116,117663.7534,33546.01178000001,0.01,2027-01-01T05:00:00Z,HOLD,0.3228729242247701,2.0
market_value_baseline,842035,Will Switzerland win Eurovision 2026?,will-switzerland-win-eurovision-2026,0.0044999998062849045,0.024731798097491264,0.24489795918367346,0.24039795937738856,53.42177105022046,32.88230415667824,322357.13272,32190.601499999993,0.001,2026-05-16T00:00:00Z,HOLD,5.0,2.0
market_value_baseline,1823782,"Will Bitcoin dip to $50,000 in April?",will-bitcoin-dip-to-50k-in-april-2026,0.06499999761581421,0.037294600158929825,0.304635761589404,0.23963576397358977,3.686704196359654,18.04897082334491,118411.3862,99207.35441499998,0.01,2026-05-01T04:00:00Z,STRONG BUY,3.686704196359654,2.0
market_value_baseline,553877,Will the Phoenix Suns win the 2026 NBA Finals?,will-the-phoenix-suns-win-the-2026-nba-finals,0.005499999970197678,0.023184387013316154,0.24489795918367346,0.23939795921347579,43.52690191103246,78.88230415667825,472570.10431,26581.722573000006,0.002,2026-07-01T00:00:00Z,HOLD,5.0,2.0
market_value_baseline,567687,Russia x Ukraine ceasefire by end of 2026?,russia-x-ukraine-ceasefire-before-2027,0.24500000476837158,0.5149799287319183,0.4827586206896551,0.2377586159212835,0.9704433114034661,261.88230415667823,489539.5621,74347.770716,0.01,2026-12-31T00:00:00Z,HOLD,0.9704433114034661,2.0
market_value_baseline,906976,Will the Fed increase interest rates by 50+ bps after the June 2026 meeting?,will-the-fed-increase-interest-rates-by-50-bps-after-the-june-2026-meeting,0.007499999832361937,0.02421068726107478,0.24489795918367346,0.23739795935131153,31.653061954342604,64.88230415667825,183705.47732,29735.91071,0.001,2026-06-17T00:00:00Z,HOLD,5.0,2.0
market_value_baseline,665374,Will the U.S. invade Iran before 2027?,will-the-us-invade-iran-before-2027,0.5849999785423279,0.9541436433792114,0.8181818181818182,0.23318183963949035,0.39860144990179414,261.88230415667823,242898.1705,782470.9089490002,0.01,2026-12-31T00:00:00Z,HOLD,0.39860144990179414,2.0
market_value_baseline,665325,US-Iran nuclear deal before 2027?,us-iran-nuclear-deal-before-2027,0.4050000011920929,0.7555690705776215,0.6378600823045267,0.23286008111243384,0.5749631615482083,261.88230415667823,54907.2504,33445.472782,0.01,2026-12-31T00:00:00Z,HOLD,0.5749631615482083,2.0
market_value_baseline,1807966,Will WTI Crude Oil (WTI) hit (HIGH) $170 in April?,will-wti-crude-oil-wti-hit-high-170-in-april-147,0.07199999690055847,0.04716254584491253,0.304635761589404,0.2326357646888455,3.231052426434772,18.048970811770836,40078.55549,94796.950388,0.001,2026-05-01T03:59:59.999Z,STRONG BUY,3.231052426434772,2.0
market_value_baseline,1662802,Trump announces end of military operations against Iran by April 15th?,trump-announces-end-of-military-operations-against-iran-by-april-15th-962-364-677,0.13500000536441803,0.07466205209493637,0.36681222707423583,0.2318122217098178,1.7171274999883561,2.8788319344560183,90803.1866,246533.738679,0.01,2026-04-15T23:55:00Z,STRONG BUY,1.7171274999883561,2.0
market_value_baseline,553835,Will the Washington Capitals win the 2026 NHL Stanley Cup?,will-the-washington-capitals-win-the-2026-nhl-stanley-cup,0.001500000013038516,0.014689969597384334,0.23076923076923078,0.22926923075619227,152.84615250887018,77.88230415667825,147967.32098,19283.350000000002,0.001,2026-06-30T00:00:00Z,HOLD,5.0,2.0
market_value_baseline,906975,Will the Fed increase interest rates by 25 bps after the June 2026 meeting?,will-the-fed-increase-interest-rates-by-25-bps-after-the-june-2026-meeting,0.01899999938905239,0.027619177475571632,0.2475453429801587,0.22854534359110631,12.028702681053339,64.88230415667825,167503.89418,32149.459489,0.002,2026-06-17T00:00:00Z,HOLD,5.0,2.0
market_value_baseline,553879,Will the Portland Trail Blazers win the 2026 NBA Finals?,will-the-portland-trail-blazers-win-the-2026-nba-finals,0.0024999999441206455,0.018924661446362734,0.23076923076923078,0.22826923082511014,91.30769437093007,78.88230415667825,1187822.85319,158387.64983100016,0.001,2026-07-01T00:00:00Z,HOLD,5.0,2.0
market_value_baseline,566229,Will Atletico Madrid win the 2025–26 La Liga?,will-atletico-madrid-win-the-202526-la-liga,0.0024999999441206455,0.013730083126574755,0.23076923076923078,0.22826923082511014,91.30769437093007,46.88230415667824,373831.84531,128361.78800000002,0.001,2026-05-30T00:00:00Z,HOLD,5.0,2.0
market_value_baseline,566140,Will Arsenal win the 2025–26 Champions League?,will-arsenal-win-the-202526-champions-league,0.2549999952316284,0.3070017173886299,0.4827586206896551,0.22775862545802666,0.8931710969294052,47.88230415667824,310995.1513,21285.28841700001,0.01,2026-05-31T00:00:00Z,HOLD,0.8931710969294052,2.0
market_value_baseline,553864,Will the Orlando Magic win the 2026 NBA Finals?,will-the-orlando-magic-win-the-2026-nba-finals,0.0035000001080334187,0.014207736123353243,0.23076923076923078,0.22726923066119736,64.93406389889955,78.88230415667825,535973.59692,18934.759312,0.001,2026-07-01T00:00:00Z,HOLD,5.0,2.0
market_value_baseline,553876,Will the Toronto Raptors win the 2026 NBA Finals?,will-the-toronto-raptors-win-the-2026-nba-finals,0.0044999998062849045,0.014668172225356102,0.23076923076923078,0.22626923096294588,50.28205348963082,78.88230415667825,463858.22883,186829.70949999985,0.001,2026-07-01T00:00:00Z,HOLD,5.0,2.0
market_value_baseline,553873,Will the Miami Heat win the 2026 NBA Finals?,will-the-miami-heat-win-the-2026-nba-finals,0.005499999970197678,0.015719370916485786,0.23076923076923078,0.2252692307990331,40.95804218539598,78.88230415667825,390779.21784,20940.093732999998,0.001,2026-07-01T00:00:00Z,HOLD,5.0,2.0
market_value_baseline,678931,Will Cho Eun-hee win the 2026 Seoul Mayoral Election,will-cho-eun-hee-win-the-2026-seoul-mayoral-election,0.007499999832361937,0.018912540283054113,0.23076923076923078,0.22326923093686885,29.769231456976687,50.882304156678245,91894.63414,14152.406417999997,0.001,2026-06-03T00:00:00Z,HOLD,5.0,2.0
market_value_baseline,678935,Will Park Yong-jin win the 2026 Seoul Mayoral Election,will-park-yong-jin-win-the-2026-seoul-mayoral-election,0.007499999832361937,0.013858586084097624,0.23076923076923078,0.22326923093686885,29.769231456976687,50.882304156678245,53421.18434,12371.959138,0.001,2026-06-03T00:00:00Z,HOLD,5.0,2.0
market_value_baseline,1791571,Will MrBeast's next video get between 100 and 110 million views on week 1?,will-mrbeasts-next-video-get-between-100-and-110-million-views-on-week-1-174,0.02250000089406967,0.023951117182150483,0.24489795918367346,0.2223979582896038,9.884353308991257,47.88230415667824,9051.25826,21632.845145000003,0.007,2026-05-31T00:00:00Z,HOLD,5.0,2.0
market_value_baseline,906972,Will the Fed decrease interest rates by 50+ bps after the June 2026 meeting?,will-the-fed-decrease-interest-rates-by-50-bps-after-the-june-2026-meeting,0.008500000461935997,0.019200347363948822,0.23076923076923078,0.22226923030729479,26.149319791527375,64.88230415667825,238677.17282,24309.527109999995,0.001,2026-06-17T00:00:00Z,HOLD,5.0,2.0
market_value_baseline,540881,GTA VI released before June 2026?,gta-vi-released-before-june-2026,0.011500000022351742,0.012615135870873928,0.23076923076923078,0.21926923074687904,19.06688959310442,48.38230415667824,49884.40156,43432.558260000005,0.001,2026-05-31T12:00:00Z,HOLD,5.0,2.0
market_value_baseline,1130016,Will New People (NL) gain the most seats in the next Russian parliamentary election?,will-new-people-nl-gain-the-most-seats-in-the-next-russian-parliamentary-election,0.2644999921321869,0.5111055672168732,0.4827586206896551,0.2182586285574682,0.8251744236286819,169.88230415667823,39531.05217,30415.322151,0.013,2026-09-30T00:00:00Z,HOLD,0.8251744236286819,2.0
market_value_baseline,1791572,Will MrBeast's next video get 110 million or more views on week 1?,will-mrbeasts-next-video-get-110-million-or-more-views-on-week-1-575,0.027000000700354576,0.023987948894500732,0.24489795918367346,0.2178979584833189,8.070294549305599,47.88230415667824,9478.38229,36483.949534,0.007,2026-05-31T00:00:00Z,HOLD,5.0,2.0
market_value_baseline,663583,Will the Iranian regime fall before 2027?,will-the-iranian-regime-fall-by-the-end-of-2026,0.26499998569488525,0.564065545797348,0.4827586206896551,0.21775863499476983,0.8217307424517826,261.88230415667823,465477.6456,61979.149121,0.01,2026-12-31T00:00:00Z,HOLD,0.8217307424517826,2.0
market_value_baseline,553863,Will the Los Angeles Lakers win the 2026 NBA Finals?,will-the-los-angeles-lakers-win-the-2026-nba-finals,0.014000000432133675,0.01867044437676668,0.23076923076923078,0.2167692303370971,15.48351597472489,78.88230415667825,375378.51044,398651.10126200016,0.001,2026-07-01T00:00:00Z,HOLD,5.0,2.0
market_value_baseline,566142,Will Bayern Munich win the 2025–26 Champions League?,will-bayern-munich-win-the-202526-champions-league,0.22499999403953552,0.2737620621919632,0.4382470119521913,0.21324701791265577,0.9477645491634342,47.88230415667824,229514.3369,16353.891600000004,0.01,2026-05-31T00:00:00Z,HOLD,0.9477645491634342,2.0
market_value_baseline,1535973,Iran leadership change by December 31?,iran-leadership-change-by-december-31-974-976-658-482-568,0.42500001192092896,0.7324438989162445,0.6378600823045267,0.21286007038359778,0.5008472103836089,261.88230415667823,86736.3988,34652.47925500001,0.01,2026-12-31T00:00:00Z,HOLD,0.5008472103836089,2.0
market_value_baseline,1540766,Strait of Hormuz traffic returns to normal by end of April?,strait-of-hormuz-traffic-returns-to-normal-by-april-30,0.1550000011920929,0.09071911126375198,0.36681222707423583,0.21181222588214293,1.3665304790523334,16.88230415667824,206504.886,235380.62885099923,0.01,2026-04-30T00:00:00Z,STRONG BUY,1.3665304790523334,2.0
market_value_baseline,842034,Will Sweden win Eurovision 2026?,will-sweden-win-eurovision-2026,0.03400000184774399,0.025448335334658623,0.24489795918367346,0.21089795733592948,6.202880761017466,32.88230415667824,150937.74677,16162.574748999996,0.001,2026-05-16T00:00:00Z,HOLD,5.0,2.0
market_value_baseline,1712303,Will WTI Crude Oil (WTI) hit (LOW) $60 in April?,will-wti-dip-to-60-in-april-2026-326-291-744-461,0.020999999716877937,0.013760215137153864,0.23076923076923078,0.20976923105235284,9.989011137164871,18.048970811770836,36324.6918,20560.517073,0.002,2026-05-01T03:59:59.999Z,HOLD,5.0,2.0
market_value_baseline,566737,Will Lens win the 2025–26 French Ligue 1?,will-lens-win-the-202526-french-ligue-1,0.02199999988079071,0.018673287238925695,0.23076923076923078,0.20876923088844007,9.489510546348995,46.88230415667824,36748.4792,11306.141081,0.004,2026-05-30T00:00:00Z,HOLD,5.0,2.0
market_value_baseline,1823803,"Will Ethereum dip to $1,200 in April?",will-ethereum-dip-to-1200-in-april-2026,0.0364999994635582,0.02715112827718258,0.24489795918367346,0.20839795972011527,5.709533226930071,18.04897082334491,67906.26264,45947.343308,0.001,2026-05-01T04:00:00Z,STRONG BUY,5.0,2.0
market_value_baseline,951183,Will the Bharatiya Janata Party (BJP) win the most seats in the 2026 West Bengal Legislative Assembly election?,will-the-bharatiya-janata-party-bjp-win-the-most-seats-in-the-2026-west-bengal-legislative-assembly-election,0.2750000059604645,0.3118126206099987,0.4827586206896551,0.2077586147291906,0.7554858553677963,15.882304156678241,12397.65694,16913.548023,0.007,2026-04-29T00:00:00Z,STRONG BUY,0.7554858553677963,2.0
market_value_baseline,842016,Will France win Eurovision 2026?,will-france-win-eurovision-2026,0.12200000137090683,0.06476536765694618,0.32926829268292684,0.20726829131202001,1.6989204014996593,32.88230415667824,250590.1323,31987.725254999998,0.004,2026-05-16T00:00:00Z,HOLD,1.6989204014996593,2.0
market_value_baseline,1664038,Will Google have the best AI model at the end of April 2026?,will-google-have-the-best-ai-model-at-the-end-of-april-2026,0.026499999687075615,0.011655377224087715,0.23076923076923078,0.20426923108215517,7.708272962047613,16.88230415667824,22446.52158,12714.398882000003,0.001,2026-04-30T00:00:00Z,HOLD,5.0,2.0
market_value_baseline,1808927,"Will Israel launch a ground operation in Iran by May 31, 2026?",will-israel-launch-a-ground-operation-in-iran-by-may-31-2026,0.2800000011920929,0.3891178369522095,0.4827586206896551,0.2027586194975622,0.724137923694009,47.88230415667824,12594.0045,31209.37657600001,0.04,2026-05-31T00:00:00Z,HOLD,0.724137923694009,2.0
market_value_baseline,1807967,Will WTI Crude Oil (WTI) hit (HIGH) $200 in April?,will-wti-crude-oil-wti-hit-high-200-in-april,0.03150000050663948,0.015654075890779495,0.23076923076923078,0.1992692302625913,6.326007208177343,18.048970811770836,476894.12748,567991.2017010006,0.001,2026-05-01T03:59:59.999Z,STRONG BUY,5.0,2.0
market_value_baseline,1628449,"Will Israel launch a ground operation in Iran by April 30, 2026?",will-israel-launch-a-ground-operation-in-iran-by-april-30-2026,0.23999999463558197,0.2543821670114994,0.4382470119521913,0.19824701731660932,0.8260292572823982,16.88230415667824,22949.8007,161190.00442599997,0.01,2026-04-30T00:00:00Z,STRONG BUY,0.8260292572823982,2.0
market_value_baseline,1748641,"Will Claude 5 be released by May 31, 2026?",will-claude-5-be-released-by-may-31-2026,0.28999999165534973,0.40677015483379364,0.4827586206896551,0.19275862903430535,0.664684946830582,47.88230415667824,25797.309,13131.834062000002,0.02,2026-05-31T00:00:00Z,HOLD,0.664684946830582,2.0
market_value_baseline,1712294,Will WTI Crude Oil (WTI) hit (HIGH) $150 in April?,will-wti-reach-150-in-april-2026-838-235-638,0.17499999701976776,0.09201332926750183,0.36681222707423583,0.19181223005446807,1.096069904691491,18.048970811770836,100373.8855,89030.12167900002,0.01,2026-05-01T03:59:59.999Z,STRONG BUY,1.096069904691491,2.0
market_value_baseline,1838758,Kash Patel out by April 30?,kash-patel-out-by-april-30-481,0.2150000035762787,0.1636386774480343,0.40443213296398894,0.18943212938771026,0.8810796569149947,77.88230415667825,85900.6152,14717.691536999997,0.01,2026-06-30T00:00:00Z,HOLD,0.8810796569149947,2.0
market_value_baseline,1494702,Will Crude Oil (CL) hit (HIGH) $150 by end of June?,will-crude-oil-cl-hit-high-150-by-end-of-june-788-691,0.25,0.2606416828930378,0.4382470119521913,0.1882470119521913,0.7529880478087652,78.65313749001157,58774.14,45373.878564000006,0.01,2026-06-30T18:30:00Z,HOLD,0.7529880478087652,2.0
market_value_baseline,1811265,Pete Hegseth out as Secretary of Defense by December 31?,pete-hegseth-out-as-secretary-of-defense-by-december-31,0.44999998807907104,0.7582646906375885,0.6378600823045267,0.1878600942254557,0.417466887115664,261.88230415667823,20841.19,21292.055166000002,0.02,2026-12-31T00:00:00Z,HOLD,0.417466887115664,2.0
market_value_baseline,1570155,"US x Iran meeting by April 30, 2026?",us-x-iran-meeting-by-april-30-2026-392-855,0.29499998688697815,0.3369950093328953,0.4827586206896551,0.18775863380267693,0.6364699733854969,16.88230415667824,24221.1936,25732.26922899999,0.01,2026-04-30T00:00:00Z,STRONG BUY,0.6364699733854969,2.0
market_value_baseline,1707863,Israel military action against Fordow nuclear facility by April 15?,israel-military-action-against-fordow-nuclear-facility-by-april-15,0.05950000137090683,0.023563023656606674,0.24489795918367346,0.18539795781276663,3.115931992287633,1.8823041566782406,15275.16021,14300.996407999995,0.002,2026-04-15T00:00:00Z,STRONG BUY,3.115931992287633,2.0
market_value_baseline,1611267,Kharg Island no longer under Iranian control by April 30?,kharg-island-no-longer-under-iranian-control-by-april-30-912,0.1850000023841858,0.0727778896689415,0.36681222707423583,0.18181222469005004,0.9827687694429551,17.87883193445602,293972.1244,130184.42922500003,0.01,2026-04-30T23:55:00Z,STRONG BUY,0.9827687694429551,2.0
market_value_baseline,842019,Will Greece win Eurovision 2026?,will-greece-win-eurovision-2026,0.06449999660253525,0.02310248836874962,0.24489795918367346,0.18039796258113822,2.7968677842387275,32.88230415667824,190536.91649,20187.745104,0.001,2026-05-16T00:00:00Z,HOLD,2.7968677842387275,2.0
market_value_baseline,1535972,Iran leadership change by April 30?,iran-leadership-change-by-april-30,0.1550000011920929,0.06488940119743347,0.32926829268292684,0.17426829149083395,1.124311549358388,16.88230415667824,51992.4612,276078.088779,0.01,2026-04-30T00:00:00Z,STRONG BUY,1.124311549358388,2.0
market_value_baseline,1363116,"Will Claude 5 be released by April 30, 2026?",will-claude-5-be-released-by-april-30-2026,0.1550000011920929,0.05572400987148285,0.3291139240506329,0.17411392285854,1.1233156227060865,16.88230415667824,64723.151,35816.824136,0.01,2026-04-30T00:00:00Z,STRONG BUY,1.1233156227060865,2.0
market_value_baseline,1517835,Trump announces end of military operations against Iran by April 30th?,trump-announces-end-of-military-operations-against-iran-by-april-30th-753-882-164-769,0.3149999976158142,0.4103633463382721,0.4827586206896551,0.16775862307384087,0.5325670614081895,17.87883193445602,120903.4601,180058.44531000004,0.01,2026-04-30T23:55:00Z,STRONG BUY,0.5325670614081895,2.0
market_value_baseline,562187,Will John Cornyn win the 2026 Texas Republican Primary?,will-john-cornyn-win-the-2026-republican-primary,0.3149999976158142,0.32254547346383333,0.4827586206896551,0.16775862307384087,0.5325670614081895,42.88230415667824,44299.3127,13620.873416,0.01,2026-05-26T00:00:00Z,HOLD,0.5325670614081895,2.0
market_value_baseline,1763610,US announces military support of Kurds in Iran by April 30?,us-announces-military-support-of-kurds-in-iran-by-april-30,0.13699999451637268,0.037259459495544434,0.304635761589404,0.1676357670730313,1.2236187867365014,16.88230415667824,15815.81409,56953.05581600004,0.003,2026-04-30T00:00:00Z,STRONG BUY,1.2236187867365014,2.0
market_value_baseline,562794,Will the Republican Party control the Senate after the 2026 Midterm elections?,will-the-republican-party-control-the-senate-after-the-2026-midterm-elections,0.4749999940395355,0.7208654284477234,0.6378600823045267,0.1628600882649912,0.342863348018139,203.88230415667826,210882.4494,23531.299011999996,0.01,2026-11-03T00:00:00Z,HOLD,0.342863348018139,2.0
market_value_baseline,609655,US recession by end of 2026?,us-recession-by-end-of-2026,0.32499998807907104,0.579630583524704,0.4857142857142857,0.16071429763521466,0.49450554932363133,292.88230415667823,63937.1686,11519.493964000003,0.01,2027-01-31T00:00:00Z,HOLD,0.49450554932363133,2.0
market_value_baseline,1641032,"Will another country conduct military action against Iran by April 30, 2026?",will-another-country-conduct-military-action-against-iran-by-april-30-2026,0.2800000011920929,0.1823635995388031,0.4382470119521913,0.1582470107600984,0.565167893165592,16.88230415667824,37775.9604,17754.832092000004,0.02,2026-04-30T00:00:00Z,STRONG BUY,0.565167893165592,2.0
market_value_baseline,1823776,"Will Bitcoin reach $80,000 in April?",will-bitcoin-reach-80k-in-april-2026,0.17499999701976776,0.05218727886676788,0.3291139240506329,0.15411392703086513,0.8806510266023412,18.04897082334491,73054.7708,71968.84154899999,0.01,2026-05-01T04:00:00Z,STRONG BUY,0.8806510266023412,2.0
market_value_baseline,540819,Will Jesus Christ return before GTA VI?,will-jesus-christ-return-before-gta-vi-665,0.48500001430511475,0.6865727007389069,0.6378600823045267,0.15286006799941199,0.315175388640808,109.38230415667823,900843.1291,253445.8648470002,0.01,2026-07-31T12:00:00Z,HOLD,0.315175388640808,2.0
market_value_baseline,540844,Will bitcoin hit $1m before GTA VI?,will-bitcoin-hit-1m-before-gta-vi-872,0.48750001192092896,0.6806788742542267,0.6378600823045267,0.15036007038359778,0.30843090606526125,109.38230415667823,422786.83555,47014.35027699995,0.001,2026-07-31T12:00:00Z,HOLD,0.30843090606526125,2.0
market_value_baseline,1569627,US x Iran ceasefire by April 15?,us-x-iran-ceasefire-by-april-15-182-528-637,0.1550000011920929,0.039726532995700836,0.304635761589404,0.14963576039731108,0.9653919951385428,1.8823041566782406,359628.1475,1714295.4178780036,0.01,2026-04-15T00:00:00Z,STRONG BUY,0.9653919951385428,2.0
market_value_baseline,553867,Will the Golden State Warriors win the 2026 NBA Finals?,will-the-golden-state-warriors-win-the-2026-nba-finals,0.0024999999441206455,0.009800878819078207,0.15,0.14750000005587935,59.000001341104536,78.88230415667825,1352442.02924,176823.6688309999,0.001,2026-07-01T00:00:00Z,HOLD,5.0,2.0
market_value_baseline,842008,Will Belgium win Eurovision 2026?,will-belgium-win-eurovision-2026,0.0044999998062849045,0.009455639403313398,0.15,0.1455000001937151,32.33333476826003,32.88230415667824,365083.3619,11430.54075,0.001,2026-05-16T00:00:00Z,HOLD,5.0,2.0
market_value_baseline,842028,Will Norway win Eurovision 2026?,will-norway-win-eurovision-2026,0.005499999970197678,0.008901956025511026,0.15,0.14450000002980232,26.272727420507383,32.88230415667824,252370.43141,27627.668131999995,0.001,2026-05-16T00:00:00Z,HOLD,5.0,2.0
market_value_baseline,567688,Netanyahu out by end of 2026?,netanyahu-out-before-2027-684-719-226,0.3449999988079071,0.600406676530838,0.4857142857142857,0.1407142869063786,0.40786749968867986,261.88230415667823,75526.3848,16525.623481,0.01,2026-12-31T00:00:00Z,HOLD,0.40786749968867986,2.0
market_value_baseline,1571571,Iran x Israel/US conflict ends by December 31?,iran-x-israelus-conflict-ends-by-december-31-788-548,0.8450000286102295,0.999999,0.9855403348554034,0.14054030624517388,0.16631988341624124,77.88230415667825,105580.2381,95672.00854400001,0.02,2026-06-30T00:00:00Z,HOLD,0.16631988341624124,2.0
market_value_baseline,1808970,US obtains Iranian enriched uranium by May 31?,us-obtains-iranian-enriched-uranium-by-may-31,0.16500000655651093,0.034322455525398254,0.304635761589404,0.13963575503289305,0.8462772696016175,47.88230415667824,88660.6625,263278.22059200006,0.01,2026-05-31T00:00:00Z,HOLD,0.8462772696016175,1.9947965004699004
market_value_baseline,1641031,"Will another country conduct military action against Iran by April 15, 2026?",will-another-country-conduct-military-action-against-iran-by-april-15-2026,0.16500000655651093,0.040546104311943054,0.304635761589404,0.13963575503289305,0.8462772696016175,1.8823041566782406,29875.5459,45585.66833200001,0.01,2026-04-15T00:00:00Z,STRONG BUY,0.8462772696016175,1.9947965004699004
market_value_baseline,706279,Will Trump visit China by April 30?,will-trump-visit-china-by-april-30,0.010999999940395355,0.0083065927028656,0.15,0.13900000005960464,12.636363710253692,16.88230415667824,267612.54194,309526.00166400004,0.002,2026-04-30T00:00:00Z,HOLD,5.0,1.9857142865657804
market_value_baseline,553843,Will the Philadelphia Flyers win the 2026 NHL Stanley Cup?,will-the-philadelphia-flyers-win-the-2026-nhl-stanley-cup,0.010999999940395355,0.009313183138146996,0.15,0.13900000005960464,12.636363710253692,77.88230415667825,90756.88171,11578.495047,0.001,2026-06-30T00:00:00Z,HOLD,5.0,1.9857142865657804
market_value_baseline,1791569,Will MrBeast's next video get between 80 and 90 million views on week 1?,will-mrbeasts-next-video-get-between-80-and-90-million-views-on-week-1-143,0.30000001192092896,0.2509697861969471,0.4382470119521913,0.13824700003126233,0.4608233151260678,47.88230415667824,9199.4249,34394.640294,0.03,2026-05-31T00:00:00Z,HOLD,0.4608233151260678,1.9749571433037474
market_value_baseline,1484914,Iran x Israel/US conflict ends by May 15?,iran-x-israelus-conflict-ends-by-may-15-562-372-916-721-496,0.3050000071525574,0.2730456441640854,0.4382470119521913,0.13324700479963392,0.43687541532740143,31.882304156678238,77167.6184,105701.05387799998,0.01,2026-05-15T00:00:00Z,HOLD,0.43687541532740143,1.90352863999477
market_value_baseline,1708086,Kharg Island no longer under Iranian control by June 30?,kharg-island-no-longer-under-iranian-control-by-june-30-561-854,0.3050000071525574,0.20673559606075287,0.4382470119521913,0.13324700479963392,0.43687541532740143,78.87883193445602,77620.6769,30243.656480999998,0.01,2026-06-30T23:55:00Z,HOLD,0.43687541532740143,1.90352863999477
market_value_baseline,1806245,Milwaukee Brewers vs. Boston Red Sox,mlb-mil-bos-2026-04-06,0.5049999952316284,0.6553853899240494,0.6378600823045267,0.13286008707289831,0.2630892838166451,0.8302208233449073,158901.092,14631.620277000002,0.01,2026-04-13T22:45:00Z,STRONG BUY,0.2630892838166451,1.8980012438985472
market_value_baseline,562830,"2026 Balance of Power: R Senate, D House",2026-balance-of-power-r-senate-d-house-444,0.35499998927116394,0.5839545726776123,0.4857142857142857,0.13071429644312177,0.368209296883321,203.88230415667826,120961.7604,11550.984443,0.01,2026-11-03T00:00:00Z,HOLD,0.368209296883321,1.8673470920445965
market_value_baseline,1823800,"Will Ethereum dip to $1,800 in April?",will-ethereum-dip-to-1800-in-april-2026,0.35499998927116394,0.32820764370262623,0.4827586206896551,0.12775863141849114,0.35988347966090706,18.04897082334491,56698.2012,17921.700233000003,0.01,2026-05-01T04:00:00Z,STRONG BUY,0.35988347966090706,1.8251233059784446
market_value_baseline,1823780,"Will Bitcoin dip to $60,000 in April?",will-bitcoin-dip-to-60k-in-april-2026,0.3149999976158142,0.2606911174952984,0.4382470119521913,0.12324701433637708,0.39126036593401425,18.04897082334491,74968.28,69968.74868900003,0.01,2026-05-01T04:00:00Z,STRONG BUY,0.39126036593401425,1.7606716333768153
market_value_baseline,562793,Will the Democratic Party control the Senate after the 2026 Midterm elections?,will-the-democratic-party-control-the-senate-after-the-2026-midterm-elections,0.5149999856948853,0.7588709145784378,0.6378600823045267,0.12286009660964148,0.23856330101420753,203.88230415667826,191533.3332,33472.32213700001,0.01,2026-11-03T00:00:00Z,HOLD,0.23856330101420753,1.7551442372805923
market_value_baseline,566187,Will Arsenal win the 2025–26 English Premier League?,will-arsenal-win-the-202526-english-premier-league,0.8650000095367432,0.999999,0.9855403348554034,0.12054032531866021,0.13935297571062044,43.88230415667824,422425.9883,63858.20240300003,0.01,2026-05-27T00:00:00Z,HOLD,0.13935297571062044,1.7220046474094315
market_value_baseline,561370,Will Kon Knueppel win the 2025–26 NBA Rookie of the Year award?,will-kon-knueppel-win-the-202526-nba-rookie-of-the-year-award,0.36250001192092896,0.3661129344254732,0.4827586206896551,0.12025860876872613,0.33174787534891936,34.88230415667824,13604.17032,20035.608312999997,0.017,2026-05-18T00:00:00Z,HOLD,0.33174787534891936,1.717980125267516
market_value_baseline,1708133,Iran leadership change by June 30?,iran-leadership-change-by-june-30-689-922,0.25,0.07245951890945435,0.36681222707423583,0.11681222707423583,0.4672489082969433,77.88230415667825,20402.7555,47976.06634,0.02,2026-06-30T00:00:00Z,HOLD,0.4672489082969433,1.6687461010605118
market_value_baseline,540843,Will China invades Taiwan before GTA VI?,will-china-invades-taiwan-before-gta-vi-716,0.5249999761581421,0.737465426325798,0.6378600823045267,0.11286010614638464,0.21497164051753895,109.38230415667823,70733.1052,109182.63174099984,0.01,2026-07-31T12:00:00Z,HOLD,0.21497164051753895,1.6122872306626377
market_value_baseline,1609728,Bab el-Mandeb Strait effectively closed by April 30?,bab-el-mandeb-strait-effectively-closed-by-april-30,0.2549999952316284,0.07807400822639465,0.36681222707423583,0.11181223184260741,0.43847934875858774,16.88230415667824,34985.8961,48373.43839700001,0.01,2026-04-30T00:00:00Z,STRONG BUY,0.43847934875858774,1.5973175977515344
market_value_baseline,566186,Will Liverpool win the 2025–26 English Premier League?,will-liverpool-win-the-202526-english-premier-league,0.0005000000237487257,0.004926190187688917,0.10526315789473684,0.10476315787098811,209.52630579001072,43.88230415667824,1386805.54404,17490.81,0.001,2026-05-27T00:00:00Z,HOLD,5.0,1.4966165410141157
market_value_baseline,566191,Will Manchester United win the 2025–26 English Premier League?,will-manchester-united-win-the-202526-english-premier-league,0.001500000013038516,0.0052009811624884605,0.10526315789473684,0.10376315788169832,69.17543798650217,43.88230415667824,460262.82411,147686.56799999994,0.001,2026-05-27T00:00:00Z,HOLD,5.0,1.4823308268814044
market_value_baseline,1809560,Strait of Hormuz traffic returns to normal by end of May?,strait-of-hormuz-traffic-returns-to-normal-by-end-of-may,0.33500000834465027,0.21155980229377747,0.4382470119521913,0.10324700360754102,0.30820000309170087,47.88230415667824,46837.4808,45199.332858,0.01,2026-05-31T00:00:00Z,HOLD,0.30820000309170087,1.474957194393443
market_value_baseline,1484895,US x Iran ceasefire by June 30?,us-x-iran-ceasefire-by-june-30-752-741-257,0.5350000262260437,0.788390576839447,0.6378600823045267,0.10286005607848303,0.19226177763778926,77.88230415667825,152567.2656,160637.77758999998,0.01,2026-06-30T00:00:00Z,HOLD,0.19226177763778926,1.4694293725497574
market_value_baseline,553868,Will the Los Angeles Clippers win the 2026 NBA Finals?,will-the-los-angeles-clippers-win-the-2026-nba-finals,0.006000000052154064,0.006142271449789405,0.10526315789473684,0.09926315784258277,16.543859496625544,78.88230415667825,176555.0884,54254.651671999985,0.001,2026-07-01T00:00:00Z,HOLD,5.0,1.4180451120368966
market_value_baseline,1791566,Will MrBeast's next video get less than 60 million views on week 1?,will-mrbeasts-next-video-get-less-than-60-million-views-on-week-1-861,0.006500000134110451,0.00622377498075366,0.10526315789473684,0.09876315776062639,15.19433164967811,47.88230415667824,12889.3916,24271.604569000006,0.004,2026-05-31T00:00:00Z,HOLD,5.0,1.4109022537232339
market_value_baseline,553856,Will the Oklahoma City Thunder win the 2026 NBA Finals?,will-the-oklahoma-city-thunder-win-the-2026-nba-finals,0.38499999046325684,0.477185994386673,0.4827586206896551,0.09775863022639825,0.2539185263583221,78.88230415667825,288187.6499,64269.95821499999,0.01,2026-07-01T00:00:00Z,HOLD,0.2539185263583221,1.3965518603771176
market_value_baseline,564161,Will Nikola Jokic win the 2025–2026 NBA MVP?,will-nikola-jokic-win-the-20252026-nba-mvp,0.009999999776482582,0.005943919997662306,0.10526315789473684,0.09526315811825425,9.52631602475518,57.882304156678245,92030.81005,25330.583295000004,0.002,2026-06-10T00:00:00Z,HOLD,5.0,1.3609022588322035
market_value_baseline,669663,Will the Fed increase interest rates by 25+ bps after the April 2026 meeting?,will-the-fed-increase-interest-rates-by-25-bps-after-the-april-2026-meeting,0.010499999858438969,0.005047515965998173,0.10526315789473684,0.09476315803629787,9.02506279179953,15.882304156678241,196505.43978,964495.830124,0.001,2026-04-29T00:00:00Z,HOLD,5.0,1.353759400518541
market_value_baseline,1708109,Kharg Island no longer under Iranian control by May 31?,kharg-island-no-longer-under-iranian-control-by-may-31-689,0.2750000059604645,0.08013704419136047,0.36681222707423583,0.09181222111377135,0.33386261499561853,48.878831934456024,72839.1802,39773.434977,0.01,2026-05-31T23:55:00Z,HOLD,0.33386261499561853,1.311603158768162
market_value_baseline,842025,Will Malta win Eurovision 2026?,will-malta-win-eurovision-2026,0.008500000461935997,0.003570320550352335,0.1,0.09149999953806401,10.764705242995195,32.88230415667824,144071.06902,11307.083848000004,0.001,2026-05-16T00:00:00Z,HOLD,5.0,1.3071428505437714
market_value_baseline,616902,Will no Fed rate cuts happen in 2026?,will-no-fed-rate-cuts-happen-in-2026,0.3944999873638153,0.5976339876651764,0.4857142857142857,0.0912142983504704,0.23121495886475368,261.88230415667823,76688.48524,19897.411217,0.002,2026-12-31T00:00:00Z,HOLD,0.23121495886475368,1.30306140500672
market_value_baseline,1733817,Trump out as President by April 30?,trump-out-as-president-by-april-30,0.014499999582767487,0.005691545084118843,0.10526315789473684,0.09076315831196935,6.259528339561937,16.88230415667824,437213.68924,1474458.4480439995,0.001,2026-04-30T00:00:00Z,HOLD,5.0,1.2966165473138478
market_value_baseline,842009,Will Bulgaria win Eurovision 2026?,will-bulgaria-win-eurovision-2026,0.009999999776482582,0.004158922471106052,0.1,0.09000000022351742,9.000000223517423,32.88230415667824,190018.3232,25679.779336,0.002,2026-05-16T00:00:00Z,HOLD,5.0,1.2857142889073916
market_value_baseline,1823795,"Will Ethereum reach $2,800 in April?",will-ethereum-reach-2800-in-april-2026,0.061500001698732376,0.007776085287332535,0.15,0.08849999830126762,1.4390243228739905,18.04897082334491,66328.78635,66950.60332600001,0.001,2026-05-01T04:00:00Z,STRONG BUY,1.4390243228739905,1.2642856900181088
market_value_baseline,1652690,Will Crude Oil (CL) hit (HIGH) $140 by end of June?,will-crude-oil-cl-hit-high-140-by-end-of-june-828-295-574-155,0.39500001072883606,0.30821026861667633,0.4827586206896551,0.08775860996081902,0.22217369006874413,78.65313749001157,25720.1782,15773.569719000003,0.01,2026-06-30T18:30:00Z,HOLD,0.22217369006874413,1.2536944280117002
market_value_baseline,564210,Will the Oklahoma City Thunder win the NBA Western Conference Finals?,will-the-oklahoma-city-thunder-win-the-nba-western-conference-finals,0.5149999856948853,0.6196437254548073,0.6,0.08500001430511472,0.16504857605078357,63.882304156678245,88809.3925,10748.101325000001,0.01,2026-06-16T00:00:00Z,HOLD,0.16504857605078357,1.2142859186444959
market_value_baseline,1664037,Will Anthropic have the best AI model at the end of April 2026?,will-anthropic-have-the-best-ai-model-at-the-end-of-april-2026,0.9049999713897705,0.999999,0.9855403348554034,0.08054036346563287,0.08899487957104618,16.88230415667824,42954.3684,14739.632816000001,0.01,2026-04-30T00:00:00Z,HOLD,0.08899487957104618,1.1505766209376123
market_value_baseline,1707593,US announces military support of Iran opposition by April 30?,us-announces-military-support-of-iran-oppostion-by-april-30,0.22499999403953552,0.04407016932964325,0.304635761589404,0.07963576754986845,0.353936754042204,16.88230415667824,19005.1323,50177.372947999975,0.01,2026-04-30T00:00:00Z,STRONG BUY,0.353936754042204,1.1376538221409778
market_value_baseline,1708132,Iran leadership change by May 31?,iran-leadership-change-by-may-31-593-194-829,0.23000000417232513,0.036738619208335876,0.304635761589404,0.07463575741707884,0.3245032872310679,47.88230415667824,24482.041,67518.82586400004,0.01,2026-05-31T00:00:00Z,HOLD,0.3245032872310679,1.066225105958269
market_value_baseline,1854276,Rolex Monte Carlo Masters: Francisco Cerundolo vs Stefanos Tsitsipas,atp-cerundo-tsitsip-2026-04-06,0.5249999761581421,0.6124979108572006,0.5979549093100786,0.07295493315193646,0.13896178374294013,0.25730415667824075,44774.7866,22845.96065799999,0.01,2026-04-13T09:00:00Z,BUY,0.13896178374294013,1.0422133307419494
market_value_baseline,1450859,Will the Virginia redistricting referendum pass?,will-the-virginia-redistricting-referendum-pass,0.9150000214576721,0.999999,0.9855403348554034,0.07054031339773126,0.077093236878131,7.882304156678241,69745.0467,14869.199928999999,0.01,2026-04-21T00:00:00Z,HOLD,0.077093236878131,1.0077187628247322
market_value_baseline,842037,Will United Kingdom win Eurovision 2026?,will-united-kingdom-win-eurovision-2026,0.006500000134110451,0.002648867666721344,0.07692307692307693,0.07042307678896648,10.834319282457082,32.88230415667824,323949.7169,144504.68785000002,0.001,2026-05-16T00:00:00Z,HOLD,5.0,1.0060439541280923
market_value_baseline,842026,Will Moldova win Eurovision 2026?,will-moldova-win-eurovision-2026,0.007000000216066837,0.003171092364937067,0.07692307692307693,0.06992307670701009,9.989010649816594,32.88230415667824,195712.8355,27226.408616999997,0.002,2026-05-16T00:00:00Z,HOLD,5.0,0.9989010958144298
market_value_baseline,1484894,US x Iran ceasefire by May 31?,us-x-iran-ceasefire-by-may-31-313-373-916,0.41499999165534973,0.5283329039812088,0.4827586206896551,0.06775862903430535,0.16327380818498355,47.88230415667824,178435.3692,283693.2379750001,0.01,2026-05-31T00:00:00Z,HOLD,0.16327380818498355,0.9679804147757907
market_value_baseline,599323,Will Graham Platner be the Democratic nominee for Senate in Maine?,will-graham-platner-be-the-democratic-nominee-for-senate-in-maine,0.9200000166893005,0.999999,0.9855403348554034,0.06554031816610284,0.07123947497518025,108.88230415667823,49100.2384,30360.50647,0.02,2026-07-31T00:00:00Z,HOLD,0.07123947497518025,0.9362902595157547
market_value_baseline,842020,Will Israel win Eurovision 2026?,will-israel-win-eurovision-2026,0.04050000011920929,0.005617331713438034,0.10526315789473684,0.06476315777552755,1.5990903107382994,32.88230415667824,145924.07182,15390.571356,0.001,2026-05-16T00:00:00Z,HOLD,1.5990903107382994,0.925187968221822
market_value_baseline,842012,Will Czechia win Eurovision 2026?,will-czechia-win-eurovision-2026,0.012500000186264515,0.0030778227373957634,0.07692307692307693,0.06442307673681241,5.153846062146702,32.88230415667824,131282.19334,55890.72146,0.001,2026-05-16T00:00:00Z,HOLD,5.0,0.9203296676687487
market_value_baseline,1708576,Will the Kharg Island oil terminal be hit by April 30?,will-the-kharg-island-oil-terminal-be-hit-by-april-30-484-426,0.375,0.19201308488845825,0.4382470119521913,0.06324701195219129,0.16865869853917678,16.88230415667824,18926.05,15585.745123,0.01,2026-04-30T00:00:00Z,BUY,0.16865869853917678,0.9035287421741612
market_value_baseline,1707316,"Will the US officially declare war on Iran by April 30, 2026?",will-the-us-officially-declare-war-on-iran-by-april-30-2026,0.014499999582767487,0.003490844741463661,0.07692307692307693,0.06242307734030944,4.305039940449109,16.88230415667824,95270.39013,91322.39062100003,0.002,2026-04-30T00:00:00Z,HOLD,4.305039940449109,0.8917582477187063
market_value_baseline,842015,Will Finland win Eurovision 2026?,will-finland-win-eurovision-2026,0.3785000145435333,0.23772208392620087,0.4382470119521913,0.059746997408657965,0.1578520346444693,32.88230415667824,375803.52825,130985.39028299996,0.003,2026-05-16T00:00:00Z,HOLD,0.1578520346444693,0.8535285344093995
market_value_baseline,1693042,Will UAE strike Iran by April 30?,will-uae-strike-iran-by-april-30,0.24500000476837158,0.046158477663993835,0.304635761589404,0.05963575682103239,0.24341124759329436,16.88230415667824,51276.0579,52148.82773799997,0.01,2026-04-30T00:00:00Z,BUY,0.24341124759329436,0.8519393831576055
market_value_baseline,566230,Will Villarreal win the 2025–26 La Liga?,will-villarreal-win-the-202526-la-liga,0.001500000013038516,0.002340140286833048,0.058823529411764705,0.05732352939872619,38.21568593363357,46.88230415667824,555992.48597,129504.53999999985,0.001,2026-05-30T00:00:00Z,HOLD,5.0,0.8189075628389455
market_value_baseline,842018,Will Germany win Eurovision 2026?,will-germany-win-eurovision-2026,0.0044999998062849045,0.001926762517541647,0.058823529411764705,0.0543235296054798,12.071895987552953,32.88230415667824,259590.83005,13611.621249999998,0.001,2026-05-16T00:00:00Z,HOLD,5.0,0.7760504229354257
market_value_baseline,1484915,Iran x Israel/US conflict ends by June 30?,iran-x-israelus-conflict-ends-by-june-30-813-454-138-725,0.5849999785423279,0.8043375462293625,0.6378600823045267,0.05286010376219885,0.09035915504460851,77.88230415667825,120723.597,169627.818978,0.02,2026-06-30T00:00:00Z,HOLD,0.09035915504460851,0.7551443394599835
market_value_baseline,564163,Will Luka Doncic win the 2025–2026 NBA MVP?,will-luka-doncic-win-the-20252026-nba-mvp,0.0044999998062849045,0.0016679244581609964,0.055621752674740996,0.05112175286845609,11.360390015363361,57.882304156678245,116407.60038,48971.04905900001,0.001,2026-06-10T00:00:00Z,HOLD,5.0,0.7303107552636584
market_value_baseline,1712295,Will WTI Crude Oil (WTI) hit (HIGH) $140 in April?,will-wti-reach-140-in-april-2026-594-853-293,0.28999999165534973,0.06801919639110565,0.34090909090909094,0.05090909925374121,0.17554862316770026,18.048970811770836,38995.8188,127668.98808099987,0.01,2026-05-01T03:59:59.999Z,BUY,0.17554862316770026,0.7272728464820172
market_value_baseline,1712304,Will WTI Crude Oil (WTI) hit (LOW) $50 in April?,will-wti-dip-to-50-in-april-2026-367-468-151,0.00800000037997961,0.0017818529158830643,0.058823529411764705,0.050823529031785095,6.352940827224639,18.048970811770836,15048.4951,22027.345425,0.004,2026-05-01T03:59:59.999Z,HOLD,5.0,0.726050414739787
market_value_baseline,564162,Will Shai Gilgeous-Alexander win the 2025–2026 NBA MVP?,will-shai-gilgeous-alexander-win-the-20252026-nba-mvp,0.9350000023841858,0.999999,0.9855403348554034,0.050540332471217586,0.05405383138218525,57.882304156678245,77535.3626,21541.577005000006,0.01,2026-06-10T00:00:00Z,HOLD,0.05405383138218525,0.7220047495888225
market_value_baseline,669661,Will the Fed decrease interest rates by 25 bps after the April 2026 meeting?,will-the-fed-decrease-interest-rates-by-25-bps-after-the-april-2026-meeting,0.006500000134110451,0.0016156979836523533,0.05555555555555555,0.0490555554214451,7.547008370663447,15.882304156678241,753938.33605,931520.8025719994,0.001,2026-04-29T00:00:00Z,HOLD,5.0,0.7007936488777871
market_value_baseline,1632630,Will Praggnanandhaa R win the 2026 FIDE Candidates Tournament?,will-praggnanandhaa-r-win-the-2026-fide-candidates-tournament,0.006500000134110451,0.001355868298560381,0.05555555555555555,0.0490555554214451,7.547008370663447,3.882304156678241,29665.39812,11314.855535,0.001,2026-04-17T00:00:00Z,HOLD,5.0,0.7007936488777871
market_value_baseline,842007,Will Azerbaijan win Eurovision 2026?,will-azerbaijan-win-eurovision-2026,0.0024999999441206455,0.0010438119061291218,0.05128205128205128,0.048782051337930635,19.51282097131779,32.88230415667824,513842.12708,116194.74483300008,0.001,2026-05-16T00:00:00Z,HOLD,5.0,0.6968864476847233
market_value_baseline,1823772,"Will Bitcoin reach $100,000 in April?",will-bitcoin-reach-100k-in-april-2026,0.006500000134110451,0.000576886348426342,0.05128205128205128,0.04478205114794083,6.88954618830472,18.04897082334491,205816.56203,20935.55606600001,0.001,2026-05-01T04:00:00Z,HOLD,5.0,0.6397435878277261
market_value_baseline,1632628,Will Anish Giri win the 2026 FIDE Candidates Tournament?,will-anish-giri-win-the-2026-fide-candidates-tournament,0.006500000134110451,0.0012165983207523823,0.05128205128205128,0.04478205114794083,6.88954618830472,3.882304156678241,27771.26195,11582.626333,0.001,2026-04-17T00:00:00Z,HOLD,5.0,0.6397435878277261
market_value_baseline,1832593,Will Donald Trump announce Lee Zeldin as the next United States Attorney General by June 30?,will-donald-trump-announce-lee-zeldin-as-the-next-united-states-attorney-general-by-june-30,0.45500001311302185,0.5749841704964638,0.4857142857142857,0.03071427260126386,0.06750389388150291,77.88230415667825,39515.6206,30834.750492000003,0.02,2026-06-30T00:00:00Z,HOLD,0.06750389388150291,0.43877532287519794
market_value_baseline,1806294,Houston Astros vs. Colorado Rockies,mlb-hou-col-2026-04-06,0.6449999809265137,0.8309753239154816,0.675,0.030000019073486373,0.0465116588536835,0.9100819344560185,117843.0063,18957.719818999998,0.01,2026-04-14T00:40:00Z,HOLD,0.0465116588536835,0.4285717010498053
market_value_baseline,1831555,Indian Premier League: Kolkata Knight Riders vs Punjab Kings,cricipl-kol-pun-2026-04-06,0.45500001311302185,0.39068570733070374,0.4827586206896551,0.027758607576633232,0.06100792698161528,0.29897082334490743,1392117.7971,40073.36498600004,0.01,2026-04-13T10:00:00Z,HOLD,0.06100792698161528,0.39655153680904615
market_value_baseline,1500754,Will Kevin Warsh be confirmed as Fed Chair?,will-kevin-warsh-be-confirmed-as-fed-chair,0.9620000123977661,0.999999,0.9855403348554034,0.023540322457637264,0.02447018934954426,200.88230415667826,406001.08397,41610.425259,0.002,2026-10-31T00:00:00Z,HOLD,0.02447018934954426,0.33629032082338944
market_value_baseline,1854255,Rolex Monte Carlo Masters: Jakub Mensik vs Fabian Marozsan,atp-mensik-marozsa-2026-04-06,0.6200000047683716,0.6301595810800791,0.6378600823045267,0.01786007753615515,0.028806576449668855,0.25730415667824075,22589.2247,10772.172415000003,0.02,2026-04-13T09:00:00Z,HOLD,0.028806576449668855,0.2551439648022164
market_value_baseline,1487054,Will NVIDIA be the largest company in the world by market cap on April 30?,will-nvidia-be-the-largest-company-in-the-world-by-market-cap-on-april-30-161,0.9710000157356262,0.999999,0.9855403348554034,0.014540319119777156,0.014974581755038862,16.88230415667824,123675.68152,35557.241752000016,0.001,2026-04-30T00:00:00Z,HOLD,0.014974581755038862,0.20771884456824508
market_value_baseline,1857434,Shandong Hi-Speed Kirin vs. Guangdong Southern Tigers,bkcba-sha2-gua-2026-04-06,0.625,0.6696700602769852,0.6378600823045267,0.012860082304526732,0.02057613168724277,0.36494304556712964,2298.2697,19908.282184999996,0.03,2026-04-13T11:35:00Z,HOLD,0.02057613168724277,0.183715461493239
market_value_baseline,1693734,Will Ukraine re-enter Rodynske by April 30?,will-ukraine-re-enter-rodynske-by-april-30,0.4699999988079071,0.553434208035469,0.4827586206896551,0.012758621881747978,0.027146004072571353,16.88230415667824,28437.2216,150464.50297899998,0.01,2026-04-30T00:00:00Z,HOLD,0.027146004072571353,0.18226602688211396
market_value_baseline,561371,Will Derik Queen win the 2025–26 NBA Rookie of the Year award?,will-derik-queen-win-the-202526-nba-rookie-of-the-year-award,0.0005000000237487257,1e-06,0.009462151394422311,0.008962151370673585,17.924301889988513,34.88230415667824,11028.45491,94865.0,0.001,2026-05-18T00:00:00Z,HOLD,5.0,0.1280307338667655
market_value_baseline,561373,Will Cedric Coward win the 2025–26 NBA Rookie of the Year award?,will-cedric-coward-win-the-202526-nba-rookie-of-the-year-award,0.0005000000237487257,1e-06,0.009462151394422311,0.008962151370673585,17.924301889988513,34.88230415667824,16337.66495,76810.0,0.001,2026-05-18T00:00:00Z,HOLD,5.0,0.1280307338667655
market_value_baseline,1632625,Will Hikaru Nakamura win the 2026 FIDE Candidates Tournament?,will-hikaru-nakamura-win-the-2026-fide-candidates-tournament,0.0005000000237487257,1e-06,0.009462151394422311,0.008962151370673585,17.924301889988513,3.882304156678241,58399.40784,26912.189,0.001,2026-04-17T00:00:00Z,HOLD,5.0,0.1280307338667655
market_value_baseline,1854150,"Will Elon Musk post 0-19 tweets from April 7 to April 14, 2026?",elon-musk-of-tweets-april-7-april-14-0-19,0.0005000000237487257,1e-06,0.009462151394422311,0.008962151370673585,17.924301889988513,1.5489708233449073,122152.61568,22150.0,0.001,2026-04-14T16:00:00Z,HOLD,5.0,0.1280307338667655
market_value_baseline,1794970,Will Udinese place 2nd for the 2025-26 Serie A season?,will-udinese-place-2nd-for-the-2025-26-serie-a-season,0.0005000000237487257,1e-06,0.009462151394422311,0.008962151370673585,17.924301889988513,48.882304156678245,10171.77485,16181.0,0.001,2026-06-01T00:00:00Z,HOLD,5.0,0.1280307338667655
market_value_baseline,1706395,"Military action against Iran ends on April 5, 2026?",military-action-against-iran-ends-on-april-5-2026,0.0005000000237487257,1e-06,0.009462151394422311,0.008962151370673585,17.924301889988513,16.88230415667824,28390.81393,11391.1955,0.001,2026-04-30T00:00:00Z,HOLD,5.0,0.1280307338667655
market_value_baseline,1664042,Will ByteDance have the best AI model at the end of April 2026?,will-bytedance-have-the-best-ai-model-at-the-end-of-april-2026,0.001500000013038516,1e-06,0.009462151394422311,0.007962151381383795,5.308100874782691,16.88230415667824,87412.07514,31808.512000000013,0.001,2026-04-30T00:00:00Z,HOLD,5.0,0.11374501973405421
market_value_baseline,1664045,Will Amazon have the best AI model at the end of April 2026?,will-amazon-have-the-best-ai-model-at-the-end-of-april-2026,0.001500000013038516,1e-06,0.009462151394422311,0.007962151381383795,5.308100874782691,16.88230415667824,97803.34957,26812.54300000001,0.001,2026-04-30T00:00:00Z,HOLD,5.0,0.11374501973405421
market_value_baseline,1706396,"Military action against Iran ends on April 6, 2026?",military-action-against-iran-ends-on-april-6-2026,0.001500000013038516,1e-06,0.009462151394422311,0.007962151381383795,5.308100874782691,16.88230415667824,14350.92265,25201.638515,0.001,2026-04-30T00:00:00Z,HOLD,5.0,0.11374501973405421
market_value_baseline,1664047,Will Mistral have the best AI model at the end of April 2026?,will-mistral-have-the-best-ai-model-at-the-end-of-april-2026,0.001500000013038516,1e-06,0.009462151394422311,0.007962151381383795,5.308100874782691,16.88230415667824,87655.98829,24524.895000000008,0.001,2026-04-30T00:00:00Z,HOLD,5.0,0.11374501973405421
market_value_baseline,1664046,Will Z.ai have the best AI model at the end of April 2026?,will-zai-have-the-best-ai-model-at-the-end-of-april-2026,0.001500000013038516,1e-06,0.009462151394422311,0.007962151381383795,5.308100874782691,16.88230415667824,88276.85538,24017.890000000003,0.001,2026-04-30T00:00:00Z,HOLD,5.0,0.11374501973405421
market_value_baseline,1664043,Will Baidu have the best AI model at the end of April 2026?,will-baidu-have-the-best-ai-model-at-the-end-of-april-2026,0.001500000013038516,1e-06,0.009462151394422311,0.007962151381383795,5.308100874782691,16.88230415667824,90932.44311,20361.667,0.001,2026-04-30T00:00:00Z,HOLD,5.0,0.11374501973405421
market_value_baseline,1632627,Will Wei Yi win the 2026 FIDE Candidates Tournament?,will-wei-yi-win-the-2026-fide-candidates-tournament,0.001500000013038516,1e-06,0.009462151394422311,0.007962151381383795,5.308100874782691,3.882304156678241,34856.59487,19312.143332,0.001,2026-04-17T00:00:00Z,HOLD,5.0,0.11374501973405421
market_value_baseline,1664044,Will Moonshot have the best AI model at the end of April 2026?,will-moonshot-have-the-best-ai-model-at-the-end-of-april-2026,0.001500000013038516,1e-06,0.009462151394422311,0.007962151381383795,5.308100874782691,16.88230415667824,82805.71672,17143.7175,0.001,2026-04-30T00:00:00Z,HOLD,5.0,0.11374501973405421
market_value_baseline,1664040,Will Alibaba have the best AI model at the end of April 2026?,will-alibaba-have-the-best-ai-model-at-the-end-of-april-2026,0.001500000013038516,1e-06,0.009462151394422311,0.007962151381383795,5.308100874782691,16.88230415667824,85715.16813,16907.051,0.001,2026-04-30T00:00:00Z,HOLD,5.0,0.11374501973405421
market_value_baseline,1854235,"Will Elon Musk post 580+ tweets from April 7 to April 14, 2026?",elon-musk-of-tweets-april-7-april-14-580plus,0.001500000013038516,1e-06,0.009462151394422311,0.007962151381383795,5.308100874782691,1.5489708233449073,44906.70327,12715.266,0.001,2026-04-14T16:00:00Z,HOLD,5.0,0.11374501973405421
market_value_baseline,1664049,Will Meituan have the best AI model at the end of April 2026?,will-meituan-have-the-best-ai-model-at-the-end-of-april-2026,0.001500000013038516,1e-06,0.009462151394422311,0.007962151381383795,5.308100874782691,16.88230415667824,93968.58794,11330.956999999997,0.001,2026-04-30T00:00:00Z,HOLD,5.0,0.11374501973405421
market_value_baseline,1823777,"Will Bitcoin reach $75,000 in April?",will-bitcoin-reach-75k-in-april-2026,0.4749999940395355,0.4885768946260214,0.4827586206896551,0.00775862665011956,0.016333951047321042,18.04897082334491,96996.1931,35241.70813000001,0.01,2026-05-01T04:00:00Z,HOLD,0.016333951047321042,0.11083752357313656
market_value_baseline,1705289,"Will Israel take military action in Gaza on April 2, 2026?",will-israel-take-military-action-in-gaza-on-april-2-2026,0.0020000000949949026,1e-06,0.009462151394422311,0.007462151299427408,3.7310754724971287,16.88230415667824,8901.2951,12236.834841000002,0.003,2026-04-30T00:00:00Z,HOLD,3.7310754724971287,0.10660216142039154
market_value_baseline,669662,Will there be no change in Fed interest rates after the April 2026 meeting?,will-there-be-no-change-in-fed-interest-rates-after-the-april-2026-meeting,0.9785000085830688,0.999999,0.9855403348554034,0.0070403262723345295,0.007195019121695641,15.882304156678241,300785.32433,399817.4586709999,0.001,2026-04-29T00:00:00Z,HOLD,0.007195019121695641,0.10057608960477898
market_value_baseline,1487055,Will Microsoft be the largest company in the world by market cap on April 30?,will-microsoft-be-the-largest-company-in-the-world-by-market-cap-on-april-30-511,0.0024999999441206455,1e-06,0.009462151394422311,0.0069621514503016655,2.784860642367152,16.88230415667824,111503.321,127781.28499700001,0.001,2026-04-30T00:00:00Z,HOLD,2.784860642367152,0.09945930643288092
market_value_baseline,842030,Will Portugal win Eurovision 2026?,will-portugal-win-eurovision-2026,0.0024999999441206455,1e-06,0.009462151394422311,0.0069621514503016655,2.784860642367152,32.88230415667824,682848.45057,119125.56416599982,0.001,2026-05-16T00:00:00Z,HOLD,2.784860642367152,0.09945930643288092
market_value_baseline,842006,Will Austria win Eurovision 2026?,will-austria-win-eurovision-2026,0.0024999999441206455,0.0001903674565255642,0.009462151394422311,0.0069621514503016655,2.784860642367152,32.88230415667824,696779.88908,117463.17016499994,0.001,2026-05-16T00:00:00Z,HOLD,2.784860642367152,0.09945930643288092
market_value_baseline,842022,Will Latvia win Eurovision 2026?,will-latvia-win-eurovision-2026,0.0024999999441206455,1e-06,0.009462151394422311,0.0069621514503016655,2.784860642367152,32.88230415667824,679915.9703,115350.21216600001,0.001,2026-05-16T00:00:00Z,HOLD,2.784860642367152,0.09945930643288092
market_value_baseline,842014,Will Estonia win Eurovision 2026?,will-estonia-win-eurovision-2026,0.0024999999441206455,1e-06,0.009462151394422311,0.0069621514503016655,2.784860642367152,32.88230415667824,617180.33288,112090.9469989999,0.001,2026-05-16T00:00:00Z,HOLD,2.784860642367152,0.09945930643288092
market_value_baseline,842032,Will San Marino win Eurovision 2026?,will-san-marino-win-eurovision-2026,0.0024999999441206455,1e-06,0.009462151394422311,0.0069621514503016655,2.784860642367152,32.88230415667824,700283.08891,109154.47566599997,0.001,2026-05-16T00:00:00Z,HOLD,2.784860642367152,0.09945930643288092
market_value_baseline,1487063,Will Amazon be the largest company in the world by market cap on April 30?,will-amazon-be-the-largest-company-in-the-world-by-market-cap-on-april-30-413,0.0024999999441206455,1e-06,0.009462151394422311,0.0069621514503016655,2.784860642367152,16.88230415667824,183502.40193,68146.10332699996,0.001,2026-04-30T00:00:00Z,HOLD,2.784860642367152,0.09945930643288092
market_value_baseline,1487061,Will Saudi Aramco be the largest company in the world by market cap on April 30?,will-saudi-aramco-be-the-largest-company-in-the-world-by-market-cap-on-april-30,0.0024999999441206455,1e-06,0.009462151394422311,0.0069621514503016655,2.784860642367152,16.88230415667824,195986.2298,57388.54050000002,0.001,2026-04-30T00:00:00Z,HOLD,2.784860642367152,0.09945930643288092
market_value_baseline,1487059,Will Tesla be the largest company in the world by market cap on April 30?,will-tesla-be-the-largest-company-in-the-world-by-market-cap-on-april-30,0.0024999999441206455,1e-06,0.009462151394422311,0.0069621514503016655,2.784860642367152,16.88230415667824,172013.73416,54365.142997,0.001,2026-04-30T00:00:00Z,HOLD,2.784860642367152,0.09945930643288092
market_value_baseline,1823808,Will Ethereum dip to $200 in April?,will-ethereum-dip-to-200-in-april-2026,0.0024999999441206455,1e-06,0.009462151394422311,0.0069621514503016655,2.784860642367152,18.04897082334491,138972.09688,18216.292999999998,0.001,2026-05-01T04:00:00Z,HOLD,2.784860642367152,0.09945930643288092
market_value_baseline,1854091,"Will Donald Trump post 0-19 Truth Social posts from April 7 to April 14, 2026?",donald-trump-of-truth-social-posts-april-7-april-14-0-19,0.003000000026077032,1e-06,0.009462151394422311,0.006462151368345279,2.1540504373913456,1.5489708233449073,4164.84704,13912.651768999998,0.002,2026-04-14T16:00:00Z,HOLD,2.1540504373913456,0.09231644811921826
market_value_baseline,669660,Will the Fed decrease interest rates by 50+ bps after the April 2026 meeting?,will-the-fed-decrease-interest-rates-by-50-bps-after-the-april-2026-meeting,0.0035000001080334187,1e-06,0.009462151394422311,0.005962151286388892,1.7034717435305762,15.882304156678241,2497739.40508,1843830.7332309997,0.001,2026-04-29T00:00:00Z,HOLD,1.7034717435305762,0.0851735898055556
market_value_baseline,842038,Will Armenia win Eurovision 2026?,will-armenia-win-eurovision-2026,0.0035000001080334187,1e-06,0.009462151394422311,0.005962151286388892,1.7034717435305762,32.88230415667824,461657.57484,148340.999875,0.001,2026-05-16T00:00:00Z,HOLD,1.7034717435305762,0.0851735898055556
market_value_baseline,842004,Will Albania win Eurovision 2026?,will-albania-win-eurovision-2026,0.0035000001080334187,1e-06,0.009462151394422311,0.005962151286388892,1.7034717435305762,32.88230415667824,596530.80341,118399.41722100003,0.001,2026-05-16T00:00:00Z,HOLD,1.7034717435305762,0.0851735898055556
market_value_baseline,842017,Will Georgia win Eurovision 2026?,will-georgia-win-eurovision-2026,0.0035000001080334187,1e-06,0.009462151394422311,0.005962151286388892,1.7034717435305762,32.88230415667824,523799.34855,118390.75587299997,0.001,2026-05-16T00:00:00Z,HOLD,1.7034717435305762,0.0851735898055556
market_value_baseline,842029,Will Poland win Eurovision 2026?,will-poland-win-eurovision-2026,0.0035000001080334187,1e-06,0.009462151394422311,0.005962151286388892,1.7034717435305762,32.88230415667824,604083.65991,113209.16978700014,0.001,2026-05-16T00:00:00Z,HOLD,1.7034717435305762,0.0851735898055556
market_value_baseline,1823789,"Will Ethereum reach $4,000 in April?",will-ethereum-reach-4000-in-april-2026,0.0035000001080334187,1e-06,0.009462151394422311,0.005962151286388892,1.7034717435305762,18.04897082334491,255679.52747,111704.1408339999,0.001,2026-05-01T04:00:00Z,HOLD,1.7034717435305762,0.0851735898055556
market_value_baseline,842027,Will Montenegro win Eurovision 2026?,will-montenegro-win-eurovision-2026,0.0035000001080334187,1e-06,0.009462151394422311,0.005962151286388892,1.7034717435305762,32.88230415667824,821535.66983,107758.91969400003,0.001,2026-05-16T00:00:00Z,HOLD,1.7034717435305762,0.0851735898055556
market_value_baseline,1607575,Bab el-Mandeb Strait effectively closed by March 31?,bab-el-mandeb-strait-effectively-closed-by-march-31,0.0035000001080334187,1e-06,0.009462151394422311,0.005962151286388892,1.7034717435305762,16.88230415667824,38864.17239,27605.000799,0.001,2026-04-30T00:00:00Z,HOLD,1.7034717435305762,0.0851735898055556
market_value_baseline,1797341,Will the Kharg Island oil terminal be hit by April 15?,will-the-kharg-island-oil-terminal-be-hit-by-april-15,0.22499999403953552,0.019373521208763123,0.23076923076923078,0.00576923672969526,0.02564105281123486,1.8823041566782406,16714.9887,11252.970626000002,0.01,2026-04-15T00:00:00Z,HOLD,0.02564105281123486,0.08241766756707512
market_value_baseline,842033,Will Serbia win Eurovision 2026?,will-serbia-win-eurovision-2026,0.0044999998062849045,1e-06,0.009462151394422311,0.0049621515881374065,1.1027004003882488,32.88230415667824,571571.68338,116082.59824999992,0.001,2026-05-16T00:00:00Z,HOLD,1.1027004003882488,0.07088787983053438
market_value_baseline,1823788,"Will Bitcoin dip to $20,000 in April?",will-bitcoin-dip-to-20k-in-april-2026,0.0044999998062849045,1e-06,0.009462151394422311,0.0049621515881374065,1.1027004003882488,18.04897082334491,266176.22461,113701.38357900006,0.001,2026-05-01T04:00:00Z,HOLD,1.1027004003882488,0.07088787983053438
market_value_baseline,1664048,Will DeepSeek have the best AI model at the end of April 2026?,will-deepseek-have-the-best-ai-model-at-the-end-of-april-2026,0.0044999998062849045,1e-06,0.009462151394422311,0.0049621515881374065,1.1027004003882488,16.88230415667824,51682.01057,24500.438506000002,0.001,2026-04-30T00:00:00Z,HOLD,1.1027004003882488,0.07088787983053438
market_value_baseline,1823786,"Will Bitcoin dip to $30,000 in April?",will-bitcoin-dip-to-30k-in-april-2026,0.0044999998062849045,1e-06,0.009462151394422311,0.0049621515881374065,1.1027004003882488,18.04897082334491,143929.56646,20110.070264,0.001,2026-05-01T04:00:00Z,HOLD,1.1027004003882488,0.07088787983053438
market_value_baseline,1823790,"Will Ethereum reach $3,800 in April?",will-ethereum-reach-3800-in-april-2026,0.0044999998062849045,1e-06,0.009462151394422311,0.0049621515881374065,1.1027004003882488,18.04897082334491,123447.74105,13202.593250000002,0.001,2026-05-01T04:00:00Z,HOLD,1.1027004003882488,0.07088787983053438
market_value_baseline,1823769,"Will Bitcoin reach $150,000 in April?",will-bitcoin-reach-150k-in-april-2026,0.005499999970197678,1e-06,0.009462151394422311,0.003962151424224633,0.720391171944357,18.04897082334491,1259321.24317,157525.72526599996,0.001,2026-05-01T04:00:00Z,HOLD,0.720391171944357,0.056602163203209044
market_value_baseline,842010,Will Croatia win Eurovision 2026?,will-croatia-win-eurovision-2026,0.005499999970197678,1e-06,0.009462151394422311,0.003962151424224633,0.720391171944357,32.88230415667824,220296.55903,27502.56439700001,0.001,2026-05-16T00:00:00Z,HOLD,0.720391171944357,0.056602163203209044
market_value_baseline,842024,Will Luxembourg win Eurovision 2026?,will-luxembourg-win-eurovision-2026,0.005499999970197678,1e-06,0.009462151394422311,0.003962151424224633,0.720391171944357,32.88230415667824,242852.49134,21236.030599,0.001,2026-05-16T00:00:00Z,HOLD,0.720391171944357,0.056602163203209044
market_value_baseline,1664041,Will xAI have the best AI model at the end of April 2026?,will-xai-have-the-best-ai-model-at-the-end-of-april-2026,0.005499999970197678,1e-06,0.009462151394422311,0.003962151424224633,0.720391171944357,16.88230415667824,54280.98749,18186.882637000006,0.001,2026-04-30T00:00:00Z,HOLD,0.720391171944357,0.056602163203209044
market_value_baseline,1705460,"Will Iran conduct a military action against Israel on April 6, 2026?",will-iran-conduct-a-military-action-against-israel-on-april-6-2026,0.9819999933242798,0.9939004611223936,0.9855403348554034,0.003540341531123592,0.003605235799583643,16.88230415667824,14451.71214,17153.319689000004,0.001,2026-04-30T00:00:00Z,HOLD,0.003605235799583643,0.05057630758747988
market_value_baseline,1040944,Will Xi Jinping meet with Cheng Li-wun by June 30?,will-xi-jinping-meet-with-cheng-li-wun-before-2027,0.9819999933242798,0.9927830286324024,0.9855403348554034,0.003540341531123592,0.003605235799583643,77.88230415667825,39467.89591,15207.494905000003,0.003,2026-06-30T00:00:00Z,HOLD,0.003605235799583643,0.05057630758747988
market_value_baseline,1712307,Will WTI Crude Oil (WTI) hit (LOW) $20 in April?,will-wti-dip-to-20-in-april-2026-356-113,0.006000000052154064,1e-06,0.009462151394422311,0.003462151342268247,0.5770252186956728,18.048970811770836,33552.03974,28324.250725000005,0.004,2026-05-01T03:59:59.999Z,HOLD,0.5770252186956728,0.04945930488954638
market_value_baseline,1712306,Will WTI Crude Oil (WTI) hit (LOW) $30 in April?,will-wti-dip-to-30-in-april-2026-757-847-477,0.006000000052154064,1e-06,0.009462151394422311,0.003462151342268247,0.5770252186956728,18.048970811770836,29895.89002,14660.205608000004,0.002,2026-05-01T03:59:59.999Z,HOLD,0.5770252186956728,0.04945930488954638
market_value_baseline,842023,Will Lithuania win Eurovision 2026?,will-lithuania-win-eurovision-2026,0.006500000134110451,1e-06,0.009462151394422311,0.0029621512603118603,0.45571556910702155,32.88230415667824,206240.97229,228435.700703,0.001,2026-05-16T00:00:00Z,HOLD,0.45571556910702155,0.042316446575883716
market_value_baseline,1823771,"Will Bitcoin reach $105,000 in April?",will-bitcoin-reach-105k-in-april-2026,0.006500000134110451,1e-06,0.009462151394422311,0.0029621512603118603,0.45571556910702155,18.04897082334491,238840.30056,17237.953992,0.001,2026-05-01T04:00:00Z,HOLD,0.45571556910702155,0.042316446575883716
market_value_baseline,1706400,"Military action against Iran ends on April 10, 2026?",military-action-against-iran-ends-on-april-10-2026,0.006500000134110451,1e-06,0.009462151394422311,0.0029621512603118603,0.45571556910702155,16.88230415667824,6342.45046,11328.752331999998,0.001,2026-04-30T00:00:00Z,HOLD,0.45571556910702155,0.042316446575883716
market_value_baseline,1487058,Will Alphabet be the largest company in the world by market cap on April 30?,will-alphabet-be-the-largest-company-in-the-world-by-market-cap-on-april-30,0.007000000216066837,1e-06,0.009462151394422311,0.0024621511783554737,0.35173587176528803,16.88230415667824,75146.35355,14723.859983999999,0.002,2026-04-30T00:00:00Z,HOLD,0.35173587176528803,0.03517358826222105
market_value_baseline,1823805,Will Ethereum dip to $800 in April?,will-ethereum-dip-to-800-in-april-2026,0.007499999832361937,1e-06,0.009462151394422311,0.0019621515620603745,0.26162021412238406,18.04897082334491,80669.56415,14383.104452000001,0.001,2026-05-01T04:00:00Z,HOLD,0.26162021412238406,0.02803073660086249
market_value_baseline,1823785,"Will Bitcoin dip to $35,000 in April?",will-bitcoin-dip-to-35k-in-april-2026,0.008500000461935997,1e-06,0.009462151394422311,0.000962150932486314,0.11319422119974454,18.04897082334491,162020.36964,10859.00953,0.001,2026-05-01T04:00:00Z,HOLD,0.11319422119974454,0.013745013321233056
market_value_baseline,1632763,Netanyahu out by April 30?,netanyahu-out-by-april-30,0.009499999694526196,1e-06,0.009462151394422311,-3.78483001038845e-05,-0.003984031717989666,16.88230415667824,218277.67907,200526.95744800003,0.001,2026-04-30T00:00:00Z,HOLD,-0.003984031717989666,0.0
market_value_baseline,1823773,"Will Bitcoin reach $95,000 in April?",will-bitcoin-reach-95k-in-april-2026,0.009499999694526196,1e-06,0.009462151394422311,-3.78483001038845e-05,-0.003984031717989666,18.04897082334491,149025.75198,11153.439553,0.001,2026-05-01T04:00:00Z,HOLD,-0.003984031717989666,0.0
market_value_baseline,1823912,Will Dogecoin reach $0.20 in April?,will-dogecoin-reach-0pt2-in-april-2026,0.010499999858438969,1e-06,0.009462151394422311,-0.0010378484640166576,-0.09884271219132704,18.04897082334491,54800.91185,16097.218963,0.001,2026-05-01T04:00:00Z,HOLD,-0.09884271219132704,0.0
market_value_baseline,842011,Will Cyprus win Eurovision 2026?,will-cyprus-win-eurovision-2026,0.010999999940395355,1e-06,0.009462151394422311,-0.0015378485459730442,-0.1398044140278215,32.88230415667824,143719.9958,12797.168419000001,0.002,2026-05-16T00:00:00Z,HOLD,-0.1398044140278215,0.0
market_value_baseline,1854198,"Will Elon Musk post 160-179 tweets from April 7 to April 14, 2026?",elon-musk-of-tweets-april-7-april-14-160-179,0.011500000022351742,1e-06,0.009462151394422311,-0.0020378486279294308,-0.17720422817118328,1.5489708233449073,35389.20191,12812.899376000003,0.002,2026-04-14T16:00:00Z,HOLD,-0.17720422817118328,0.0
market_value_baseline,1662841,Will Reza Pahlavi enter Iran by April 30?,will-reza-pahlavi-enter-iran-by-april-30,0.012500000186264515,1e-06,0.009462151394422311,-0.003037848791842204,-0.2430278997259784,16.88230415667824,176090.66793,69600.42773699999,0.001,2026-04-30T00:00:00Z,HOLD,-0.2430278997259784,0.0
market_value_baseline,1823784,"Will Bitcoin dip to $40,000 in April?",will-bitcoin-dip-to-40k-in-april-2026,0.014499999582767487,1e-06,0.009462151394422311,-0.0050378481883451755,-0.3474378160901744,18.04897082334491,124879.17437,30096.123029999995,0.001,2026-05-01T04:00:00Z,HOLD,-0.3474378160901744,0.0
market_value_baseline,1500922,"Starmer out by April 30, 2026?",starmer-out-by-april-30-2026,0.014499999582767487,1e-06,0.009462151394422311,-0.0050378481883451755,-0.3474378160901744,78.38230415667825,67845.16852,11010.881005,0.001,2026-06-30T12:00:00Z,HOLD,-0.3474378160901744,0.0
market_value_baseline,1439560,"Russia x Ukraine ceasefire by April 30, 2026?",russia-x-ukraine-ceasefire-by-april-30-2026,0.014999999664723873,1e-06,0.009462151394422311,-0.005537848270301562,-0.36918989293880794,16.88230415667824,312441.12845,29572.017382,0.002,2026-04-30T00:00:00Z,HOLD,-0.36918989293880794,0.0
market_value_baseline,1487056,Will Apple be the largest company in the world by market cap on April 30?,will-apple-be-the-largest-company-in-the-world-by-market-cap-on-april-30-541,0.01549999974668026,1e-06,0.009462151394422311,-0.006037848352257949,-0.3895386097377915,16.88230415667824,48796.16454,17600.12064,0.001,2026-04-30T00:00:00Z,HOLD,-0.3895386097377915,0.0
market_value_baseline,1823774,"Will Bitcoin reach $90,000 in April?",will-bitcoin-reach-90k-in-april-2026,0.020500000566244125,1e-06,0.009462151394422311,-0.011037849171821814,-0.5384316520457587,18.04897082334491,102831.47488,74273.01968099999,0.001,2026-05-01T04:00:00Z,HOLD,-0.5384316520457587,0.0
market_value_baseline,1640919,US forces enter Iran by April 30?,us-forces-enter-iran-by-april-30-899,0.9975000023841858,0.998329967376776,0.9855403348554034,-0.011959667528782414,-0.0119896416042074,16.88230415667824,4877152.72031,35365651.48836588,0.001,2026-04-30T00:00:00Z,HOLD,-0.0119896416042074,0.0
market_value_baseline,1820098,Will US withdraw from NATO by April 30?,will-us-withdraw-from-nato-by-april-30-583-663,0.0215000007301569,1e-06,0.009462151394422311,-0.012037849335734587,-0.5598999500892919,16.88230415667824,112032.7479,397692.486832,0.004,2026-04-30T00:00:00Z,HOLD,-0.5598999500892919,0.0
market_value_baseline,1394299,US forces enter Iran by December 31?,us-forces-enter-iran-by-december-31-573-642-385-371-179-425-262,0.9984999895095825,0.999999,0.9855403348554034,-0.012959654654179142,-0.012979123475548889,261.88230415667823,606025.18073,2915759.2454829975,0.001,2026-12-31T00:00:00Z,HOLD,-0.012979123475548889,0.0
market_value_baseline,1797309,Kharg Island no longer under Iranian control by April 15?,kharg-island-no-longer-under-iranian-control-by-april-15,0.06499999761581421,0.0004111975431442261,0.05128205128205128,-0.013717946333762929,-0.21104533595283415,2.8788319344560183,343142.6148,281260.321055,0.01,2026-04-15T23:55:00Z,HOLD,-0.21104533595283415,0.0
market_value_baseline,1854200,"Will Elon Musk post 180-199 tweets from April 7 to April 14, 2026?",elon-musk-of-tweets-april-7-april-14-180-199,0.025499999523162842,1e-06,0.009462151394422311,-0.016037848128740533,-0.6289352324956949,1.5489708233449073,34999.89966,12124.664174999996,0.003,2026-04-14T16:00:00Z,HOLD,-0.6289352324956949,0.0
market_value_baseline,1823783,"Will Bitcoin dip to $45,000 in April?",will-bitcoin-dip-to-45k-in-april-2026,0.029999999329447746,1e-06,0.009462151394422311,-0.020537847935025437,-0.684594946469404,18.04897082334491,129203.98163,83201.27320299993,0.002,2026-05-01T04:00:00Z,HOLD,-0.684594946469404,0.0
market_value_baseline,1823794,"Will Ethereum reach $3,000 in April?",will-ethereum-reach-3000-in-april-2026,0.03350000083446503,1e-06,0.009462151394422311,-0.024037849440042718,-0.717547726605201,18.04897082334491,98391.07587,19735.484370999995,0.001,2026-05-01T04:00:00Z,HOLD,-0.717547726605201,0.0
market_value_baseline,1707943,Will Reza Pahlavi enter Iran by May 31?,will-reza-pahlavi-enter-iran-by-may-31,0.035999998450279236,1e-06,0.009462151394422311,-0.026537847055856927,-0.737162449951469,47.88230415667824,66700.2914,40301.659476,0.002,2026-05-31T00:00:00Z,HOLD,-0.737162449951469,0.0
market_value_baseline,1507751,Will the Iranian regime fall by April 30?,will-the-iranian-regime-fall-by-april-30,0.0364999994635582,1e-06,0.009462151394422311,-0.027037848069135888,-0.7407629716852633,16.88230415667824,743863.92134,1121475.309079999,0.002,2026-04-30T00:00:00Z,HOLD,-0.7407629716852633,0.0
market_value_baseline,1706823,US escorts commercial ship through Hormuz by April 15?,us-escorts-commercial-ship-through-hormuz-by-april-15,0.03700000047683716,1e-06,0.009462151394422311,-0.02753784908241485,-0.744266181824894,1.8823041566782406,72555.1359,14518.177906,0.002,2026-04-15T00:00:00Z,HOLD,-0.744266181824894,0.0
market_value_baseline,1576159,Mojtaba Khamenei seen in public by April 30?,mojtaba-khamenei-seen-in-public-by-april-30,0.18000000715255737,0.007250428199768066,0.15,-0.03000000715255738,-0.16666669978035692,16.88230415667824,27035.5558,45917.458854,0.02,2026-04-30T00:00:00Z,HOLD,-0.16666669978035692,0.0
market_value_baseline,1854263,Rolex Monte Carlo Masters: Andrey Rublev vs Nuno Borges,atp-rublev-borges-2026-04-06,0.7599999904632568,0.9148351699113846,0.7297297297297297,-0.03027026073352712,-0.03982929093864321,0.25730415667824075,41890.0494,70803.80537199999,0.01,2026-04-13T09:00:00Z,HOLD,-0.03982929093864321,0.0
market_value_baseline,906974,Will there be no change in Fed interest rates after the June 2026 meeting?,will-there-be-no-change-in-fed-interest-rates-after-the-june-2026-meeting,0.8949999809265137,0.9615165591239929,0.8636363636363636,-0.031363617290150025,-0.03504314855703356,64.88230415667825,192249.6052,60405.30140899998,0.01,2026-06-17T00:00:00Z,HOLD,-0.03504314855703356,0.0
market_value_baseline,1807965,Will WTI Crude Oil (WTI) hit (HIGH) $160 in April?,will-wti-crude-oil-wti-hit-high-160-in-april-469,0.08900000154972076,0.0011285990476608276,0.05128205128205128,-0.037717950267669484,-0.4237971866393504,18.048970811770836,42235.72147,63023.31236999999,0.003,2026-05-01T03:59:59.999Z,HOLD,-0.4237971866393504,0.0
market_value_baseline,1823775,"Will Bitcoin reach $85,000 in April?",will-bitcoin-reach-85k-in-april-2026,0.057999998331069946,0.0002014636993408203,0.009462151394422311,-0.04853784693664764,-0.8368594540225436,18.04897082334491,118636.94939,79553.42779399996,0.001,2026-05-01T04:00:00Z,HOLD,-0.8368594540225436,0.0
market_value_baseline,1712296,Will WTI Crude Oil (WTI) hit (HIGH) $130 in April?,will-wti-reach-130-in-april-2026-388-323-644-662,0.45500001311302185,0.1404096484184265,0.40443213296398894,-0.05056788014903291,-0.11113819492675896,18.048970811770836,56770.2729,356444.9576180004,0.01,2026-05-01T03:59:59.999Z,HOLD,-0.11113819492675896,0.0
market_value_baseline,1651389,Pete Hegseth out as Secretary of Defense by April 30?,pete-hegseth-out-as-secretary-of-defense-by-april-30,0.061000000685453415,1e-06,0.009462151394422311,-0.051537849291031106,-0.844882765768907,16.88230415667824,37367.68966,39254.91101100002,0.002,2026-04-30T00:00:00Z,HOLD,-0.844882765768907,0.0
market_value_baseline,1806236,Chicago Cubs vs. Tampa Bay Rays,mlb-chc-tb-2026-04-06,0.4950000047683716,0.27309490740299225,0.4382470119521913,-0.05675299281618029,-0.11465250963530206,0.7225819344560185,97946.0466,10616.528469000003,0.01,2026-04-13T20:10:00Z,HOLD,-0.11465250963530206,0.0
market_value_baseline,1823778,"Will Bitcoin reach $70,000 in April?",will-bitcoin-reach-70k-in-april-2026,0.9049999713897705,0.9296942092478275,0.8181818181818182,-0.08681815320795228,-0.09593166403599912,18.04897082334491,83293.6409,49721.62823600002,0.01,2026-05-01T04:00:00Z,HOLD,-0.09593166403599912,0.0
market_value_baseline,1705302,"Will Israel take military action in Gaza on April 5, 2026?",will-israel-take-military-action-in-gaza-on-april-5-2026,0.9340000152587891,0.9273430099710822,0.8181818181818182,-0.11581819707697083,-0.12400235030497336,16.88230415667824,16585.038,40770.09264899999,0.016,2026-04-30T00:00:00Z,HOLD,-0.12400235030497336,0.0
market_value_baseline,1652672,Will Crude Oil (CL) hit (HIGH) $115 by end of June?,will-crude-oil-cl-hit-high-115-by-end-of-june-217-913-468-473,0.8349999785423279,0.8884160779416561,0.7066666666666667,-0.12833331187566122,-0.15369259302221136,78.65313749001157,27763.1122,22030.071572000004,0.03,2026-06-30T18:30:00Z,HOLD,-0.15369259302221136,0.0
market_value_baseline,1806249,Los Angeles Dodgers vs. Toronto Blue Jays,mlb-lad-tor-2026-04-06,0.574999988079071,0.25699153542518616,0.4382470119521913,-0.13675297612687976,-0.23783126776008592,0.8454986011226852,181829.8506,11146.829699000002,0.01,2026-04-13T23:07:00Z,HOLD,-0.23783126776008592,0.0
market_value_baseline,1823798,"Will Ethereum reach $2,200 in April?",will-ethereum-reach-2200-in-april-2026,0.8450000286102295,0.8594953157007694,0.7066666666666667,-0.13833336194356283,-0.16370811510039773,18.04897082334491,54576.6777,12703.812338999998,0.01,2026-05-01T04:00:00Z,HOLD,-0.16370811510039773,0.0
market_value_baseline,1823779,"Will Bitcoin dip to $65,000 in April?",will-bitcoin-dip-to-65k-in-april-2026,0.625,0.3906257748603821,0.4827586206896551,-0.14224137931034492,-0.22758620689655187,18.04897082334491,65214.9651,61618.64103000001,0.01,2026-05-01T04:00:00Z,HOLD,-0.22758620689655187,0.0
market_value_baseline,561365,Will Cooper Flagg win the 2025–26 NBA Rookie of the Year award?,will-cooper-flagg-win-the-202526-nba-rookie-of-the-year-award,0.6380000114440918,0.5779898725450039,0.4857142857142857,-0.1522857257298061,-0.23869235579653425,34.88230415667824,20088.50786,49073.452026,0.009,2026-05-18T00:00:00Z,HOLD,-0.23869235579653425,0.0
market_value_baseline,1795678,"Naim Qassem out as Hezbollah’s secretary-general by April 30, 2026?",naim-qassem-out-as-hezbollahs-secretary-general-by-april-30-2026,0.17499999701976776,1e-06,0.009462151394422311,-0.16553784562534546,-0.9459305625396469,16.88230415667824,33359.2145,13677.836112000003,0.01,2026-04-30T00:00:00Z,HOLD,-0.9459305625396469,0.0
market_value_baseline,1632629,Will Javokhir Sindarov win the 2026 FIDE Candidates Tournament?,will-javokhir-sindarov-win-the-2026-fide-candidates-tournament,0.8450000286102295,0.8388278712518513,0.675,-0.17000002861022945,-0.20118345899920062,3.882304156678241,32328.0934,78777.50213299996,0.01,2026-04-17T00:00:00Z,HOLD,-0.20118345899920062,0.0
market_value_baseline,1712297,Will WTI Crude Oil (WTI) hit (HIGH) $120 in April?,will-wti-reach-120-in-april-2026-661-675-724-482,0.6850000023841858,0.33069688081741333,0.4827586206896551,-0.2022413816945307,-0.2952428919571048,18.048970811770836,32667.5195,188137.33993099994,0.01,2026-05-01T03:59:59.999Z,HOLD,-0.2952428919571048,0.0
market_value_baseline,1797770,Crude Oil all time high by April 30?,crude-oil-all-time-high-by-april-30,0.2150000035762787,1e-06,0.009462151394422311,-0.20553785218185638,-0.9559899942463709,16.88230415667824,24181.1929,10916.688904,0.02,2026-04-30T00:00:00Z,HOLD,-0.9559899942463709,0.0
market_value_baseline,1706294,"Will Iran strike UAE by April 30, 2026?",will-iran-strike-uae-by-april-30-2026,0.8784999847412109,0.6080338060855865,0.5,-0.37849998474121094,-0.4308480265400456,16.88230415667824,13530.28575,18543.040120999995,0.011,2026-04-30T00:00:00Z,HOLD,-0.4308480265400456,0.0
price_sequence_gru,558937,Will Brazil win the 2026 FIFA World Cup?,will-brazil-win-the-2026-fifa-world-cup-183,0.08550000190734863,0.07712896354496479,0.3719165085388994,0.28641650663155077,3.3499005876271633,97.88223702289352,968453.54479,134651.52142400012,0.001,2026-07-20T00:00:00Z,HOLD,3.3499005876271633,2.0
price_sequence_gru,567621,Will China invade Taiwan by end of 2026?,will-china-invade-taiwan-before-2027,0.08799999952316284,0.07792215421795845,0.3719165085388994,0.28391650901573656,3.226323983570088,261.88223702289355,536278.61546,359444.58327400027,0.001,2026-12-31T00:00:00Z,HOLD,3.226323983570088,2.0
price_sequence_gru,558938,Will Argentina win the 2026 FIFA World Cup?,will-argentina-win-the-2026-fifa-world-cup-245,0.09149999916553497,0.07852829433977604,0.3719165085388994,0.28041650937336443,3.0646613325761436,97.88223702289352,920929.59116,391409.1731069996,0.001,2026-07-20T00:00:00Z,HOLD,3.0646613325761436,2.0
price_sequence_gru,1734822,US x Iran ceasefire before Oil hits $120?,us-x-iran-ceasefire-before-oil-hits-120,0.20999999344348907,0.2831476926803589,0.489795918367347,0.2797959249238579,1.3323615888547677,77.88223702289352,16761.2821,15868.123078000004,0.02,2026-06-30T00:00:00Z,HOLD,1.3323615888547677,2.0
price_sequence_gru,898415,Will Charles Leclerc be the 2026 F1 Drivers' Champion?,will-charles-leclerc-be-the-2026-f1-drivers-champion,0.06949999928474426,0.06999660655856133,0.34782608695652173,0.27832608767177747,4.004691950160523,236.88223702289355,158696.76493,15406.449495000003,0.001,2026-12-06T00:00:00Z,HOLD,4.004691950160523,2.0
price_sequence_gru,665480,Will US withdraw from NATO before 2027?,will-us-withdraw-from-nato-before-2027-348-975-598-224-737,0.09449999779462814,0.08166638389229774,0.3719165085388994,0.27741651074427126,2.935624520829788,261.88223702289355,93626.33321,66010.09484799998,0.003,2026-12-31T00:00:00Z,HOLD,2.935624520829788,2.0
price_sequence_gru,553865,Will the Denver Nuggets win the 2026 NBA Finals?,will-the-denver-nuggets-win-the-2026-nba-finals,0.0949999988079071,0.10515867918729782,0.3719165085388994,0.2769165097309923,2.9149106653245958,78.88223702289352,192202.7611,50833.34768800001,0.01,2026-07-01T00:00:00Z,HOLD,2.9149106653245958,2.0
price_sequence_gru,1494703,Will Crude Oil (CL) hit (HIGH) $200 by end of June?,will-crude-oil-cl-hit-high-200-by-end-of-june-677,0.0949999988079071,0.08356480300426483,0.3719165085388994,0.2769165097309923,2.9149106653245958,78.65307035622685,289421.5741,39403.16538600001,0.01,2026-06-30T18:30:00Z,HOLD,2.9149106653245958,2.0
price_sequence_gru,566139,Will Real Madrid win the 2025–26 Champions League?,will-real-madrid-win-the-202526-champions-league,0.0949999988079071,0.07811342924833298,0.3719165085388994,0.2769165097309923,2.9149106653245958,47.88223702289351,264974.5738,36577.526539,0.01,2026-05-31T00:00:00Z,HOLD,2.9149106653245958,2.0
price_sequence_gru,559651,Xi Jinping out before 2027?,xi-jinping-out-before-2027,0.07150000333786011,0.0704881027340889,0.34782608695652173,0.2763260836186616,3.864700289773884,261.88223702289355,178929.85263,20141.691586000026,0.001,2026-12-31T00:00:00Z,HOLD,3.864700289773884,2.0
price_sequence_gru,1472548,Will Reza Pahlavi lead Iran in 2026?,will-reza-pahlavi-lead-iran-in-2026,0.09700000286102295,0.10441244766116142,0.3719165085388994,0.27491650567787645,2.8341906965896064,261.88223702289355,118950.05201,19462.884296999993,0.002,2026-12-31T00:00:00Z,HOLD,2.8341906965896064,2.0
price_sequence_gru,1500757,Will Christopher Waller be confirmed as Fed Chair?,will-christopher-waller-be-confirmed-as-fed-chair,0.0020000000949949026,0.019042782252654433,0.27312775330396477,0.27112775320896987,135.5638701655466,200.88223702289355,69483.38155,132805.71433199986,0.002,2026-10-31T00:00:00Z,HOLD,5.0,2.0
price_sequence_gru,1500768,Will Scott Bessent be confirmed as Fed Chair?,will-scott-bessent-be-confirmed-as-fed-chair,0.0024999999441206455,0.017282153014093637,0.27312775330396477,0.2706277533598441,108.25110376353837,200.88223702289355,237322.60516,105225.97116599997,0.001,2026-10-31T00:00:00Z,HOLD,5.0,2.0
price_sequence_gru,898423,Will Pierre Gasly be the 2026 F1 Drivers' Champion?,will-pierre-gasly-be-the-2026-f1-drivers-champion,0.0035000001080334187,0.017850216943770647,0.27312775330396477,0.26962775319593135,77.03649853526144,236.88223702289355,642874.69142,161156.15386399988,0.001,2026-12-06T00:00:00Z,HOLD,5.0,2.0
price_sequence_gru,898426,Will Arvid Lindblad be the 2026 F1 Drivers' Champion?,will-arvid-lindblad-be-the-2026-f1-drivers-champion,0.0035000001080334187,0.018884543795138597,0.27312775330396477,0.26962775319593135,77.03649853526144,236.88223702289355,613177.64028,137413.25953400013,0.001,2026-12-06T00:00:00Z,HOLD,5.0,2.0
price_sequence_gru,898429,Will Valtteri Bottas be the 2026 F1 Drivers' Champion?,will-valtteri-bottas-be-the-2026-f1-drivers-champion,0.0035000001080334187,0.01798080326989293,0.27312775330396477,0.26962775319593135,77.03649853526144,236.88223702289355,720870.37297,137039.75653499993,0.001,2026-12-06T00:00:00Z,HOLD,5.0,2.0
price_sequence_gru,898424,Will Franco Colapinto be the 2026 F1 Drivers' Champion?,will-franco-colapinto-be-the-2026-f1-drivers-champion,0.0035000001080334187,0.020933539140969515,0.27312775330396477,0.26962775319593135,77.03649853526144,236.88223702289355,731334.79924,134967.41089100004,0.001,2026-12-06T00:00:00Z,HOLD,5.0,2.0
price_sequence_gru,898425,Will Liam Lawson be the 2026 F1 Drivers' Champion?,will-liam-lawson-be-the-2026-f1-drivers-champion,0.0035000001080334187,0.019270085263997316,0.27312775330396477,0.26962775319593135,77.03649853526144,236.88223702289355,727704.94088,131936.8788760001,0.001,2026-12-06T00:00:00Z,HOLD,5.0,2.0
price_sequence_gru,1235566,Will the Washington Nationals win the 2026 World Series?,will-the-washington-nationals-win-the-2026-world-series,0.0035000001080334187,0.026465848553925753,0.27312775330396477,0.26962775319593135,77.03649853526144,201.87876480067132,128550.9237,94073.73288199994,0.001,2026-10-31T23:55:00Z,HOLD,5.0,2.0
price_sequence_gru,561234,Will Marco Rubio win the 2028 US Presidential Election?,will-marco-rubio-win-the-2028-us-presidential-election,0.10249999910593033,0.08729357644915581,0.3719165085388994,0.2694165094329691,2.628453773492584,938.8822370228935,335227.75799,56815.09927300002,0.001,2028-11-07T00:00:00Z,HOLD,2.628453773492584,2.0
price_sequence_gru,898419,Will Esteban Ocon be the 2026 F1 Drivers' Champion?,will-esteban-ocon-be-the-2026-f1-drivers-champion,0.0044999998062849045,0.018230261281132698,0.27312775330396477,0.26862775349767987,59.69505890255864,236.88223702289355,655831.59515,143621.28025000004,0.001,2026-12-06T00:00:00Z,HOLD,5.0,2.0
price_sequence_gru,898427,Will Alexander Albon be the 2026 F1 Drivers' Champion?,will-alexander-albon-be-the-2026-f1-drivers-champion,0.0044999998062849045,0.017708176746964455,0.27312775330396477,0.26862775349767987,59.69505890255864,236.88223702289355,709996.4898,138737.74124999982,0.001,2026-12-06T00:00:00Z,HOLD,5.0,2.0
price_sequence_gru,898422,Will Gabriel Bortoleto be the 2026 F1 Drivers' Champion?,will-gabriel-bortoleto-be-the-2026-f1-drivers-champion,0.0044999998062849045,0.019597573205828667,0.27312775330396477,0.26862775349767987,59.69505890255864,236.88223702289355,629354.3024,123894.47500000003,0.001,2026-12-06T00:00:00Z,HOLD,5.0,2.0
price_sequence_gru,898418,Will Lance Stroll be the 2026 F1 Drivers' Champion?,will-lance-stroll-be-the-2026-f1-drivers-champion,0.0044999998062849045,0.01940779574215412,0.27312775330396477,0.26862775349767987,59.69505890255864,236.88223702289355,703320.36978,115149.40549999992,0.001,2026-12-06T00:00:00Z,HOLD,5.0,2.0
price_sequence_gru,1500766,Will Jerome Powell be confirmed as Fed Chair?,will-jerome-powell-be-confirmed-as-fed-chair,0.005499999970197678,0.02079906314611435,0.27312775330396477,0.2676277533337671,48.65959177889744,200.88223702289355,22212.58646,11071.3125,0.002,2026-10-31T00:00:00Z,HOLD,5.0,2.0
price_sequence_gru,560317,"Putin out as President of Russia by December 31, 2026?",putin-out-before-2027,0.10499999672174454,0.10195205733180046,0.3719165085388994,0.26691651181715487,2.5420620966731793,262.65307035622686,339730.0121,55123.256466,0.01,2026-12-31T18:30:00Z,HOLD,2.5420620966731793,2.0
price_sequence_gru,678419,Will The Super Mario Galaxy Movie be the top grossing movie of 2026?,will-movie-a-be-the-top-grossing-movie-of-2026,0.10499999672174454,0.108641117811203,0.3719165085388994,0.26691651181715487,2.5420620966731793,261.88223702289355,37404.0998,18568.464891,0.01,2026-12-31T00:00:00Z,HOLD,2.5420620966731793,2.0
price_sequence_gru,842013,Will Denmark win Eurovision 2026?,will-denmark-win-eurovision-2026,0.10499999672174454,0.08836835063993931,0.3719165085388994,0.26691651181715487,2.5420620966731793,32.88223702289351,131964.40183,14747.858359,0.003,2026-05-16T00:00:00Z,HOLD,2.5420620966731793,2.0
price_sequence_gru,553869,Will the Philadelphia 76ers win the 2026 NBA Finals?,will-the-philadelphia-76ers-win-the-2026-nba-finals,0.007499999832361937,0.018687668722122908,0.27312775330396477,0.26562775347160283,35.417034587846125,78.88223702289352,349598.32659,90226.171977,0.001,2026-07-01T00:00:00Z,HOLD,5.0,2.0
price_sequence_gru,616910,Will 8 Fed rate cuts happen in 2026?,will-8-fed-rate-cuts-happen-in-2026,0.007499999832361937,0.017342669423669577,0.27312775330396477,0.26562775347160283,35.417034587846125,261.88223702289355,74766.31294,11735.488768999998,0.001,2026-12-31T00:00:00Z,HOLD,5.0,2.0
price_sequence_gru,601829,Will Camilo Santana win the 2026 Brazilian presidential election?,will-camilo-santana-win-the-2026-brazilian-presidential-election,0.009499999694526196,0.018697756342589855,0.27312775330396477,0.2636277536094386,27.750290745939523,173.88223702289352,14345.71323,29017.660909,0.001,2026-10-04T00:00:00Z,HOLD,5.0,2.0
price_sequence_gru,679030,Will Jean-Luc Mélenchon win the 2027 French presidential election?,will-jean-luc-mlenchon-win-the-2027-french-presidential-election,0.07000000029802322,0.06962810456752777,0.3333333333333333,0.2633333330353101,3.761904741631073,381.88223702289355,83740.4611,25150.956662,0.02,2027-04-30T00:00:00Z,HOLD,3.761904741631073,2.0
price_sequence_gru,1171663,"Russia x Ukraine ceasefire by June 30, 2026?",russia-x-ukraine-ceasefire-by-june-30-2026,0.08500000089406967,0.07345404289662838,0.34782608695652173,0.26282608606245206,3.092071568210878,77.88223702289352,458097.9019,65621.13642700002,0.01,2026-06-30T00:00:00Z,HOLD,3.092071568210878,2.0
price_sequence_gru,1808742,"Will Trump say ""Trump University"" in April?",will-trump-say-trump-university-in-april,0.08500000089406967,0.07332617603242397,0.34782608695652173,0.26282608606245206,3.092071568210878,16.88223702289352,22537.5753,22068.573332,0.01,2026-04-30T00:00:00Z,STRONG BUY,3.092071568210878,2.0
price_sequence_gru,553882,Will the Charlotte Hornets win the 2026 NBA Finals?,will-the-charlotte-hornets-win-the-2026-nba-finals,0.010999999940395355,0.02124900370836258,0.27312775330396477,0.2621277533635694,23.82979588944872,78.88223702289352,523799.79419,378589.1398839999,0.002,2026-07-01T00:00:00Z,HOLD,5.0,2.0
price_sequence_gru,706279,Will Trump visit China by April 30?,will-trump-visit-china-by-april-30,0.010999999940395355,0.020733043551445007,0.27312775330396477,0.2621277533635694,23.82979588944872,16.88223702289352,267612.54194,309526.00166400004,0.002,2026-04-30T00:00:00Z,HOLD,5.0,2.0
price_sequence_gru,1500755,Will Judy Shelton be confirmed as Fed Chair?,will-judy-shelton-be-confirmed-as-fed-chair,0.011500000022351742,0.023046144284307957,0.27312775330396477,0.26162775328161303,22.750239371574395,200.88223702289355,414912.15138,239001.69856999992,0.002,2026-10-31T00:00:00Z,HOLD,5.0,2.0
price_sequence_gru,1818151,Genius FDV above $500M one day after launch?,genius-fdv-above-500m-one-day-after-launch,0.11050000041723251,0.13320909067988396,0.3719165085388994,0.2614165081216669,2.365760245561944,628.0905703562269,19992.22425,19191.695553999998,0.057,2028-01-01T05:00:00Z,HOLD,2.365760245561944,2.0
price_sequence_gru,566159,Will Sporting win the 2025–26 Champions League?,will-sporting-win-the-202526-champions-league,0.012500000186264515,0.019686139188706875,0.27312775330396477,0.26062775311770026,20.850219938723534,47.88223702289351,639362.1652,33976.712675999996,0.001,2026-05-31T00:00:00Z,HOLD,5.0,2.0
price_sequence_gru,558935,Will England win the 2026 FIFA World Cup?,will-england-win-the-2026-fifa-world-cup-937,0.11249999701976776,0.10153390094637871,0.3719165085388994,0.25941651151913164,2.305924607922867,97.88223702289352,1367962.31293,302130.79923299944,0.001,2026-07-20T00:00:00Z,HOLD,2.305924607922867,2.0
price_sequence_gru,898410,Will Oscar Piastri be the 2026 F1 Drivers' Champion?,will-oscar-piastri-be-the-2026-f1-drivers-champion,0.04699999839067459,0.06423483043909073,0.3055555555555556,0.258555557164881,5.5011822557036885,236.88223702289355,181355.86579,13787.546082,0.001,2026-12-06T00:00:00Z,HOLD,5.0,2.0
price_sequence_gru,1652691,Will Crude Oil (CL) hit (HIGH) $175 by end of June?,will-crude-oil-cl-hit-high-175-by-end-of-june-456-295,0.11500000208616257,0.10394598729908466,0.3719165085388994,0.25691650645273684,2.2340565373228847,78.65307035622685,63232.2922,51026.324311,0.01,2026-06-30T18:30:00Z,HOLD,2.2340565373228847,2.0
price_sequence_gru,1235563,Will the New York Mets win the 2026 World Series?,will-the-new-york-mets-win-the-2026-world-series,0.05000000074505806,0.060210660099983215,0.3055555555555556,0.2555555548104975,5.111111020048461,201.87876480067132,107810.59107,13134.786637,0.002,2026-10-31T23:55:00Z,HOLD,5.0,2.0
price_sequence_gru,553862,Will the Boston Celtics win the 2026 NBA Finals?,will-the-boston-celtics-win-the-2026-nba-finals,0.11649999767541885,0.10554215777665377,0.3719165085388994,0.25541651086348055,2.192416446007987,78.88223702289352,163915.76311,27972.02858200001,0.002,2026-07-01T00:00:00Z,HOLD,2.192416446007987,2.0
price_sequence_gru,898413,Will Max Verstappen be the 2026 F1 Drivers' Champion?,will-max-verstappen-be-the-2026-f1-drivers-champion,0.0215000007301569,0.032393211498856544,0.27312775330396477,0.2516277525738079,11.703616001317764,236.88223702289355,326040.74615,19545.861835,0.001,2026-12-06T00:00:00Z,HOLD,5.0,2.0
price_sequence_gru,1393068,"Will Bitcoin reach $500,000 by December 31, 2026?",will-bitcoin-reach-500000-by-december-31-2026-864,0.0215000007301569,0.017538974061608315,0.27312775330396477,0.2516277525738079,11.703616001317764,263.09057035622686,121391.09757,10876.972435000003,0.001,2027-01-01T05:00:00Z,HOLD,5.0,2.0
price_sequence_gru,558949,Will Japan win the 2026 FIFA World Cup?,will-japan-win-the-2026-fifa-world-cup-112,0.02199999988079071,0.019996088929474354,0.27312775330396477,0.25112775342317406,11.41489794472436,97.88223702289352,254497.2705,274161.02335,0.002,2026-07-20T00:00:00Z,HOLD,5.0,2.0
price_sequence_gru,898409,Will Lando Norris be the 2026 F1 Drivers' Champion?,will-lando-norris-be-the-2026-f1-drivers-champion,0.023000000044703484,0.0401539895683527,0.27411167512690354,0.25111167508220006,10.917898895397041,236.88223702289355,229687.72386,10911.039789000002,0.001,2026-12-06T00:00:00Z,HOLD,5.0,2.0
price_sequence_gru,842016,Will France win Eurovision 2026?,will-france-win-eurovision-2026,0.12200000137090683,0.09973233565688133,0.3719165085388994,0.24991650716799257,2.0484959373745535,32.88223702289351,250590.1323,31987.725254999998,0.004,2026-05-16T00:00:00Z,HOLD,2.0484959373745535,2.0
price_sequence_gru,561979,Will Ron DeSantis win the 2028 Republican presidential nomination?,will-ron-desantis-win-the-2028-republican-presidential-nomination,0.025499999523162842,0.018668416887521744,0.27312775330396477,0.24762775378080193,9.710892486718286,938.8822370228935,355329.72975,586630.4877050001,0.002,2028-11-07T00:00:00Z,HOLD,5.0,2.0
price_sequence_gru,1854200,"Will Elon Musk post 180-199 tweets from April 7 to April 14, 2026?",elon-musk-of-tweets-april-7-april-14-180-199,0.025499999523162842,0.0175034636631608,0.27312775330396477,0.24762775378080193,9.710892486718286,1.5489036895601853,34999.89966,12124.664174999996,0.003,2026-04-14T16:00:00Z,HOLD,5.0,2.0
price_sequence_gru,1823781,"Will Bitcoin dip to $55,000 in April?",will-bitcoin-dip-to-55k-in-april-2026,0.125,0.10408383421599865,0.3719165085388994,0.2469165085388994,1.9753320683111952,18.048903689560184,131910.4204,79109.08847399999,0.01,2026-05-01T04:00:00Z,STRONG BUY,1.9753320683111952,2.0
price_sequence_gru,1664038,Will Google have the best AI model at the end of April 2026?,will-google-have-the-best-ai-model-at-the-end-of-april-2026,0.026499999687075615,0.01913740672171116,0.27312775330396477,0.24662775361688916,9.30670779355415,16.88223702289352,22446.52158,12714.398882000003,0.001,2026-04-30T00:00:00Z,HOLD,5.0,2.0
price_sequence_gru,601827,Will Ronaldo Caiado win the 2026 Brazilian presidential election?,will-ronaldo-caiado-win-the-2026-brazilian-presidential-election,0.027499999850988388,0.030940363183617592,0.27312775330396477,0.24562775345297638,8.931918355779489,173.88223702289352,48557.73201,21380.445943000002,0.002,2026-10-04T00:00:00Z,HOLD,5.0,2.0
price_sequence_gru,553837,Will the Ottawa Senators win the 2026 NHL Stanley Cup?,will-the-ottawa-senators-win-the-2026-nhl-stanley-cup,0.027499999850988388,0.03545179218053818,0.27312775330396477,0.24562775345297638,8.931918355779489,77.88223702289352,94649.11843,13757.500327999993,0.003,2026-06-30T00:00:00Z,HOLD,5.0,2.0
price_sequence_gru,558951,Will Norway win the 2026 FIFA World Cup?,will-norway-win-the-2026-fifa-world-cup-893,0.02800000086426735,0.019385076127946377,0.27312775330396477,0.24512775243969742,8.75456231690768,97.88223702289352,725597.62908,321553.08047000004,0.002,2026-07-20T00:00:00Z,HOLD,5.0,2.0
price_sequence_gru,553839,Will the Utah Mammoth win the 2026 NHL Stanley Cup?,will-the-utah-mammoth-win-the-2026-nhl-stanley-cup,0.02850000001490116,0.027023309841752052,0.27312775330396477,0.2446277532890636,8.583429935479318,77.88223702289352,155993.13839,18218.256368,0.003,2026-06-30T00:00:00Z,HOLD,5.0,2.0
price_sequence_gru,1823783,"Will Bitcoin dip to $45,000 in April?",will-bitcoin-dip-to-45k-in-april-2026,0.029999999329447746,0.018629590049386024,0.27312775330396477,0.24312775397451702,8.104258646961531,18.048903689560184,129203.98163,83201.27320299993,0.002,2026-05-01T04:00:00Z,HOLD,5.0,2.0
price_sequence_gru,842031,Will Romania win Eurovision 2026?,will-romania-win-eurovision-2026,0.03150000050663948,0.05189182236790657,0.27411167512690354,0.24261167462026406,7.701957800576132,32.88223702289351,115025.68175,36072.821937,0.001,2026-05-16T00:00:00Z,HOLD,5.0,2.0
price_sequence_gru,1807967,Will WTI Crude Oil (WTI) hit (HIGH) $200 in April?,will-wti-crude-oil-wti-hit-high-200-in-april,0.03150000050663948,0.02643922995775938,0.27312775330396477,0.2416277527973253,7.670722187651892,18.04890367798611,476894.12748,567991.2017010006,0.001,2026-05-01T03:59:59.999Z,STRONG BUY,5.0,2.0
price_sequence_gru,678784,Will the US strike 15 or more countries in 2026?,will-the-us-strike-15-or-more-countries-in-2026,0.032499998807907104,0.0418199747800827,0.27411167512690354,0.24161167631899644,7.434205697884931,261.88223702289355,16632.95607,14930.106361,0.009,2026-12-31T00:00:00Z,HOLD,5.0,2.0
price_sequence_gru,558941,Will Netherlands win the 2026 FIFA World Cup?,will-netherlands-win-the-2026-fifa-world-cup-739,0.03350000083446503,0.03152904938906431,0.27312775330396477,0.23962775246949974,7.153067059716879,97.88223702289352,560833.95636,68985.85802299998,0.001,2026-07-20T00:00:00Z,HOLD,5.0,2.0
price_sequence_gru,1823794,"Will Ethereum reach $3,000 in April?",will-ethereum-reach-3000-in-april-2026,0.03350000083446503,0.02443654276430607,0.27312775330396477,0.23962775246949974,7.153067059716879,18.048903689560184,98391.07587,19735.484370999995,0.001,2026-05-01T04:00:00Z,STRONG BUY,5.0,2.0
price_sequence_gru,948956,"Bitcoin all time high by June 30, 2026?",bitcoin-all-time-high-by-june-30-2026,0.03350000083446503,0.025281496345996857,0.27312775330396477,0.23962775246949974,7.153067059716879,79.09057035622685,72596.92334,16278.764697,0.003,2026-07-01T05:00:00Z,HOLD,5.0,2.0
price_sequence_gru,1818152,Genius FDV above $1B one day after launch?,genius-fdv-above-1b-one-day-after-launch,0.03350000083446503,0.034006986767053604,0.27312775330396477,0.23962775246949974,7.153067059716879,628.0905703562269,23002.65242,14670.880245,0.027,2028-01-01T05:00:00Z,HOLD,5.0,2.0
price_sequence_gru,842034,Will Sweden win Eurovision 2026?,will-sweden-win-eurovision-2026,0.03400000184774399,0.021380968391895294,0.27312775330396477,0.23912775145622078,7.0331687782566314,32.88223702289351,150937.74677,16162.574748999996,0.001,2026-05-16T00:00:00Z,HOLD,5.0,2.0
price_sequence_gru,566146,Will Atletico Madrid win the 2025–26 Champions League?,will-atletico-madrid-win-the-202526-champions-league,0.03449999913573265,0.02042196784168482,0.27312775330396477,0.23862775416823212,6.916746670902911,47.88223702289351,304381.65901,365129.819257,0.001,2026-05-31T00:00:00Z,HOLD,5.0,2.0
price_sequence_gru,1707943,Will Reza Pahlavi enter Iran by May 31?,will-reza-pahlavi-enter-iran-by-may-31,0.035999998450279236,0.022871142253279686,0.27312775330396477,0.23712775485368554,6.58688236281983,47.88223702289351,66700.2914,40301.659476,0.002,2026-05-31T00:00:00Z,HOLD,5.0,2.0
price_sequence_gru,958443,Will the Iranian regime fall by June 30?,will-the-iranian-regime-fall-by-june-30,0.13500000536441803,0.11781733110547066,0.3719165085388994,0.23691650317448137,1.7549369908167833,77.88223702289352,1512677.5911,485738.3817199996,0.01,2026-06-30T00:00:00Z,HOLD,1.7549369908167833,2.0
price_sequence_gru,1662802,Trump announces end of military operations against Iran by April 15th?,trump-announces-end-of-military-operations-against-iran-by-april-15th-962-364-677,0.13500000536441803,0.10756490007042885,0.3719165085388994,0.23691650317448137,1.7549369908167833,2.8787648006712963,90803.1866,246533.738679,0.01,2026-04-15T23:55:00Z,STRONG BUY,1.7549369908167833,2.0
price_sequence_gru,566188,Will Manchester City win the 2025–26 English Premier League?,will-manchester-city-win-the-202526-english-premier-league,0.13500000536441803,0.11778394877910614,0.3719165085388994,0.23691650317448137,1.7549369908167833,43.88223702289351,828603.1362,82474.365601,0.01,2026-05-27T00:00:00Z,HOLD,1.7549369908167833,2.0
price_sequence_gru,1823801,"Will Ethereum dip to $1,600 in April?",will-ethereum-dip-to-1600-in-april-2026,0.13500000536441803,0.1152343675494194,0.3719165085388994,0.23691650317448137,1.7549369908167833,18.048903689560184,43146.3949,30574.043034,0.01,2026-05-01T04:00:00Z,STRONG BUY,1.7549369908167833,2.0
price_sequence_gru,1507751,Will the Iranian regime fall by April 30?,will-the-iranian-regime-fall-by-april-30,0.0364999994635582,0.020995957776904106,0.27312775330396477,0.23662775384040657,6.48295225529132,16.88223702289352,743863.92134,1121475.309079999,0.002,2026-04-30T00:00:00Z,STRONG BUY,5.0,2.0
price_sequence_gru,1823803,"Will Ethereum dip to $1,200 in April?",will-ethereum-dip-to-1200-in-april-2026,0.0364999994635582,0.028522741049528122,0.27312775330396477,0.23662775384040657,6.48295225529132,18.048903689560184,67906.26264,45947.343308,0.001,2026-05-01T04:00:00Z,STRONG BUY,5.0,2.0
price_sequence_gru,1706823,US escorts commercial ship through Hormuz by April 15?,us-escorts-commercial-ship-through-hormuz-by-april-15,0.03700000047683716,0.028705458156764507,0.27312775330396477,0.2361277528271276,6.381831075244146,1.8822370228935186,72555.1359,14518.177906,0.002,2026-04-15T00:00:00Z,STRONG BUY,5.0,2.0
price_sequence_gru,601825,Will Renan Santos win the 2026 Brazilian presidential election?,will-renan-santos-win-the-2026-brazilian-presidential-election,0.07000000029802322,0.06435353308916092,0.3055555555555556,0.23555555525753236,3.365079346495151,173.88223702289352,118133.09966,36924.44723,0.003,2026-10-04T00:00:00Z,HOLD,3.365079346495151,2.0
price_sequence_gru,558940,Will Portugal win the 2026 FIFA World Cup?,will-portugal-win-the-2026-fifa-world-cup-912,0.07050000131130219,0.06251974403858185,0.3055555555555556,0.2350555542442534,3.3341212747831617,97.88223702289352,412693.68207,101973.10628200001,0.001,2026-07-20T00:00:00Z,HOLD,3.3341212747831617,2.0
price_sequence_gru,1763610,US announces military support of Kurds in Iran by April 30?,us-announces-military-support-of-kurds-in-iran-by-april-30,0.13699999451637268,0.10438969358801842,0.3719165085388994,0.23491651402252672,1.7147191490905656,16.88223702289352,15815.81409,56953.05581600004,0.003,2026-04-30T00:00:00Z,STRONG BUY,1.7147191490905656,2.0
price_sequence_gru,559655,Will Josh Shapiro win the 2028 Democratic presidential nomination?,will-josh-shapiro-win-the-2028-democratic-presidential-nomination-977,0.03849999979138374,0.025649286806583405,0.27312775330396477,0.23462775351258103,6.094227396985349,938.8822370228935,452954.09482,129946.037918,0.001,2028-11-07T00:00:00Z,HOLD,5.0,2.0
price_sequence_gru,703258,Will Jesus Christ return before 2027?,will-jesus-christ-return-before-2027,0.03849999979138374,0.032857105135917664,0.27312775330396477,0.23462775351258103,6.094227396985349,261.88223702289355,1640384.36377,79317.59563699998,0.001,2026-12-31T00:00:00Z,HOLD,5.0,2.0
price_sequence_gru,558936,Will France win the 2026 FIFA World Cup?,will-france-win-the-2026-fifa-world-cup-924,0.13750000298023224,0.1305736694484949,0.3719165085388994,0.23441650555866717,1.7048472762023734,97.88223702289352,840713.39907,642807.7800669998,0.001,2026-07-20T00:00:00Z,HOLD,1.7048472762023734,2.0
price_sequence_gru,956590,"Will China invade Taiwan by June 30, 2026?",will-china-invade-taiwan-by-june-30-2026,0.04100000113248825,0.041273556649684906,0.27411167512690354,0.2331116739944153,5.6856504281825115,77.88223702289352,159698.4978,347201.8577349999,0.001,2026-06-30T00:00:00Z,HOLD,5.0,2.0
price_sequence_gru,898416,Will Lewis Hamilton be the 2026 F1 Drivers' Champion?,will-lewis-hamilton-be-the-2026-f1-drivers-champion,0.04100000113248825,0.04410767927765846,0.27411167512690354,0.2331116739944153,5.6856504281825115,236.88223702289355,175470.43363,19566.997699,0.002,2026-12-06T00:00:00Z,HOLD,5.0,2.0
price_sequence_gru,842020,Will Israel win Eurovision 2026?,will-israel-win-eurovision-2026,0.04050000011920929,0.02384570613503456,0.27312775330396477,0.23262775318475548,5.743895123457526,32.88223702289351,145924.07182,15390.571356,0.001,2026-05-16T00:00:00Z,HOLD,5.0,2.0
price_sequence_gru,677407,China x Taiwan military clash before 2027?,china-x-taiwan-military-clash-before-2027,0.14000000059604645,0.12504537776112556,0.3719165085388994,0.23191650794285296,1.6565464782533879,261.88223702289355,122402.9853,11532.500285000002,0.02,2026-12-31T00:00:00Z,HOLD,1.6565464782533879,2.0
price_sequence_gru,553858,Will the New York Knicks win the 2026 NBA Finals?,will-the-new-york-knicks-win-the-2026-nba-finals,0.04149999842047691,0.03616286348551512,0.27312775330396477,0.23162775488348786,5.5813918963716915,78.88223702289352,373689.86032,15189.086790999998,0.001,2026-07-01T00:00:00Z,HOLD,5.0,2.0
price_sequence_gru,559658,Will Kamala Harris win the 2028 Democratic presidential nomination?,will-kamala-harris-win-the-2028-democratic-presidential-nomination-641,0.042500000447034836,0.02637229859828949,0.27312775330396477,0.23062775285692994,5.426535304260697,938.8822370228935,350530.15323,11112.751082000002,0.001,2028-11-07T00:00:00Z,HOLD,5.0,2.0
price_sequence_gru,553852,Will the Pittsburgh Penguins win the 2026 NHL Stanley Cup?,will-the-pittsburgh-penguins-win-the-2026-nhl-stanley-cup,0.04399999976158142,0.046127209439873695,0.27411167512690354,0.23011167536532212,5.229810832095596,77.88223702289352,110380.18509,11597.54777,0.005,2026-06-30T00:00:00Z,HOLD,5.0,2.0
price_sequence_gru,561261,Will Jon Ossoff win the 2028 US Presidential Election?,will-jon-ossoff-win-the-2028-us-presidential-election,0.04399999976158142,0.0208151675760746,0.27312775330396477,0.22912775354238335,5.20744897236218,938.8822370228935,408175.2476,16656.261362,0.002,2028-11-07T00:00:00Z,HOLD,5.0,2.0
price_sequence_gru,601821,Will Fernando Haddad win the 2026 Brazilian presidential election?,will-fernando-haddad-win-the-2026-brazilian-presidential-election,0.045499999076128006,0.04989511892199516,0.27411167512690354,0.22861167605077554,5.02443254269688,173.88223702289352,159779.77048,39376.727591999996,0.001,2026-10-04T00:00:00Z,HOLD,5.0,2.0
price_sequence_gru,666614,MegaETH market cap (FDV) >$3B one day after launch?,megaeth-market-cap-fdv-2b-one-day-after-launch-392-656-565-965-418-578-388,0.045499999076128006,0.03864579927176237,0.27411167512690354,0.22861167605077554,5.02443254269688,79.04890368956018,44349.68443,14214.564086,0.003,2026-07-01T04:00:00Z,HOLD,5.0,2.0
price_sequence_gru,1484987,Netanyahu out by June 30?,netanyahu-out-by-june-30-383-244-575,0.04500000178813934,0.03242043312638998,0.27312775330396477,0.22812775151582543,5.06950538779652,77.88223702289352,580781.7508,18484.188711999996,0.01,2026-06-30T00:00:00Z,HOLD,5.0,2.0
price_sequence_gru,1712302,Will WTI Crude Oil (WTI) hit (LOW) $70 in April?,will-wti-dip-to-70-in-april-2026-432-431-838-754,0.04500000178813934,0.03252268489450216,0.27312775330396477,0.22812775151582543,5.06950538779652,18.04890367798611,38124.8599,14989.830583,0.01,2026-05-01T03:59:59.999Z,STRONG BUY,5.0,2.0
price_sequence_gru,566227,Will Real Madrid win the 2025–26 La Liga?,will-real-madrid-win-the-202526-la-liga,0.04500000178813934,0.029828679747879505,0.27312775330396477,0.22812775151582543,5.06950538779652,46.88223702289351,164434.4878,12147.21165,0.01,2026-05-30T00:00:00Z,HOLD,5.0,2.0
price_sequence_gru,566136,Will PSG win the 2025–26 Champions League?,will-psg-win-the-202526-champions-league,0.14499999582767487,0.13139428850263357,0.3719165085388994,0.22691651271122454,1.5649415120046162,47.88223702289351,256549.7685,50020.19135800001,0.01,2026-05-31T00:00:00Z,HOLD,1.5649415120046162,2.0
price_sequence_gru,1632626,Will Fabiano Caruana win the 2026 FIDE Candidates Tournament?,will-fabiano-caruana-win-the-2026-fide-candidates-tournament,0.14499999582767487,0.10709099471569061,0.3719165085388994,0.22691651271122454,1.5649415120046162,3.882237022893518,22353.4426,15184.889421000002,0.01,2026-04-17T00:00:00Z,STRONG BUY,1.5649415120046162,2.0
price_sequence_gru,561996,Will Tucker Carlson win the 2028 Republican presidential nomination?,will-tucker-carlson-win-the-2028-republican-presidential-nomination,0.04650000110268593,0.025387965142726898,0.27312775330396477,0.22662775220127884,4.873714985529073,938.8822370228935,300484.16821,12696.846172,0.002,2028-11-07T00:00:00Z,HOLD,4.873714985529073,2.0
price_sequence_gru,1707608,"Will Trump declare war on Iran by April 30, 2026?",will-trump-declare-war-on-iran-by-april-30-2026,0.0794999971985817,0.06891694571822882,0.3055555555555556,0.22605555835697388,2.8434662430529847,16.88223702289352,23883.57573,10855.763019999999,0.005,2026-04-30T00:00:00Z,STRONG BUY,2.8434662430529847,2.0
price_sequence_gru,1543487,US-Iran nuclear deal by April 30?,us-iran-nuclear-deal-by-april-30,0.04749999940395355,0.034537406638264656,0.27312775330396477,0.22562775390001122,4.750058036447714,16.88223702289352,66939.49159,59146.69676500001,0.007,2026-04-30T00:00:00Z,STRONG BUY,4.750058036447714,2.0
price_sequence_gru,553857,Will the Cleveland Cavaliers win the 2026 NBA Finals?,will-the-cleveland-cavaliers-win-the-2026-nba-finals,0.04749999940395355,0.0349365184083581,0.27312775330396477,0.22562775390001122,4.750058036447714,78.88223702289352,299814.07657,36793.363214000026,0.002,2026-07-01T00:00:00Z,HOLD,4.750058036447714,2.0
price_sequence_gru,1130016,Will New People (NL) gain the most seats in the next Russian parliamentary election?,will-new-people-nl-gain-the-most-seats-in-the-next-russian-parliamentary-election,0.2644999921321869,0.2588556343689561,0.489795918367347,0.2252959262351601,0.8517804647894502,169.88223702289352,39531.05217,30415.322151,0.013,2026-09-30T00:00:00Z,HOLD,0.8517804647894502,2.0
price_sequence_gru,663583,Will the Iranian regime fall before 2027?,will-the-iranian-regime-fall-by-the-end-of-2026,0.26499998569488525,0.2606732212007046,0.489795918367347,0.22479593267246173,0.8482865841784855,261.88223702289355,465477.6456,61979.149121,0.01,2026-12-31T00:00:00Z,HOLD,0.8482865841784855,2.0
price_sequence_gru,553871,Will the Detroit Pistons win the 2026 NBA Finals?,will-the-detroit-pistons-win-the-2026-nba-finals,0.0494999997317791,0.04110340774059296,0.27411167512690354,0.22461167539512444,4.537609628529418,78.88223702289352,300740.53166,37717.55590199999,0.001,2026-07-01T00:00:00Z,HOLD,4.537609628529418,2.0
price_sequence_gru,1712301,Will WTI Crude Oil (WTI) hit (LOW) $80 in April?,will-wti-dip-to-80-in-april-2026-116-129-341,0.1850000023841858,0.24456461146473885,0.4090909090909091,0.22409090670672333,1.211302182804075,18.04890367798611,97105.0825,104956.33184400001,0.01,2026-05-01T03:59:59.999Z,STRONG BUY,1.211302182804075,2.0
price_sequence_gru,553830,Will the Tampa Bay Lightning win the 2026 NHL Stanley Cup?,will-the-tampa-bay-lightning-win-the-2026-nhl-stanley-cup,0.148499995470047,0.13977360166609287,0.3719165085388994,0.2234165130688524,1.5044883493879726,77.88223702289352,85284.65828,113983.896491,0.002,2026-06-30T00:00:00Z,HOLD,1.5044883493879726,2.0
price_sequence_gru,1664039,Will OpenAI have the best AI model at the end of April 2026?,will-openai-have-the-best-ai-model-at-the-end-of-april-2026,0.05050000175833702,0.03477518633008003,0.27312775330396477,0.22262775154562775,4.408470174139633,16.88223702289352,15403.54178,48480.519003,0.001,2026-04-30T00:00:00Z,STRONG BUY,4.408470174139633,2.0
price_sequence_gru,1791570,Will MrBeast's next video get between 90 and 100 million views on week 1?,will-mrbeasts-next-video-get-between-90-and-100-million-views-on-week-1-725,0.051500000059604645,0.04042367357760668,0.27411167512690354,0.2226116750672989,4.322556792420475,47.88223702289351,11166.00774,22971.798921,0.02,2026-05-31T00:00:00Z,HOLD,4.322556792420475,2.0
price_sequence_gru,1130015,Will the Liberal Democratic Party of Russia (LDPR) gain the most seats in the next Russian parliamentary election?,will-the-liberal-democratic-party-of-russia-ldpr-gain-the-most-seats-in-the-next-russian-parliamentary-election,0.051500000059604645,0.05093584209680557,0.27411167512690354,0.2226116750672989,4.322556792420475,169.88223702289352,36327.81067,21337.624261,0.003,2026-09-30T00:00:00Z,HOLD,4.322556792420475,2.0
price_sequence_gru,564166,Will Victor Wembanyama win the 2025–2026 NBA MVP?,will-victor-wembanyama-win-the-20252026-nba-mvp,0.050999999046325684,0.03801106568425894,0.27312775330396477,0.2221277542576391,4.355446243359143,57.88223702289351,75739.5749,58706.114086,0.001,2026-06-10T00:00:00Z,HOLD,4.355446243359143,2.0
price_sequence_gru,1122084,OKX IPO in 2026?,okx-ipo-in-2026,0.15000000596046448,0.14821821823716164,0.3719165085388994,0.22191650257843493,1.479443291735105,263.09057035622686,36992.4228,11249.362003,0.02,2027-01-01T05:00:00Z,HOLD,1.479443291735105,2.0
price_sequence_gru,558939,Will Germany win the 2026 FIFA World Cup?,will-germany-win-the-2026-fifa-world-cup-467,0.054499998688697815,0.049018737860023975,0.27411167512690354,0.21961167643820573,4.029572141691605,97.88223702289352,940908.25701,88470.19129100002,0.001,2026-07-20T00:00:00Z,HOLD,4.029572141691605,2.0
price_sequence_gru,1559394,Trump out as President by June 30?,trump-out-as-president-by-june-30,0.054999999701976776,0.042779202573001385,0.27411167512690354,0.21911167542492677,3.983848665676476,77.88223702289352,646856.7318,73762.35169699999,0.01,2026-06-30T00:00:00Z,HOLD,3.983848665676476,2.0
price_sequence_gru,566760,Will Trump pardon Ghislaine Maxwell by end of 2026?,will-trump-pardon-ghislaine-maxwell,0.054999999701976776,0.0460762083530426,0.27411167512690354,0.21911167542492677,3.983848665676476,261.88223702289355,35298.322,20538.67,0.01,2026-12-31T00:00:00Z,HOLD,3.983848665676476,2.0
price_sequence_gru,1567746,Iran x Israel/US conflict ends by April 15?,iran-x-israelus-conflict-ends-by-april-15-618-586-982,0.05700000002980232,0.04712934326380491,0.27411167512690354,0.21711167509710122,3.80897675409798,1.8822370228935186,70893.53381,271533.0150649999,0.003,2026-04-15T00:00:00Z,STRONG BUY,3.80897675409798,2.0
price_sequence_gru,1569627,US x Iran ceasefire by April 15?,us-x-iran-ceasefire-by-april-15-182-528-637,0.1550000011920929,0.13005049154162407,0.3719165085388994,0.2169165073468065,1.3994613269581846,1.8822370228935186,359628.1475,1714295.4178780036,0.01,2026-04-15T00:00:00Z,STRONG BUY,1.3994613269581846,2.0
price_sequence_gru,1535972,Iran leadership change by April 30?,iran-leadership-change-by-april-30,0.1550000011920929,0.11865724250674248,0.3719165085388994,0.2169165073468065,1.3994613269581846,16.88223702289352,51992.4612,276078.088779,0.01,2026-04-30T00:00:00Z,STRONG BUY,1.3994613269581846,2.0
price_sequence_gru,1540766,Strait of Hormuz traffic returns to normal by end of April?,strait-of-hormuz-traffic-returns-to-normal-by-april-30,0.1550000011920929,0.11735675111413002,0.3719165085388994,0.2169165073468065,1.3994613269581846,16.88223702289352,206504.886,235380.62885099923,0.01,2026-04-30T00:00:00Z,STRONG BUY,1.3994613269581846,2.0
price_sequence_gru,1811266,"Will China invade Taiwan by June 30, 2027?",will-china-invade-taiwan-by-june-30-2027,0.1550000011920929,0.13042183592915535,0.3719165085388994,0.2169165073468065,1.3994613269581846,442.88223702289355,110657.4524,37169.623276,0.01,2027-06-30T00:00:00Z,HOLD,1.3994613269581846,2.0
price_sequence_gru,1363116,"Will Claude 5 be released by April 30, 2026?",will-claude-5-be-released-by-april-30-2026,0.1550000011920929,0.12863286212086678,0.3719165085388994,0.2169165073468065,1.3994613269581846,16.88223702289352,64723.151,35816.824136,0.01,2026-04-30T00:00:00Z,STRONG BUY,1.3994613269581846,2.0
price_sequence_gru,1540956,Will María Corina Machado enter Venezuela by April 30?,will-mara-corina-machado-enter-venezuela-by-april-30,0.1550000011920929,0.14189152605831623,0.3719165085388994,0.2169165073468065,1.3994613269581846,16.88223702289352,43899.7093,25592.746185,0.02,2026-04-30T00:00:00Z,STRONG BUY,1.3994613269581846,2.0
price_sequence_gru,1807965,Will WTI Crude Oil (WTI) hit (HIGH) $160 in April?,will-wti-crude-oil-wti-hit-high-160-in-april-469,0.08900000154972076,0.06154334917664528,0.3055555555555556,0.21655555400583482,2.4332084296072045,18.04890367798611,42235.72147,63023.31236999999,0.003,2026-05-01T03:59:59.999Z,STRONG BUY,2.4332084296072045,2.0
price_sequence_gru,1823775,"Will Bitcoin reach $85,000 in April?",will-bitcoin-reach-85k-in-april-2026,0.057999998331069946,0.041919467970728874,0.27411167512690354,0.2161116767958336,3.7260635002478097,18.048903689560184,118636.94939,79553.42779399996,0.001,2026-05-01T04:00:00Z,STRONG BUY,3.7260635002478097,2.0
price_sequence_gru,1791567,Will MrBeast's next video get between 60 and 70 million views on week 1?,will-mrbeasts-next-video-get-between-60-and-70-million-views-on-week-1-638,0.05950000137090683,0.041606539860367775,0.27411167512690354,0.2146116737559967,3.6069188035503714,47.88223702289351,10023.60525,32243.893114000002,0.009,2026-05-31T00:00:00Z,HOLD,3.6069188035503714,2.0
price_sequence_gru,1707863,Israel military action against Fordow nuclear facility by April 15?,israel-military-action-against-fordow-nuclear-facility-by-april-15,0.05950000137090683,0.04408681485801935,0.27411167512690354,0.2146116737559967,3.6069188035503714,1.8822370228935186,15275.16021,14300.996407999995,0.002,2026-04-15T00:00:00Z,STRONG BUY,3.6069188035503714,2.0
price_sequence_gru,1131150,Will the Doge-1 Lunar Mission launch before 2027?,will-the-doge-1-lunar-mission-launch-before-2027,0.05900000035762787,0.02651021257042885,0.27312775330396477,0.2141277529463369,3.6292839262441325,261.88223702289355,15597.68336,34924.759137999994,0.002,2026-12-31T00:00:00Z,HOLD,3.6292839262441325,2.0
price_sequence_gru,561231,Will Alexandria Ocasio-Cortez win the 2028 US Presidential Election?,will-alexandria-ocasio-cortez-win-the-2028-us-presidential-election,0.05900000035762787,0.03309245780110359,0.27312775330396477,0.2141277529463369,3.6292839262441325,938.8822370228935,458875.28425,29498.899476999995,0.002,2028-11-07T00:00:00Z,HOLD,3.6292839262441325,2.0
price_sequence_gru,1651389,Pete Hegseth out as Secretary of Defense by April 30?,pete-hegseth-out-as-secretary-of-defense-by-april-30,0.061000000685453415,0.04298537038266659,0.27411167512690354,0.21311167444145013,3.493633967979128,16.88223702289352,37367.68966,39254.91101100002,0.002,2026-04-30T00:00:00Z,STRONG BUY,3.493633967979128,2.0
price_sequence_gru,1823795,"Will Ethereum reach $2,800 in April?",will-ethereum-reach-2800-in-april-2026,0.061500001698732376,0.046285453252494335,0.27411167512690354,0.21261167342817117,3.4571002854550077,18.048903689560184,66328.78635,66950.60332600001,0.001,2026-05-01T04:00:00Z,STRONG BUY,3.4571002854550077,2.0
price_sequence_gru,558934,Will Spain win the 2026 FIFA World Cup?,will-spain-win-the-2026-fifa-world-cup-963,0.15950000286102295,0.1444864720106125,0.3719165085388994,0.21241650567787645,1.3317649019916395,97.88223702289352,813317.81964,422771.9143000002,0.001,2026-07-20T00:00:00Z,HOLD,1.3317649019916395,2.0
price_sequence_gru,1808927,"Will Israel launch a ground operation in Iran by May 31, 2026?",will-israel-launch-a-ground-operation-in-iran-by-may-31-2026,0.2800000011920929,0.26891173608601093,0.489795918367347,0.2097959171752541,0.7492711295787617,47.88223702289351,12594.0045,31209.37657600001,0.04,2026-05-31T00:00:00Z,HOLD,0.7492711295787617,2.0
price_sequence_gru,842019,Will Greece win Eurovision 2026?,will-greece-win-eurovision-2026,0.06449999660253525,0.046406906098127365,0.27411167512690354,0.2096116785243683,3.2497936366732967,32.88223702289351,190536.91649,20187.745104,0.001,2026-05-16T00:00:00Z,HOLD,3.2497936366732967,2.0
price_sequence_gru,1797309,Kharg Island no longer under Iranian control by April 15?,kharg-island-no-longer-under-iranian-control-by-april-15,0.06499999761581421,0.04415176808834076,0.27411167512690354,0.20911167751108933,3.2171028489424653,2.8787648006712963,343142.6148,281260.321055,0.01,2026-04-15T23:55:00Z,STRONG BUY,3.2171028489424653,2.0
price_sequence_gru,1633606,"Will China invade Taiwan by September 30, 2026?",will-china-invade-taiwan-by-september-30-2026,0.06499999761581421,0.06007876247167587,0.27411167512690354,0.20911167751108933,3.2171028489424653,169.88223702289352,205177.9122,116912.69322700003,0.01,2026-09-30T00:00:00Z,HOLD,3.2171028489424653,2.0
price_sequence_gru,1823782,"Will Bitcoin dip to $50,000 in April?",will-bitcoin-dip-to-50k-in-april-2026,0.06499999761581421,0.05089198797941208,0.27411167512690354,0.20911167751108933,3.2171028489424653,18.048903689560184,118411.3862,99207.35441499998,0.01,2026-05-01T04:00:00Z,STRONG BUY,3.2171028489424653,2.0
price_sequence_gru,1707932,Will the Iranian regime fall by May 31?,will-the-iranian-regime-fall-by-may-31,0.06499999761581421,0.05479646194726229,0.27411167512690354,0.20911167751108933,3.2171028489424653,47.88223702289351,270683.8492,98102.21885300003,0.01,2026-05-31T00:00:00Z,HOLD,3.2171028489424653,2.0
price_sequence_gru,1090199,Will Reza Pahlavi enter Iran by June 30?,will-reza-pahlavi-enter-iran-by-june-30-555-947-362-379-213,0.06499999761581421,0.05387372523546219,0.27411167512690354,0.20911167751108933,3.2171028489424653,77.88223702289352,120552.4878,28680.345088000002,0.01,2026-06-30T00:00:00Z,HOLD,3.2171028489424653,2.0
price_sequence_gru,566137,Will Liverpool win the 2025–26 Champions League?,will-liverpool-win-the-202526-champions-league,0.06499999761581421,0.05094535369426012,0.27411167512690354,0.20911167751108933,3.2171028489424653,47.88223702289351,748310.2938,17372.145181,0.01,2026-05-31T00:00:00Z,HOLD,3.2171028489424653,2.0
price_sequence_gru,842005,Will Australia win Eurovision 2026?,will-australia-win-eurovision-2026,0.06700000166893005,0.05757150053977966,0.27411167512690354,0.2071116734579735,3.0912189298350046,32.88223702289351,147524.2413,15744.590960999996,0.002,2026-05-16T00:00:00Z,HOLD,3.0912189298350046,2.0
price_sequence_gru,1808970,US obtains Iranian enriched uranium by May 31?,us-obtains-iranian-enriched-uranium-by-may-31,0.16500000655651093,0.1445406749844551,0.3719165085388994,0.20691650198238848,1.2540393561228227,47.88223702289351,88660.6625,263278.22059200006,0.01,2026-05-31T00:00:00Z,HOLD,1.2540393561228227,2.0
price_sequence_gru,666861,Trump out as President before 2027?,trump-out-as-president-before-2027,0.16500000655651093,0.15533729270100594,0.3719165085388994,0.20691650198238848,1.2540393561228227,261.88223702289355,477817.1848,113534.279113,0.01,2026-12-31T00:00:00Z,HOLD,1.2540393561228227,2.0
price_sequence_gru,1641031,"Will another country conduct military action against Iran by April 15, 2026?",will-another-country-conduct-military-action-against-iran-by-april-15-2026,0.16500000655651093,0.11721301078796387,0.3719165085388994,0.20691650198238848,1.2540393561228227,1.8822370228935186,29875.5459,45585.66833200001,0.01,2026-04-15T00:00:00Z,STRONG BUY,1.2540393561228227,2.0
price_sequence_gru,566138,Will Barcelona win the 2025–26 Champions League?,will-barcelona-win-the-202526-champions-league,0.16500000655651093,0.160470237955451,0.3719165085388994,0.20691650198238848,1.2540393561228227,47.88223702289351,217954.9222,26269.331775000002,0.01,2026-05-31T00:00:00Z,HOLD,1.2540393561228227,2.0
price_sequence_gru,561230,Will Gavin Newsom win the 2028 US Presidential Election?,will-gavin-newsom-win-the-2028-us-presidential-election,0.16850000619888306,0.15159428492188454,0.3719165085388994,0.20341650234001635,1.2072195540451247,938.8822370228935,435360.42749,507564.36327299994,0.001,2028-11-07T00:00:00Z,HOLD,1.2072195540451247,2.0
price_sequence_gru,1807966,Will WTI Crude Oil (WTI) hit (HIGH) $170 in April?,will-wti-crude-oil-wti-hit-high-170-in-april-147,0.07199999690055847,0.050627533346414566,0.27411167512690354,0.20211167822634507,2.8071067628723383,18.04890367798611,40078.55549,94796.950388,0.001,2026-05-01T03:59:59.999Z,STRONG BUY,2.8071067628723383,2.0
price_sequence_gru,1748641,"Will Claude 5 be released by May 31, 2026?",will-claude-5-be-released-by-may-31-2026,0.28999999165534973,0.4421526938676834,0.489795918367347,0.19979592671199725,0.6889514912450224,47.88223702289351,25797.309,13131.834062000002,0.02,2026-05-31T00:00:00Z,HOLD,0.6889514912450224,2.0
price_sequence_gru,906973,Will the Fed decrease interest rates by 25 bps after the June 2026 meeting?,will-the-fed-decrease-interest-rates-by-25-bps-after-the-june-2026-meeting,0.07500000298023224,0.0585137102752924,0.27411167512690354,0.1991116721466713,2.654822189795795,64.88223702289352,90829.1701,81084.58314999999,0.01,2026-06-17T00:00:00Z,HOLD,2.654822189795795,2.0
price_sequence_gru,553866,Will the San Antonio Spurs win the 2026 NBA Finals?,will-the-san-antonio-spurs-win-the-2026-nba-finals,0.17299999296665192,0.1565459631383419,0.3719165085388994,0.1989165155722475,1.149806495140097,78.88223702289352,186218.47195,659806.4507249999,0.004,2026-07-01T00:00:00Z,HOLD,1.149806495140097,2.0
price_sequence_gru,559653,Will Alexandria Ocasio-Cortez win the 2028 Democratic presidential nomination?,will-alexandria-ocasio-cortez-win-the-2028-democratic-presidential-nomination-653,0.07699999958276749,0.05735243484377861,0.27411167512690354,0.19711167554413606,2.5598919040546257,938.8822370228935,479288.23318,503896.7099250002,0.001,2028-11-07T00:00:00Z,HOLD,2.5598919040546257,2.0
price_sequence_gru,1567747,Iran x Israel/US conflict ends by April 30?,iran-x-israelus-conflict-ends-by-april-30-766-662-668-546,0.17499999701976776,0.15954133495688438,0.3719165085388994,0.19691651151913164,1.125237227843428,16.88223702289352,63989.3172,146718.62926900003,0.01,2026-04-30T00:00:00Z,STRONG BUY,1.125237227843428,2.0
price_sequence_gru,703257,Will the US confirm that aliens exist before 2027?,will-the-us-confirm-that-aliens-exist-before-2027-789,0.17499999701976776,0.1615859754383564,0.3719165085388994,0.19691651151913164,1.125237227843428,261.88223702289355,778288.1401,136387.97721100008,0.01,2026-12-31T00:00:00Z,HOLD,1.125237227843428,2.0
price_sequence_gru,1712294,Will WTI Crude Oil (WTI) hit (HIGH) $150 in April?,will-wti-reach-150-in-april-2026-838-235-638,0.17499999701976776,0.1457616314291954,0.3719165085388994,0.19691651151913164,1.125237227843428,18.04890367798611,100373.8855,89030.12167900002,0.01,2026-05-01T03:59:59.999Z,STRONG BUY,1.125237227843428,2.0
price_sequence_gru,1823776,"Will Bitcoin reach $80,000 in April?",will-bitcoin-reach-80k-in-april-2026,0.17499999701976776,0.12363118678331375,0.3719165085388994,0.19691651151913164,1.125237227843428,18.048903689560184,73054.7708,71968.84154899999,0.01,2026-05-01T04:00:00Z,STRONG BUY,1.125237227843428,2.0
price_sequence_gru,1818150,Genius FDV above $300M one day after launch?,genius-fdv-above-300m-one-day-after-launch,0.17499999701976776,0.16925984248518944,0.3719165085388994,0.19691651151913164,1.125237227843428,628.0905703562269,14356.3215,33286.020199000006,0.06,2028-01-01T05:00:00Z,HOLD,1.125237227843428,2.0
price_sequence_gru,1795678,"Naim Qassem out as Hezbollah’s secretary-general by April 30, 2026?",naim-qassem-out-as-hezbollahs-secretary-general-by-april-30-2026,0.17499999701976776,0.07637614011764526,0.3719165085388994,0.19691651151913164,1.125237227843428,16.88223702289352,33359.2145,13677.836112000003,0.01,2026-04-30T00:00:00Z,STRONG BUY,1.125237227843428,2.0
price_sequence_gru,561229,Will JD Vance win the 2028 US Presidential Election?,will-jd-vance-win-the-2028-us-presidential-election,0.17649999260902405,0.1588326282799244,0.3719165085388994,0.19541651592987536,1.1071757740112458,938.8822370228935,778530.74819,35189.247850000014,0.001,2028-11-07T00:00:00Z,HOLD,1.1071757740112458,2.0
price_sequence_gru,1570155,"US x Iran meeting by April 30, 2026?",us-x-iran-meeting-by-april-30-2026-392-855,0.29499998688697815,0.2988310754299164,0.489795918367347,0.19479593148036883,0.660325220810942,16.88223702289352,24221.1936,25732.26922899999,0.01,2026-04-30T00:00:00Z,STRONG BUY,0.660325220810942,2.0
price_sequence_gru,1838758,Kash Patel out by April 30?,kash-patel-out-by-april-30-481,0.2150000035762787,0.20310232415795326,0.4090909090909091,0.19409090551463043,0.902748382726282,77.88223702289352,85900.6152,14717.691536999997,0.01,2026-06-30T00:00:00Z,HOLD,0.902748382726282,2.0
price_sequence_gru,1576159,Mojtaba Khamenei seen in public by April 30?,mojtaba-khamenei-seen-in-public-by-april-30,0.18000000715255737,0.12657805159687996,0.3719165085388994,0.19191650138634203,1.0662027431125873,16.88223702289352,27035.5558,45917.458854,0.02,2026-04-30T00:00:00Z,STRONG BUY,1.0662027431125873,2.0
price_sequence_gru,1791569,Will MrBeast's next video get between 80 and 90 million views on week 1?,will-mrbeasts-next-video-get-between-80-and-90-million-views-on-week-1-143,0.30000001192092896,0.2771886829286814,0.489795918367347,0.18979590644641803,0.6326529963486887,47.88223702289351,9199.4249,34394.640294,0.03,2026-05-31T00:00:00Z,HOLD,0.6326529963486887,2.0
price_sequence_gru,1544528,Will Netanyahu be pardoned by June 30?,will-netanyahu-be-pardoned-by-june-30,0.2199999988079071,0.2057365421205759,0.4090909090909091,0.189090910283002,0.8595041423073218,77.88223702289352,22094.3482,19526.674884,0.02,2026-06-30T00:00:00Z,HOLD,0.8595041423073218,2.0
price_sequence_gru,1611267,Kharg Island no longer under Iranian control by April 30?,kharg-island-no-longer-under-iranian-control-by-april-30-912,0.1850000023841858,0.14367131888866425,0.3719165085388994,0.1869165061547136,1.0103594797071833,17.8787648006713,293972.1244,130184.42922500003,0.01,2026-04-30T23:55:00Z,STRONG BUY,1.0103594797071833,2.0
price_sequence_gru,561371,Will Derik Queen win the 2025–26 NBA Rookie of the Year award?,will-derik-queen-win-the-202526-nba-rookie-of-the-year-award,0.0005000000237487257,0.014180182421114296,0.18604651162790697,0.18554651160415825,371.0930055823445,34.88223702289351,11028.45491,94865.0,0.001,2026-05-18T00:00:00Z,HOLD,5.0,2.0
price_sequence_gru,561373,Will Cedric Coward win the 2025–26 NBA Rookie of the Year award?,will-cedric-coward-win-the-202526-nba-rookie-of-the-year-award,0.0005000000237487257,0.008686463290359825,0.18604651162790697,0.18554651160415825,371.0930055823445,34.88223702289351,16337.66495,76810.0,0.001,2026-05-18T00:00:00Z,HOLD,5.0,2.0
price_sequence_gru,1794970,Will Udinese place 2nd for the 2025-26 Serie A season?,will-udinese-place-2nd-for-the-2025-26-serie-a-season,0.0005000000237487257,0.009058686846401542,0.18604651162790697,0.18554651160415825,371.0930055823445,48.88223702289351,10171.77485,16181.0,0.001,2026-06-01T00:00:00Z,HOLD,5.0,2.0
price_sequence_gru,1484914,Iran x Israel/US conflict ends by May 15?,iran-x-israelus-conflict-ends-by-may-15-562-372-916-721-496,0.3050000071525574,0.27858669869601727,0.489795918367347,0.1847959112147896,0.6058882192824241,31.882237022893516,77167.6184,105701.05387799998,0.01,2026-05-15T00:00:00Z,HOLD,0.6058882192824241,2.0
price_sequence_gru,1708086,Kharg Island no longer under Iranian control by June 30?,kharg-island-no-longer-under-iranian-control-by-june-30-561-854,0.3050000071525574,0.2798253148794174,0.489795918367347,0.1847959112147896,0.6058882192824241,78.87876480067129,77620.6769,30243.656480999998,0.01,2026-06-30T23:55:00Z,HOLD,0.6058882192824241,2.0
price_sequence_gru,1130018,Will Civic Platform (GP) gain the most seats in the next Russian parliamentary election?,will-civic-platform-gp-gain-the-most-seats-in-the-next-russian-parliamentary-election,0.001500000013038516,0.010087701259180903,0.18604651162790697,0.18454651161486846,123.0310066738178,169.88223702289352,37673.62739,19756.399,0.001,2026-09-30T00:00:00Z,HOLD,5.0,2.0
price_sequence_gru,566142,Will Bayern Munich win the 2025–26 Champions League?,will-bayern-munich-win-the-202526-champions-league,0.22499999403953552,0.20690258219838142,0.4090909090909091,0.1840909150513736,0.818181866347189,47.88223702289351,229514.3369,16353.891600000004,0.01,2026-05-31T00:00:00Z,HOLD,0.818181866347189,2.0
price_sequence_gru,558978,Will Curaçao win the 2026 FIFA World Cup?,will-curaao-win-the-2026-fifa-world-cup,0.0024999999441206455,0.009053724352270365,0.18604651162790697,0.18354651168378633,73.41860631454826,97.88223702289352,2211610.33972,199076.59333299988,0.001,2026-07-20T00:00:00Z,HOLD,5.0,2.0
price_sequence_gru,1130017,Will Rodina gain the most seats in the next Russian parliamentary election?,will-rodina-gain-the-most-seats-in-the-next-russian-parliamentary-election,0.0024999999441206455,0.011294989380985498,0.18604651162790697,0.18354651168378633,73.41860631454826,169.88223702289352,35716.33504,26542.831328,0.001,2026-09-30T00:00:00Z,HOLD,5.0,2.0
price_sequence_gru,1105740,Will Edmundo González be the leader of Venezuela end of 2026?,will-edmundo-gonzlez-be-the-leader-of-venezuela-end-of-2026,0.0024999999441206455,0.01589751848950982,0.18604651162790697,0.18354651168378633,73.41860631454826,261.88223702289355,54761.92506,18666.430666,0.001,2026-12-31T00:00:00Z,HOLD,5.0,2.0
price_sequence_gru,1500756,Will Kevin Hassett be confirmed as Fed Chair?,will-kevin-hassett-be-confirmed-as-fed-chair,0.0024999999441206455,0.014652999583631754,0.18604651162790697,0.18354651168378633,73.41860631454826,200.88223702289355,83491.52424,16582.576665,0.001,2026-10-31T00:00:00Z,HOLD,5.0,2.0
price_sequence_gru,898420,Will Oliver Bearman be the 2026 F1 Drivers' Champion?,will-oliver-bearman-be-the-2026-f1-drivers-champion,0.0035000001080334187,0.012807734776288271,0.18604651162790697,0.18254651151987356,52.1561445386477,236.88223702289355,694700.49941,120321.94121299997,0.001,2026-12-06T00:00:00Z,HOLD,5.0,2.0
price_sequence_gru,842017,Will Georgia win Eurovision 2026?,will-georgia-win-eurovision-2026,0.0035000001080334187,0.009999162051826715,0.18604651162790697,0.18254651151987356,52.1561445386477,32.88223702289351,523799.34855,118390.75587299997,0.001,2026-05-16T00:00:00Z,HOLD,5.0,2.0
price_sequence_gru,678943,Will Kang Hoon-sik win the 2026 Seoul Mayoral Election,will-kang-hoon-sik-win-the-2026-seoul-mayoral-election,0.0035000001080334187,0.009498306084424257,0.18604651162790697,0.18254651151987356,52.1561445386477,50.88223702289351,94058.82822,28413.761659,0.001,2026-06-03T00:00:00Z,HOLD,5.0,2.0
price_sequence_gru,1130013,Will the Communist Party of the Russian Federation (KPRF) gain the most seats in the next Russian parliamentary election?,will-the-communist-party-of-the-russian-federation-kprf-gain-the-most-seats-in-the-next-russian-parliamentary-election,0.0035000001080334187,0.013368746731430292,0.18604651162790697,0.18254651151987356,52.1561445386477,169.88223702289352,58598.17863,25754.28484,0.001,2026-09-30T00:00:00Z,HOLD,5.0,2.0
price_sequence_gru,678408,Will Wuthering Heights be the top grossing movie of 2026?,will-wuthering-heights-be-the-top-grossing-movie-of-2026,0.0035000001080334187,0.011063468176871538,0.18604651162790697,0.18254651151987356,52.1561445386477,261.88223702289355,76033.91439,25270.119322000002,0.001,2026-12-31T00:00:00Z,HOLD,5.0,2.0
price_sequence_gru,898430,Will Sergio Pérez be the 2026 F1 Drivers' Champion?,will-sergio-prez-be-the-2026-f1-drivers-champion,0.0044999998062849045,0.01463545486330986,0.18604651162790697,0.18154651182162207,40.34367103040003,236.88223702289355,635161.59335,123721.79800000001,0.001,2026-12-06T00:00:00Z,HOLD,5.0,2.0
price_sequence_gru,898417,Will Fernando Alonso be the 2026 F1 Drivers' Champion?,will-fernando-alonso-be-the-2026-f1-drivers-champion,0.0044999998062849045,0.014835841953754425,0.18604651162790697,0.18154651182162207,40.34367103040003,236.88223702289355,485626.88711,123445.37575000004,0.001,2026-12-06T00:00:00Z,HOLD,5.0,2.0
price_sequence_gru,898428,Will Carlos Sainz Jr. be the 2026 F1 Drivers' Champion?,will-carlos-sainz-jr-be-the-2026-f1-drivers-champion,0.0044999998062849045,0.013434752821922302,0.18604651162790697,0.18154651182162207,40.34367103040003,236.88223702289355,668455.138,122749.93499999988,0.001,2026-12-06T00:00:00Z,HOLD,5.0,2.0
price_sequence_gru,898421,Will Nico Hülkenberg be the 2026 F1 Drivers' Champion?,will-nico-hlkenberg-be-the-2026-f1-drivers-champion,0.0044999998062849045,0.009575406089425087,0.18604651162790697,0.18154651182162207,40.34367103040003,236.88223702289355,526832.70614,113421.47024999991,0.001,2026-12-06T00:00:00Z,HOLD,5.0,2.0
price_sequence_gru,678930,Will Na Kyung-won win the 2026 Seoul Mayoral Election,will-na-kyung-won-win-the-2026-seoul-mayoral-election,0.0044999998062849045,0.010657867416739464,0.18604651162790697,0.18154651182162207,40.34367103040003,50.88223702289351,77249.22008,107216.03299999994,0.001,2026-06-03T00:00:00Z,HOLD,5.0,2.0
price_sequence_gru,678936,Will Park Hong-keun win the 2026 Seoul Mayoral Election,will-park-hong-keun-win-the-2026-seoul-mayoral-election,0.0044999998062849045,0.012821396812796593,0.18604651162790697,0.18154651182162207,40.34367103040003,50.88223702289351,86333.59402,103206.92724999995,0.001,2026-06-03T00:00:00Z,HOLD,5.0,2.0
price_sequence_gru,601831,Will Eduardo Leite win the 2026 Brazilian presidential election?,will-eduardo-leite-win-the-2026-brazilian-presidential-election,0.0044999998062849045,0.01174931414425373,0.18604651162790697,0.18154651182162207,40.34367103040003,173.88223702289352,383704.39872,54565.43499999999,0.001,2026-10-04T00:00:00Z,HOLD,5.0,2.0
price_sequence_gru,1500767,Will Stephen Miran be confirmed as Fed Chair?,will-stephen-miran-be-confirmed-as-fed-chair,0.0044999998062849045,0.014488009735941887,0.18604651162790697,0.18154651182162207,40.34367103040003,200.88223702289355,33103.01657,20937.331672,0.001,2026-10-31T00:00:00Z,HOLD,5.0,2.0
price_sequence_gru,601818,Will Tarcisio de Freitas win the 2026 Brazilian presidential election?,will-tarcisio-de-frietas-win-the-2026-brazilian-presidential-election,0.005499999970197678,0.008939221501350403,0.18604651162790697,0.1805465116577093,32.82663866109443,173.88223702289352,241676.38089,272894.42304799997,0.001,2026-10-04T00:00:00Z,HOLD,5.0,2.0
price_sequence_gru,678938,Will Seo Young-kyo win the 2026 Seoul Mayoral Election,will-seo-young-kyo-win-the-2026-seoul-mayoral-election,0.005499999970197678,0.013803001493215561,0.18604651162790697,0.1805465116577093,32.82663866109443,50.88223702289351,91479.46648,26810.7858,0.001,2026-06-03T00:00:00Z,HOLD,5.0,2.0
price_sequence_gru,553877,Will the Phoenix Suns win the 2026 NBA Finals?,will-the-phoenix-suns-win-the-2026-nba-finals,0.005499999970197678,0.012530390173196793,0.18604651162790697,0.1805465116577093,32.82663866109443,78.88223702289352,472570.10431,26581.722573000006,0.002,2026-07-01T00:00:00Z,HOLD,5.0,2.0
price_sequence_gru,898667,Will Audi be the 2026 F1 Constructors' Champion?,will-audi-be-the-2026-f1-constructors-champion,0.005499999970197678,0.012232691049575806,0.18604651162790697,0.1805465116577093,32.82663866109443,236.88223702289355,122615.07268,16921.6028,0.001,2026-12-06T00:00:00Z,HOLD,5.0,2.0
price_sequence_gru,842023,Will Lithuania win Eurovision 2026?,will-lithuania-win-eurovision-2026,0.006500000134110451,0.01159067451953888,0.18604651162790697,0.17954651149379652,27.622539659896198,32.88223702289351,206240.97229,228435.700703,0.001,2026-05-16T00:00:00Z,HOLD,5.0,2.0
price_sequence_gru,898414,Will Isack Hadjar be the 2026 F1 Drivers' Champion?,will-isack-hadjar-be-the-2026-f1-drivers-champion,0.006500000134110451,0.01437363214790821,0.18604651162790697,0.17954651149379652,27.622539659896198,236.88223702289355,553820.94141,32709.141479000013,0.001,2026-12-06T00:00:00Z,HOLD,5.0,2.0
price_sequence_gru,558985,Will Turkiye win the 2026 FIFA World Cup?,will-turkiye-win-the-2026-fifa-world-cup,0.007499999832361937,0.00942073343321681,0.18604651162790697,0.17854651179554504,23.806202104849422,97.88223702289352,2013668.20988,108560.38185199999,0.001,2026-07-20T00:00:00Z,HOLD,5.0,2.0
price_sequence_gru,679020,Will Éric Zemmour win the 2027 French presidential election?,will-ric-zemmour-win-the-2027-french-presidential-election,0.007499999832361937,0.009887568186968565,0.18604651162790697,0.17854651179554504,23.806202104849422,381.88223702289355,75745.21586,11481.530571,0.001,2027-04-30T00:00:00Z,HOLD,5.0,2.0
price_sequence_gru,1712304,Will WTI Crude Oil (WTI) hit (LOW) $50 in April?,will-wti-dip-to-50-in-april-2026-367-468-151,0.00800000037997961,0.008781886659562588,0.18604651162790697,0.17804651124792736,22.255812848896532,18.04890367798611,15048.4951,22027.345425,0.004,2026-05-01T03:59:59.999Z,HOLD,5.0,2.0
price_sequence_gru,553881,Will the Atlanta Hawks win the 2026 NBA Finals?,will-the-atlanta-hawks-win-the-2026-nba-finals,0.008500000461935997,0.01643003337085247,0.18604651162790697,0.17754651116597098,20.887823707898036,78.88223702289352,299619.27793,12622.664847000002,0.001,2026-07-01T00:00:00Z,HOLD,5.0,2.0
price_sequence_gru,1823912,Will Dogecoin reach $0.20 in April?,will-dogecoin-reach-0pt2-in-april-2026,0.010499999858438969,0.009916587732732296,0.18604651162790697,0.175546511769468,16.718715632017776,18.048903689560184,54800.91185,16097.218963,0.001,2026-05-01T04:00:00Z,HOLD,5.0,2.0
price_sequence_gru,616914,Will 12 or more Fed rate cuts happen in 2026?,will-12-or-more-fed-rate-cuts-happen-in-2026,0.010499999858438969,0.016352887265384197,0.18604651162790697,0.175546511769468,16.718715632017776,261.88223702289355,66232.55251,12743.797914,0.001,2026-12-31T00:00:00Z,HOLD,5.0,2.0
price_sequence_gru,1517835,Trump announces end of military operations against Iran by April 30th?,trump-announces-end-of-military-operations-against-iran-by-april-30th-753-882-164-769,0.3149999976158142,0.283417247235775,0.489795918367347,0.17479592075153277,0.5549076891255105,17.8787648006713,120903.4601,180058.44531000004,0.01,2026-04-30T23:55:00Z,STRONG BUY,0.5549076891255105,2.0
price_sequence_gru,1823780,"Will Bitcoin dip to $60,000 in April?",will-bitcoin-dip-to-60k-in-april-2026,0.3149999976158142,0.26412731409072876,0.489795918367347,0.17479592075153277,0.5549076891255105,18.048903689560184,74968.28,69968.74868900003,0.01,2026-05-01T04:00:00Z,STRONG BUY,0.5549076891255105,2.0
price_sequence_gru,562187,Will John Cornyn win the 2026 Texas Republican Primary?,will-john-cornyn-win-the-2026-republican-primary,0.3149999976158142,0.2720037177205086,0.489795918367347,0.17479592075153277,0.5549076891255105,42.88223702289351,44299.3127,13620.873416,0.01,2026-05-26T00:00:00Z,HOLD,0.5549076891255105,2.0
price_sequence_gru,558945,Will Mexico win the 2026 FIFA World Cup?,will-mexico-win-the-2026-fifa-world-cup-529,0.011500000022351742,0.008705567568540573,0.18604651162790697,0.17454651160555523,15.177957501417517,97.88223702289352,719487.93676,52017.385567,0.001,2026-07-20T00:00:00Z,HOLD,5.0,2.0
price_sequence_gru,1854198,"Will Elon Musk post 160-179 tweets from April 7 to April 14, 2026?",elon-musk-of-tweets-april-7-april-14-160-179,0.011500000022351742,0.010102261789143085,0.18604651162790697,0.17454651160555523,15.177957501417517,1.5489036895601853,35389.20191,12812.899376000003,0.002,2026-04-14T16:00:00Z,HOLD,5.0,2.0
price_sequence_gru,1707316,"Will the US officially declare war on Iran by April 30, 2026?",will-the-us-officially-declare-war-on-iran-by-april-30-2026,0.014499999582767487,0.008997614495456219,0.18604651162790697,0.1715465120451395,11.830794274574588,16.88223702289352,95270.39013,91322.39062100003,0.002,2026-04-30T00:00:00Z,HOLD,5.0,2.0
price_sequence_gru,1500922,"Starmer out by April 30, 2026?",starmer-out-by-april-30-2026,0.014499999582767487,0.008792698383331299,0.18604651162790697,0.1715465120451395,11.830794274574588,78.38223702289352,67845.16852,11010.881005,0.001,2026-06-30T12:00:00Z,HOLD,5.0,2.0
price_sequence_gru,558963,Will Morocco win the 2026 FIFA World Cup?,will-morocco-win-the-2026-fifa-world-cup-464,0.016499999910593033,0.013101068325340748,0.18604651162790697,0.16954651171731394,10.27554622036481,97.88223702289352,479806.45609,126749.98860400004,0.001,2026-07-20T00:00:00Z,HOLD,5.0,2.0
price_sequence_gru,1628449,"Will Israel launch a ground operation in Iran by April 30, 2026?",will-israel-launch-a-ground-operation-in-iran-by-april-30-2026,0.23999999463558197,0.22067734226584435,0.4090909090909091,0.16909091445532715,0.7045454926450154,16.88223702289352,22949.8007,161190.00442599997,0.01,2026-04-30T00:00:00Z,STRONG BUY,0.7045454926450154,2.0
price_sequence_gru,559652,Will Gavin Newsom win the 2028 Democratic presidential nomination?,will-gavin-newsom-win-the-2028-democratic-presidential-nomination-568,0.2409999966621399,0.22431731596589088,0.4090909090909091,0.16809091242876922,0.6974726753395661,938.8822370228935,785898.67085,434357.0416069992,0.001,2028-11-07T00:00:00Z,HOLD,0.6974726753395661,2.0
price_sequence_gru,553860,Will the Houston Rockets win the 2026 NBA Finals?,will-the-houston-rockets-win-the-2026-nba-finals,0.01850000023841858,0.009192976169288158,0.18604651162790697,0.1675465113894884,9.056568066499151,78.88223702289352,251896.78565,56273.063426000015,0.001,2026-07-01T00:00:00Z,HOLD,5.0,2.0
price_sequence_gru,906975,Will the Fed increase interest rates by 25 bps after the June 2026 meeting?,will-the-fed-increase-interest-rates-by-25-bps-after-the-june-2026-meeting,0.01899999938905239,0.011055085808038712,0.18604651162790697,0.16704651223885458,8.79192197948728,64.88223702289352,167503.89418,32149.459489,0.002,2026-06-17T00:00:00Z,HOLD,5.0,2.0
price_sequence_gru,558946,Will Belgium win the 2026 FIFA World Cup?,will-belgium-win-the-2026-fifa-world-cup-358,0.019500000402331352,0.014046366326510906,0.18604651162790697,0.16654651122557562,8.540846553298731,97.88223702289352,694041.44255,38130.66265200001,0.001,2026-07-20T00:00:00Z,HOLD,5.0,2.0
price_sequence_gru,1823774,"Will Bitcoin reach $90,000 in April?",will-bitcoin-reach-90k-in-april-2026,0.020500000566244125,0.009346306324005127,0.18604651162790697,0.16554651106166285,8.075439340926476,18.048903689560184,102831.47488,74273.01968099999,0.001,2026-05-01T04:00:00Z,HOLD,5.0,2.0
price_sequence_gru,559660,Will Andy Beshear win the 2028 Democratic presidential nomination?,will-andy-beshear-win-the-2028-democratic-presidential-nomination-832,0.020500000566244125,0.014687702059745789,0.18604651162790697,0.16554651106166285,8.075439340926476,938.8822370228935,599041.05792,20243.849391000003,0.001,2028-11-07T00:00:00Z,HOLD,5.0,2.0
price_sequence_gru,561233,Will Josh Shapiro win the 2028 US Presidential Election?,will-josh-shapiro-win-the-2028-us-presidential-election,0.020500000566244125,0.008775636553764343,0.18604651162790697,0.16554651106166285,8.075439340926476,938.8822370228935,375140.60183,14017.629873,0.001,2028-11-07T00:00:00Z,HOLD,5.0,2.0
price_sequence_gru,1712303,Will WTI Crude Oil (WTI) hit (LOW) $60 in April?,will-wti-dip-to-60-in-april-2026-326-291-744-461,0.020999999716877937,0.015336249954998493,0.18604651162790697,0.16504651191102904,7.859357816008887,18.04890367798611,36324.6918,20560.517073,0.002,2026-05-01T03:59:59.999Z,HOLD,5.0,2.0
price_sequence_gru,553848,Will the Anaheim Ducks win the 2026 NHL Stanley Cup?,will-the-anaheim-ducks-win-the-2026-nhl-stanley-cup,0.020999999716877937,0.013712712563574314,0.18604651162790697,0.16504651191102904,7.859357816008887,77.88223702289352,174274.83271,16530.051235000003,0.003,2026-06-30T00:00:00Z,HOLD,5.0,2.0
price_sequence_gru,609655,US recession by end of 2026?,us-recession-by-end-of-2026,0.32499998807907104,0.31221210584044456,0.489795918367347,0.16479593028827594,0.507064419486015,292.88223702289355,63937.1686,11519.493964000003,0.01,2027-01-31T00:00:00Z,HOLD,0.507064419486015,2.0
price_sequence_gru,1820098,Will US withdraw from NATO by April 30?,will-us-withdraw-from-nato-by-april-30-583-663,0.0215000007301569,0.015522552654147148,0.18604651162790697,0.16454651089775008,7.653325828354485,16.88223702289352,112032.7479,397692.486832,0.004,2026-04-30T00:00:00Z,HOLD,5.0,2.0
price_sequence_gru,567687,Russia x Ukraine ceasefire by end of 2026?,russia-x-ukraine-ceasefire-before-2027,0.24500000476837158,0.2391619086265564,0.4090909090909091,0.16409090432253753,0.6697587801178726,261.88223702289355,489539.5621,74347.770716,0.01,2026-12-31T00:00:00Z,HOLD,0.6697587801178726,2.0
price_sequence_gru,566737,Will Lens win the 2025–26 French Ligue 1?,will-lens-win-the-202526-french-ligue-1,0.02199999988079071,0.009232794865965843,0.18604651162790697,0.16404651174711626,7.456659665273608,46.88223702289351,36748.4792,11306.141081,0.004,2026-05-30T00:00:00Z,HOLD,5.0,2.0
price_sequence_gru,559695,Will James Talarico win the 2028 Democratic presidential nomination?,will-james-talarico-win-the-2028-democratic-presidential-nomination,0.02250000089406967,0.011025439947843552,0.18604651162790697,0.1635465107338373,7.268733521559249,938.8822370228935,319060.66719,245412.187292,0.002,2028-11-07T00:00:00Z,HOLD,5.0,2.0
price_sequence_gru,553859,Will the Minnesota Timberwolves win the 2026 NBA Finals?,will-the-minnesota-timberwolves-win-the-2026-nba-finals,0.02250000089406967,0.01376384124159813,0.18604651162790697,0.1635465107338373,7.268733521559249,78.88223702289352,262090.27858,30249.911025999998,0.001,2026-07-01T00:00:00Z,HOLD,5.0,2.0
price_sequence_gru,842036,Will Ukraine win Eurovision 2026?,will-ukraine-win-eurovision-2026,0.023000000044703484,0.014142767526209354,0.18604651162790697,0.1630465115832035,7.088978750708758,32.88223702289351,140928.67293,17029.879914999998,0.001,2026-05-16T00:00:00Z,HOLD,5.0,2.0
price_sequence_gru,1731345,"Iran agrees to surrender enriched uranium stockpile by June 30, 2026?",iran-agrees-to-surrender-enriched-uranium-stockpile-by-june-30-2026,0.20999999344348907,0.19732370972633362,0.3719165085388994,0.16191651509541033,0.7710310483365896,261.88223702289355,24201.4968,12222.700026,0.02,2026-12-31T00:00:00Z,HOLD,0.7710310483365896,2.0
price_sequence_gru,561253,Will Tucker Carlson win the 2028 US Presidential Election?,will-tucker-carlson-win-the-2028-us-presidential-election,0.026000000536441803,0.009004946798086166,0.18604651162790697,0.16004651109146517,6.1556349149740495,938.8822370228935,255014.43129,16325.685371,0.002,2028-11-07T00:00:00Z,HOLD,5.0,2.0
price_sequence_gru,1708133,Iran leadership change by June 30?,iran-leadership-change-by-june-30-689-922,0.25,0.22184857167303562,0.4090909090909091,0.15909090909090912,0.6363636363636365,77.88223702289352,20402.7555,47976.06634,0.02,2026-06-30T00:00:00Z,HOLD,0.6363636363636365,2.0
price_sequence_gru,1494702,Will Crude Oil (CL) hit (HIGH) $150 by end of June?,will-crude-oil-cl-hit-high-150-by-end-of-june-788-691,0.25,0.23365511372685432,0.4090909090909091,0.15909090909090912,0.6363636363636365,78.65307035622685,58774.14,45373.878564000006,0.01,2026-06-30T18:30:00Z,HOLD,0.6363636363636365,2.0
price_sequence_gru,1791572,Will MrBeast's next video get 110 million or more views on week 1?,will-mrbeasts-next-video-get-110-million-or-more-views-on-week-1-575,0.027000000700354576,0.010509772226214409,0.18604651162790697,0.1590465109275524,5.890611363038362,47.88223702289351,9478.38229,36483.949534,0.007,2026-05-31T00:00:00Z,HOLD,5.0,2.0
price_sequence_gru,561239,Will Kamala Harris win the 2028 US Presidential Election?,will-kamala-harris-win-the-2028-us-presidential-election,0.030500000342726707,0.011232146993279457,0.18604651162790697,0.15554651128518027,5.099885558600436,938.8822370228935,279348.80754,18992.029363000012,0.001,2028-11-07T00:00:00Z,HOLD,5.0,2.0
price_sequence_gru,1809560,Strait of Hormuz traffic returns to normal by end of May?,strait-of-hormuz-traffic-returns-to-normal-by-end-of-may,0.33500000834465027,0.28757013380527496,0.489795918367347,0.15479591002269671,0.46207733184126265,47.88223702289351,46837.4808,45199.332858,0.01,2026-05-31T00:00:00Z,HOLD,0.46207733184126265,2.0
price_sequence_gru,561975,Will Marco Rubio win the 2028 Republican presidential nomination?,will-marco-rubio-win-the-2028-republican-presidential-nomination,0.2175000011920929,0.19880426302552223,0.3719165085388994,0.1544165073468065,0.7099609494274349,938.8822370228935,329968.7385,77646.71647200003,0.001,2028-11-07T00:00:00Z,HOLD,0.7099609494274349,2.0
price_sequence_gru,566140,Will Arsenal win the 2025–26 Champions League?,will-arsenal-win-the-202526-champions-league,0.2549999952316284,0.24600981920957565,0.4090909090909091,0.1540909138592807,0.6042781048655029,47.88223702289351,310995.1513,21285.28841700001,0.01,2026-05-31T00:00:00Z,HOLD,0.6042781048655029,2.0
price_sequence_gru,1707593,US announces military support of Iran opposition by April 30?,us-announces-military-support-of-iran-oppostion-by-april-30,0.22499999403953552,0.15942834317684174,0.3719165085388994,0.14691651449936388,0.6529623039614333,16.88223702289352,19005.1323,50177.372947999975,0.01,2026-04-30T00:00:00Z,STRONG BUY,0.6529623039614333,2.0
price_sequence_gru,567688,Netanyahu out by end of 2026?,netanyahu-out-before-2027-684-719-226,0.3449999988079071,0.33728573843836784,0.489795918367347,0.14479591955943988,0.41969831901379495,261.88223702289355,75526.3848,16525.623481,0.01,2026-12-31T00:00:00Z,HOLD,0.41969831901379495,2.0
price_sequence_gru,1708132,Iran leadership change by May 31?,iran-leadership-change-by-may-31-593-194-829,0.23000000417232513,0.18495341390371323,0.3719165085388994,0.14191650436657427,0.6170282686614422,47.88223702289351,24482.041,67518.82586400004,0.01,2026-05-31T00:00:00Z,HOLD,0.6170282686614422,2.0
price_sequence_gru,616913,Will 11 Fed rate cuts happen in 2026?,will-11-fed-rate-cuts-happen-in-2026,0.0035000001080334187,0.008351002354174852,0.14285714285714285,0.13935714274910943,39.81632527074734,261.88223702289355,101424.24535,55363.14504200002,0.001,2026-12-31T00:00:00Z,HOLD,5.0,1.9908163249872775
price_sequence_gru,1823800,"Will Ethereum dip to $1,800 in April?",will-ethereum-dip-to-1800-in-april-2026,0.35499998927116394,0.3104884922504425,0.489795918367347,0.13479592909618304,0.3797068539999877,18.048903689560184,56698.2012,17921.700233000003,0.01,2026-05-01T04:00:00Z,STRONG BUY,0.3797068539999877,1.9256561299454718
price_sequence_gru,562830,"2026 Balance of Power: R Senate, D House",2026-balance-of-power-r-senate-d-house-444,0.35499998927116394,0.33750085160136223,0.489795918367347,0.13479592909618304,0.3797068539999877,203.88223702289355,120961.7604,11550.984443,0.01,2026-11-03T00:00:00Z,HOLD,0.3797068539999877,1.9256561299454718
price_sequence_gru,1708109,Kharg Island no longer under Iranian control by May 31?,kharg-island-no-longer-under-iranian-control-by-may-31-689,0.2750000059604645,0.2217615209519863,0.4090909090909091,0.13409090313044464,0.48760327354219146,48.87876480067129,72839.1802,39773.434977,0.01,2026-05-31T23:55:00Z,HOLD,0.48760327354219146,1.9155843304349232
price_sequence_gru,951183,Will the Bharatiya Janata Party (BJP) win the most seats in the 2026 West Bengal Legislative Assembly election?,will-the-bharatiya-janata-party-bjp-win-the-most-seats-in-the-2026-west-bengal-legislative-assembly-election,0.2750000059604645,0.2569558434188366,0.4090909090909091,0.13409090313044464,0.48760327354219146,15.882237022893518,12397.65694,16913.548023,0.007,2026-04-29T00:00:00Z,STRONG BUY,0.48760327354219146,1.9155843304349232
price_sequence_gru,1641032,"Will another country conduct military action against Iran by April 30, 2026?",will-another-country-conduct-military-action-against-iran-by-april-30-2026,0.2800000011920929,0.2197379134595394,0.4090909090909091,0.12909090789881622,0.46103895481862484,16.88223702289352,37775.9604,17754.832092000004,0.02,2026-04-30T00:00:00Z,STRONG BUY,0.46103895481862484,1.8441558271259457
price_sequence_gru,561370,Will Kon Knueppel win the 2025–26 NBA Rookie of the Year award?,will-kon-knueppel-win-the-202526-nba-rookie-of-the-year-award,0.36250001192092896,0.34850512258708477,0.489795918367347,0.12729590644641803,0.3511611096834521,34.88223702289351,13604.17032,20035.608312999997,0.017,2026-05-18T00:00:00Z,HOLD,0.3511611096834521,1.818512949234543
price_sequence_gru,1693042,Will UAE strike Iran by April 30?,will-uae-strike-iran-by-april-30,0.24500000476837158,0.13316138088703156,0.3719165085388994,0.12691650377052782,0.518026535919938,16.88223702289352,51276.0579,52148.82773799997,0.01,2026-04-30T00:00:00Z,STRONG BUY,0.518026535919938,1.8130929110075402
price_sequence_gru,1693734,Will Ukraine re-enter Rodynske by April 30?,will-ukraine-re-enter-rodynske-by-april-30,0.4699999988079071,0.5887664258480072,0.5882352941176471,0.11823529530973997,0.2515644587438897,16.88223702289352,28437.2216,150464.50297899998,0.01,2026-04-30T00:00:00Z,STRONG BUY,0.2515644587438897,1.6890756472819994
price_sequence_gru,1609728,Bab el-Mandeb Strait effectively closed by April 30?,bab-el-mandeb-strait-effectively-closed-by-april-30,0.2549999952316284,0.17386522889137268,0.3719165085388994,0.11691651330727099,0.4584961391903959,16.88223702289352,34985.8961,48373.43839700001,0.01,2026-04-30T00:00:00Z,STRONG BUY,0.4584961391903959,1.6702359043895854
price_sequence_gru,1708576,Will the Kharg Island oil terminal be hit by April 30?,will-the-kharg-island-oil-terminal-be-hit-by-april-30-484-426,0.375,0.3150963895022869,0.489795918367347,0.11479591836734698,0.30612244897959195,16.88223702289352,18926.05,15585.745123,0.01,2026-04-30T00:00:00Z,STRONG BUY,0.30612244897959195,1.6399416909620996
price_sequence_gru,561974,Will J.D. Vance win the 2028 Republican presidential nomination?,will-jd-vance-win-the-2028-republican-presidential-nomination,0.3785000145435333,0.35261665657162666,0.489795918367347,0.11129590382381366,0.2940446487380859,938.8822370228935,292152.32977,420638.46764600027,0.001,2028-11-07T00:00:00Z,HOLD,0.2940446487380859,1.5899414831973377
price_sequence_gru,842015,Will Finland win Eurovision 2026?,will-finland-win-eurovision-2026,0.3785000145435333,0.3185272440314293,0.489795918367347,0.11129590382381366,0.2940446487380859,32.88223702289351,375803.52825,130985.39028299996,0.003,2026-05-16T00:00:00Z,HOLD,0.2940446487380859,1.5899414831973377
price_sequence_gru,553856,Will the Oklahoma City Thunder win the 2026 NBA Finals?,will-the-oklahoma-city-thunder-win-the-2026-nba-finals,0.38499999046325684,0.36572611704468727,0.489795918367347,0.10479592790409015,0.27219722207783154,78.88223702289352,288187.6499,64269.95821499999,0.01,2026-07-01T00:00:00Z,HOLD,0.27219722207783154,1.4970846843441448
price_sequence_gru,616902,Will no Fed rate cuts happen in 2026?,will-no-fed-rate-cuts-happen-in-2026,0.3944999873638153,0.3828069381415844,0.489795918367347,0.09529593100353168,0.24156130305689458,261.88223702289355,76688.48524,19897.411217,0.002,2026-12-31T00:00:00Z,HOLD,0.24156130305689458,1.3613704429075952
price_sequence_gru,1652690,Will Crude Oil (CL) hit (HIGH) $140 by end of June?,will-crude-oil-cl-hit-high-140-by-end-of-june-828-295-574-155,0.39500001072883606,0.3801050977781415,0.489795918367347,0.09479590763851092,0.23998963307266202,78.65307035622685,25720.1782,15773.569719000003,0.01,2026-06-30T18:30:00Z,HOLD,0.23998963307266202,1.3542272519787273
price_sequence_gru,1797770,Crude Oil all time high by April 30?,crude-oil-all-time-high-by-april-30,0.2150000035762787,0.06361819803714752,0.3055555555555556,0.0905555519792769,0.42118860685111187,16.88223702289352,24181.1929,10916.688904,0.02,2026-04-30T00:00:00Z,STRONG BUY,0.42118860685111187,1.2936507425610984
price_sequence_gru,1130014,Will A Just Russia – For Truth (SRZP) gain the most seats in the next Russian parliamentary election?,will-a-just-russia-for-truth-srzp-gain-the-most-seats-in-the-next-russian-parliamentary-election,0.0035000001080334187,0.006837636698037386,0.09090909090909091,0.08740909080105749,24.974025172293764,169.88223702289352,22930.93566,21496.853608,0.001,2026-09-30T00:00:00Z,HOLD,5.0,1.248701297157964
price_sequence_gru,665325,US-Iran nuclear deal before 2027?,us-iran-nuclear-deal-before-2027,0.4050000011920929,0.38120749965310097,0.489795918367347,0.08479591717525409,0.20937263438435175,261.88223702289355,54907.2504,33445.472782,0.01,2026-12-31T00:00:00Z,HOLD,0.20937263438435175,1.2113702453607726
price_sequence_gru,842026,Will Moldova win Eurovision 2026?,will-moldova-win-eurovision-2026,0.007000000216066837,0.007395853288471699,0.09090909090909091,0.08390909069302407,11.987012586146882,32.88223702289351,195712.8355,27226.408616999997,0.002,2026-05-16T00:00:00Z,HOLD,5.0,1.1987012956146295
price_sequence_gru,558965,Will Senegal win the 2026 FIFA World Cup?,will-senegal-win-the-2026-fifa-world-cup,0.007499999832361937,0.007372168358415365,0.09090909090909091,0.08340909107672898,11.121212392142331,97.88223702289352,1244587.95408,32511.726121000007,0.001,2026-07-20T00:00:00Z,HOLD,5.0,1.191558443953271
price_sequence_gru,1712295,Will WTI Crude Oil (WTI) hit (HIGH) $140 in April?,will-wti-reach-140-in-april-2026-594-853-293,0.28999999165534973,0.1649552583694458,0.3719165085388994,0.08191651688354967,0.2824707560023081,18.04890367798611,38995.8188,127668.98808099987,0.01,2026-05-01T03:59:59.999Z,STRONG BUY,0.2824707560023081,1.170235955479281
price_sequence_gru,1797341,Will the Kharg Island oil terminal be hit by April 15?,will-the-kharg-island-oil-terminal-be-hit-by-april-15,0.22499999403953552,0.061157599091529846,0.3055555555555556,0.08055556151602006,0.35802472733339435,1.8822370228935186,16714.9887,11252.970626000002,0.01,2026-04-15T00:00:00Z,STRONG BUY,0.35802472733339435,1.1507937359431435
price_sequence_gru,558944,Will Uruguay win the 2026 FIFA World Cup?,will-uruguay-win-the-2026-fifa-world-cup-932,0.011500000022351742,0.006240358576178551,0.09090909090909091,0.07940909088673917,6.905138324556287,97.88223702289352,1492793.37707,59084.94711799999,0.001,2026-07-20T00:00:00Z,HOLD,5.0,1.1344155840962737
price_sequence_gru,559693,Will Ruben Gallego win the 2028 Democratic presidential nomination?,will-ruben-gallego-win-the-2028-democratic-presidential-nomination,0.012500000186264515,0.007141650654375553,0.09090909090909091,0.0784090907228264,6.272727164355193,938.8822370228935,285840.37677,21681.647359,0.001,2028-11-07T00:00:00Z,HOLD,5.0,1.1201298674689484
price_sequence_gru,558943,Will USA win the 2026 FIFA World Cup?,will-usa-win-the-2026-fifa-world-cup-467,0.014499999582767487,0.007237205281853676,0.09090909090909091,0.07640909132632343,5.269592656894401,97.88223702289352,1366372.18669,31928.99999799998,0.001,2026-07-20T00:00:00Z,HOLD,5.0,1.091558447518906
price_sequence_gru,1823784,"Will Bitcoin dip to $40,000 in April?",will-bitcoin-dip-to-40k-in-april-2026,0.014499999582767487,0.006690074689686298,0.09090909090909091,0.07640909132632343,5.269592656894401,18.048903689560184,124879.17437,30096.123029999995,0.001,2026-05-01T04:00:00Z,HOLD,5.0,1.091558447518906
price_sequence_gru,561232,Will Pete Buttigieg win the 2028 US Presidential Election?,will-pete-buttigieg-win-the-2028-us-presidential-election,0.01549999974668026,0.007993454113602638,0.09090909090909091,0.07540909116241065,4.865102735150788,938.8822370228935,559656.48609,30206.806059000002,0.001,2028-11-07T00:00:00Z,HOLD,4.865102735150788,1.0772727308915806
price_sequence_gru,558947,Will Colombia win the 2026 FIFA World Cup?,will-colombia-win-the-2026-fifa-world-cup-734,0.01549999974668026,0.007904932834208012,0.09090909090909091,0.07540909116241065,4.865102735150788,97.88223702289352,1242125.96144,23169.953674000008,0.001,2026-07-20T00:00:00Z,HOLD,4.865102735150788,1.0772727308915806
price_sequence_gru,1484894,US x Iran ceasefire by May 31?,us-x-iran-ceasefire-by-may-31-313-373-916,0.41499999165534973,0.39987246971577406,0.489795918367347,0.07479592671199725,0.18023115232762213,47.88223702289351,178435.3692,283693.2379750001,0.01,2026-05-31T00:00:00Z,HOLD,0.18023115232762213,1.0685132387428178
price_sequence_gru,601822,Will Michelle Bolsonaro win the 2026 Brazilian presidential election?,will-michelle-bolsonaro-win-the-2026-brazilian-presidential-election,0.0044999998062849045,0.006015656515955925,0.07869038793166883,0.07419038812538392,16.48675362647044,173.88223702289352,152148.10234,105552.5292499999,0.001,2026-10-04T00:00:00Z,HOLD,5.0,1.0598626875054844
price_sequence_gru,558976,Will Croatia win the 2026 FIFA World Cup?,will-croatia-win-the-2026-fifa-world-cup,0.011500000022351742,0.006050664931535721,0.08480836545945869,0.07330836543710695,6.3746404604019675,97.88223702289352,978284.14672,145627.4983230001,0.001,2026-07-20T00:00:00Z,HOLD,5.0,1.047262363387242
price_sequence_gru,1791571,Will MrBeast's next video get between 100 and 110 million views on week 1?,will-mrbeasts-next-video-get-between-100-and-110-million-views-on-week-1-174,0.02250000089406967,0.007202073000371456,0.09090909090909091,0.06840909001502124,3.040403879852815,47.88223702289351,9051.25826,21632.845145000003,0.007,2026-05-31T00:00:00Z,HOLD,3.040403879852815,0.9772727145003033
price_sequence_gru,1535973,Iran leadership change by December 31?,iran-leadership-change-by-december-31-974-976-658-482-568,0.42500001192092896,0.4166722148656845,0.489795918367347,0.06479590644641803,0.15246095206809848,261.88223702289355,86736.3988,34652.47925500001,0.01,2026-12-31T00:00:00Z,HOLD,0.15246095206809848,0.9256558063774003
price_sequence_gru,1105754,Will Richard Grenell be the leader of Venezuela end of 2026?,will-richard-grenell-be-the-leader-of-venezuela-end-of-2026,0.0005000000237487257,0.005651692801620811,0.061224489795918366,0.06072448977216964,121.44897377582257,261.88223702289355,104415.07464,26000.0,0.001,2026-12-31T00:00:00Z,HOLD,5.0,0.8674927110309948
price_sequence_gru,1632628,Will Anish Giri win the 2026 FIDE Candidates Tournament?,will-anish-giri-win-the-2026-fide-candidates-tournament,0.006500000134110451,0.004723884165287018,0.061224489795918366,0.054724489661807915,8.419152081955636,3.882237022893518,27771.26195,11582.626333,0.001,2026-04-17T00:00:00Z,HOLD,5.0,0.781778423740113
price_sequence_gru,906600,Gensyn FDV above $2B one day after launch?,gensyn-fdv-above-2b-one-day-after-launch-993-187-779,0.007499999832361937,0.005222223233431578,0.061224489795918366,0.05372448996355643,7.163265488585651,263.09057035622686,22654.33499,13790.122333,0.003,2027-01-01T05:00:00Z,HOLD,5.0,0.7674927137650918
price_sequence_gru,558974,Will Switzerland win the 2026 FIFA World Cup?,will-switzerland-win-the-2026-fifa-world-cup,0.010499999858438969,0.0057893795892596245,0.061224489795918366,0.0507244899374794,4.8309038686997265,97.88223702289352,862724.79568,74438.924608,0.001,2026-07-20T00:00:00Z,HOLD,4.8309038686997265,0.7246355705354199
price_sequence_gru,540881,GTA VI released before June 2026?,gta-vi-released-before-june-2026,0.011500000022351742,0.0056838905438780785,0.061224489795918366,0.049724489773566624,4.323868667558315,48.38223702289351,49884.40156,43432.558260000005,0.001,2026-05-31T12:00:00Z,HOLD,4.323868667558315,0.7103498539080946
price_sequence_gru,553863,Will the Los Angeles Lakers win the 2026 NBA Finals?,will-the-los-angeles-lakers-win-the-2026-nba-finals,0.014000000432133675,0.004885224625468254,0.061224489795918366,0.04722448936378469,3.3731777075800724,78.88223702289352,375378.51044,398651.10126200016,0.001,2026-07-01T00:00:00Z,HOLD,3.3731777075800724,0.6746355623397813
price_sequence_gru,561237,Will Andy Beshear win the 2028 US Presidential Election?,will-andy-beshear-win-the-2028-us-presidential-election,0.014000000432133675,0.004536425694823265,0.061224489795918366,0.04722448936378469,3.3731777075800724,938.8822370228935,490046.56812,372903.72786399996,0.001,2028-11-07T00:00:00Z,HOLD,3.3731777075800724,0.6746355623397813
price_sequence_gru,1733817,Trump out as President by April 30?,trump-out-as-president-by-april-30,0.014499999582767487,0.004547742195427418,0.061224489795918366,0.04672449021315088,3.2223787281125555,16.88223702289352,437213.68924,1474458.4480439995,0.001,2026-04-30T00:00:00Z,HOLD,3.2223787281125555,0.6674927173307268
price_sequence_gru,559668,Will Mark Kelly win the 2028 Democratic presidential nomination?,will-mark-kelly-win-the-2028-democratic-presidential-nomination-479,0.017500000074505806,0.004312699660658836,0.061224489795918366,0.04372448972141256,2.498542259157523,938.8822370228935,337373.53604,350222.25899899995,0.001,2028-11-07T00:00:00Z,HOLD,2.498542259157523,0.6246355674487508
price_sequence_gru,1664037,Will Anthropic have the best AI model at the end of April 2026?,will-anthropic-have-the-best-ai-model-at-the-end-of-april-2026,0.9049999713897705,0.9854335784912109,0.9487179487179487,0.04371797732817817,0.04830715879586416,16.88223702289352,42954.3684,14739.632816000001,0.01,2026-04-30T00:00:00Z,HOLD,0.04830715879586416,0.6245425332596881
price_sequence_gru,1818149,Genius FDV above $200M one day after launch?,genius-fdv-above-200m-one-day-after-launch,0.4465000033378601,0.4264279492199421,0.489795918367347,0.043295915029486876,0.09696733416757779,628.0905703562269,23646.64513,11966.910000000002,0.015,2028-01-01T05:00:00Z,HOLD,0.09696733416757779,0.6185130718498124
price_sequence_gru,1105751,Will Evan Pettus be the leader of Venezuela end of 2026?,will-evan-pettus-be-the-leader-of-venezuela-end-of-2026,0.0005000000237487257,0.003659321868326515,0.04081632653061224,0.040316326506863516,80.63264918388171,261.88223702289355,95856.31665,105701.75999999998,0.001,2026-12-31T00:00:00Z,HOLD,5.0,0.5759475215266217
price_sequence_gru,1811265,Pete Hegseth out as Secretary of Defense by December 31?,pete-hegseth-out-as-secretary-of-defense-by-december-31,0.44999998807907104,0.44224349595606327,0.489795918367347,0.03979593028827594,0.08843540298335131,261.88223702289355,20841.19,21292.055166000002,0.02,2026-12-31T00:00:00Z,HOLD,0.08843540298335131,0.5685132898325134
price_sequence_gru,559675,Will Jon Stewart win the 2028 Democratic presidential nomination?,will-jon-stewart-win-the-2028-democratic-presidential-nomination-518,0.02199999988079071,0.005758557468652725,0.061224489795918366,0.039224489915127655,1.782931369439529,938.8822370228935,870126.7463,478280.060676,0.002,2028-11-07T00:00:00Z,HOLD,1.782931369439529,0.560349855930395
price_sequence_gru,558981,Will Congo DR win the 2026 FIFA World Cup?,will-congo-dr-win-the-2026-fifa-world-cup,0.0024999999441206455,0.00349709065631032,0.04081632653061224,0.038316326586491596,15.326530977171302,97.88223702289352,2513547.1024,150696.88071799988,0.001,2026-07-20T00:00:00Z,HOLD,5.0,0.547376094092737
price_sequence_gru,558969,Will Algeria win the 2026 FIFA World Cup?,will-algeria-win-the-2026-fifa-world-cup,0.0035000001080334187,0.003337786067277193,0.04081632653061224,0.03731632642257882,10.661807220213525,97.88223702289352,1535905.6725,649978.9192239997,0.001,2026-07-20T00:00:00Z,HOLD,5.0,0.5330903774654117
price_sequence_gru,558967,Will Ghana win the 2026 FIFA World Cup?,will-ghana-win-the-2026-fifa-world-cup,0.0035000001080334187,0.0038227071054279804,0.04081632653061224,0.03731632642257882,10.661807220213525,97.88223702289352,2834752.9747,189632.5622059998,0.001,2026-07-20T00:00:00Z,HOLD,5.0,0.5330903774654117
price_sequence_gru,558954,Will Tunisia win the 2026 FIFA World Cup?,will-tunisia-win-the-2026-fifa-world-cup-165,0.0035000001080334187,0.003517527598887682,0.04081632653061224,0.03731632642257882,10.661807220213525,97.88223702289352,2420352.18949,148162.16388000007,0.001,2026-07-20T00:00:00Z,HOLD,5.0,0.5330903774654117
price_sequence_gru,678932,Will Han Dong-hoon win the 2026 Seoul Mayoral Election,will-han-dong-hoon-win-the-2026-seoul-mayoral-election,0.0035000001080334187,0.004023861605674028,0.04081632653061224,0.03731632642257882,10.661807220213525,50.88223702289351,86439.71538,108651.82955,0.001,2026-06-03T00:00:00Z,HOLD,5.0,0.5330903774654117
price_sequence_gru,1831555,Indian Premier League: Kolkata Knight Riders vs Punjab Kings,cricipl-kol-pun-2026-04-06,0.45500001311302185,0.3198268562555313,0.489795918367347,0.03479590525432513,0.07647451483849044,0.2989036895601852,1392117.7971,40073.36498600004,0.01,2026-04-13T10:00:00Z,HOLD,0.07647451483849044,0.49708436077607326
price_sequence_gru,1832593,Will Donald Trump announce Lee Zeldin as the next United States Attorney General by June 30?,will-donald-trump-announce-lee-zeldin-as-the-next-united-states-attorney-general-by-june-30,0.45500001311302185,0.49313070625066757,0.489795918367347,0.03479590525432513,0.07647451483849044,77.88223702289352,39515.6206,30834.750492000003,0.02,2026-06-30T00:00:00Z,HOLD,0.07647451483849044,0.49708436077607326
price_sequence_gru,1706400,"Military action against Iran ends on April 10, 2026?",military-action-against-iran-ends-on-april-10-2026,0.006500000134110451,0.003068036399781704,0.04081632653061224,0.03431632639650179,5.279434721303757,16.88223702289352,6342.45046,11328.752331999998,0.001,2026-04-30T00:00:00Z,HOLD,5.0,0.49023323423573983
price_sequence_gru,558955,Will Ecuador win the 2026 FIFA World Cup?,will-ecuador-win-the-2026-fifa-world-cup-986,0.008500000461935997,0.0036062300205230713,0.04081632653061224,0.032316326068676245,3.801920507344977,97.88223702289352,1266794.57542,695144.355191,0.001,2026-07-20T00:00:00Z,HOLD,3.801920507344977,0.46166180098108917
price_sequence_gru,1823773,"Will Bitcoin reach $95,000 in April?",will-bitcoin-reach-95k-in-april-2026,0.009499999694526196,0.0033514415845274925,0.04081632653061224,0.031316326836086046,3.2964555624280916,18.048903689560184,149025.75198,11153.439553,0.001,2026-05-01T04:00:00Z,HOLD,3.2964555624280916,0.44737609765837205
price_sequence_gru,559656,Will Wes Moore win the 2028 Democratic presidential nomination?,will-wes-moore-win-the-2028-democratic-presidential-nomination-714,0.012500000186264515,0.0036859819665551186,0.04081632653061224,0.028316326344347727,2.2653060737921273,938.8822370228935,634994.74715,23989.306349000002,0.001,2028-11-07T00:00:00Z,HOLD,2.2653060737921273,0.4045189477763961
price_sequence_gru,558959,Will Iran win the 2026 FIFA World Cup?,will-iran-win-the-2026-fifa-world-cup-788,0.0024999999441206455,0.0020957519300282,0.029411764705882353,0.026911764761761707,10.764706145314616,97.88223702289352,2117259.06678,136247.89582800015,0.001,2026-07-20T00:00:00Z,HOLD,5.0,0.3844537823108815
price_sequence_gru,558972,Will Saudi Arabia win the 2026 FIFA World Cup?,will-saudi-arabia-win-the-2026-fifa-world-cup,0.0035000001080334187,0.002108639571815729,0.029411764705882353,0.025911764597848934,7.403361085153865,97.88223702289352,1971718.69977,191226.71155200002,0.001,2026-07-20T00:00:00Z,HOLD,5.0,0.37016806568355615
price_sequence_gru,601823,Will Eduardo Bolsonaro win the 2026 Brazilian presidential election?,will-eduardo-bolsonaro-win-the-2026-brazilian-presidential-election,0.0044999998062849045,0.0028871018439531326,0.029411764705882353,0.024911764899597448,5.535947993776476,173.88223702289352,529823.67363,223017.16549899988,0.001,2026-10-04T00:00:00Z,HOLD,5.0,0.35588235570853494
price_sequence_gru,558983,Will Bosnia-Herzegovina win the 2026 FIFA World Cup?,will-bosnia-herzegovina-win-the-2026-fifa-world-cup,0.0044999998062849045,0.0022155940532684326,0.029411764705882353,0.024911764899597448,5.535947993776476,97.88223702289352,2628687.45338,118482.94674999996,0.001,2026-07-20T00:00:00Z,HOLD,5.0,0.35588235570853494
price_sequence_gru,842035,Will Switzerland win Eurovision 2026?,will-switzerland-win-eurovision-2026,0.0044999998062849045,0.0027438607066869736,0.029411764705882353,0.024911764899597448,5.535947993776476,32.88223702289351,322357.13272,32190.601499999993,0.001,2026-05-16T00:00:00Z,HOLD,5.0,0.35588235570853494
price_sequence_gru,561973,Will Donald Trump win the 2028 Republican presidential nomination?,will-donald-trump-win-the-2028-republican-presidential-nomination,0.016499999910593033,0.003931663930416107,0.04081632653061224,0.02431632662001921,1.4737167728351368,938.8822370228935,573125.98252,15120.978339,0.002,2028-11-07T00:00:00Z,HOLD,1.4737167728351368,0.34737609457170293
price_sequence_gru,569367,Will Mauricio Cardenas win the 2026 Colombian presidential election?,will-mauricio-cardenas-win-the-2026-colombian-presidential-election,0.0005000000237487257,1e-06,0.02472382956338769,0.024223829539638964,48.44765677813771,69.46557035622685,97946.47415,216771.84,0.001,2026-06-21T14:00:00Z,HOLD,5.0,0.34605470770912805
price_sequence_gru,1632625,Will Hikaru Nakamura win the 2026 FIDE Candidates Tournament?,will-hikaru-nakamura-win-the-2026-fide-candidates-tournament,0.0005000000237487257,1e-06,0.02472382956338769,0.024223829539638964,48.44765677813771,3.882237022893518,58399.40784,26912.189,0.001,2026-04-17T00:00:00Z,HOLD,5.0,0.34605470770912805
price_sequence_gru,1854150,"Will Elon Musk post 0-19 tweets from April 7 to April 14, 2026?",elon-musk-of-tweets-april-7-april-14-0-19,0.0005000000237487257,1e-06,0.02472382956338769,0.024223829539638964,48.44765677813771,1.5489036895601853,122152.61568,22150.0,0.001,2026-04-14T16:00:00Z,HOLD,5.0,0.34605470770912805
price_sequence_gru,566186,Will Liverpool win the 2025–26 English Premier League?,will-liverpool-win-the-202526-english-premier-league,0.0005000000237487257,1e-06,0.02472382956338769,0.024223829539638964,48.44765677813771,43.88223702289351,1386805.54404,17490.81,0.001,2026-05-27T00:00:00Z,HOLD,5.0,0.34605470770912805
price_sequence_gru,1706395,"Military action against Iran ends on April 5, 2026?",military-action-against-iran-ends-on-april-5-2026,0.0005000000237487257,1e-06,0.02472382956338769,0.024223829539638964,48.44765677813771,16.88223702289352,28390.81393,11391.1955,0.001,2026-04-30T00:00:00Z,HOLD,5.0,0.34605470770912805
price_sequence_gru,1823769,"Will Bitcoin reach $150,000 in April?",will-bitcoin-reach-150k-in-april-2026,0.005499999970197678,0.0020699650049209595,0.029411764705882353,0.023911764735684675,4.347593611864193,18.048903689560184,1259321.24317,157525.72526599996,0.001,2026-05-01T04:00:00Z,HOLD,4.347593611864193,0.34159663908120963
price_sequence_gru,558952,Will Canada win the 2026 FIFA World Cup?,will-canada-win-the-2026-fifa-world-cup-755,0.005499999970197678,0.0027829064056277275,0.029411764705882353,0.023911764735684675,4.347593611864193,97.88223702289352,1851879.94075,31450.339132,0.001,2026-07-20T00:00:00Z,HOLD,4.347593611864193,0.34159663908120963
price_sequence_gru,1712307,Will WTI Crude Oil (WTI) hit (LOW) $20 in April?,will-wti-dip-to-20-in-april-2026-356-113,0.006000000052154064,0.0018936637789011002,0.029411764705882353,0.02341176465372829,3.901960741704196,18.04890367798611,33552.03974,28324.250725000005,0.004,2026-05-01T03:59:59.999Z,HOLD,3.901960741704196,0.33445378076754695
price_sequence_gru,566191,Will Manchester United win the 2025–26 English Premier League?,will-manchester-united-win-the-202526-english-premier-league,0.001500000013038516,1e-06,0.02472382956338769,0.023223829550349174,15.48255289898644,43.88223702289351,460262.82411,147686.56799999994,0.001,2026-05-27T00:00:00Z,HOLD,5.0,0.33176899357641676
price_sequence_gru,566230,Will Villarreal win the 2025–26 La Liga?,will-villarreal-win-the-202526-la-liga,0.001500000013038516,1e-06,0.02472382956338769,0.023223829550349174,15.48255289898644,46.88223702289351,555992.48597,129504.53999999985,0.001,2026-05-30T00:00:00Z,HOLD,5.0,0.33176899357641676
price_sequence_gru,1664042,Will ByteDance have the best AI model at the end of April 2026?,will-bytedance-have-the-best-ai-model-at-the-end-of-april-2026,0.001500000013038516,1e-06,0.02472382956338769,0.023223829550349174,15.48255289898644,16.88223702289352,87412.07514,31808.512000000013,0.001,2026-04-30T00:00:00Z,HOLD,5.0,0.33176899357641676
price_sequence_gru,1664045,Will Amazon have the best AI model at the end of April 2026?,will-amazon-have-the-best-ai-model-at-the-end-of-april-2026,0.001500000013038516,1e-06,0.02472382956338769,0.023223829550349174,15.48255289898644,16.88223702289352,97803.34957,26812.54300000001,0.001,2026-04-30T00:00:00Z,HOLD,5.0,0.33176899357641676
price_sequence_gru,1706396,"Military action against Iran ends on April 6, 2026?",military-action-against-iran-ends-on-april-6-2026,0.001500000013038516,1e-06,0.02472382956338769,0.023223829550349174,15.48255289898644,16.88223702289352,14350.92265,25201.638515,0.001,2026-04-30T00:00:00Z,HOLD,5.0,0.33176899357641676
price_sequence_gru,1664047,Will Mistral have the best AI model at the end of April 2026?,will-mistral-have-the-best-ai-model-at-the-end-of-april-2026,0.001500000013038516,0.0001519292127341032,0.02472382956338769,0.023223829550349174,15.48255289898644,16.88223702289352,87655.98829,24524.895000000008,0.001,2026-04-30T00:00:00Z,HOLD,5.0,0.33176899357641676
price_sequence_gru,1664046,Will Z.ai have the best AI model at the end of April 2026?,will-zai-have-the-best-ai-model-at-the-end-of-april-2026,0.001500000013038516,1e-06,0.02472382956338769,0.023223829550349174,15.48255289898644,16.88223702289352,88276.85538,24017.890000000003,0.001,2026-04-30T00:00:00Z,HOLD,5.0,0.33176899357641676
price_sequence_gru,1664043,Will Baidu have the best AI model at the end of April 2026?,will-baidu-have-the-best-ai-model-at-the-end-of-april-2026,0.001500000013038516,1e-06,0.02472382956338769,0.023223829550349174,15.48255289898644,16.88223702289352,90932.44311,20361.667,0.001,2026-04-30T00:00:00Z,HOLD,5.0,0.33176899357641676
price_sequence_gru,1632627,Will Wei Yi win the 2026 FIDE Candidates Tournament?,will-wei-yi-win-the-2026-fide-candidates-tournament,0.001500000013038516,1e-06,0.02472382956338769,0.023223829550349174,15.48255289898644,3.882237022893518,34856.59487,19312.143332,0.001,2026-04-17T00:00:00Z,HOLD,5.0,0.33176899357641676
price_sequence_gru,553835,Will the Washington Capitals win the 2026 NHL Stanley Cup?,will-the-washington-capitals-win-the-2026-nhl-stanley-cup,0.001500000013038516,1e-06,0.02472382956338769,0.023223829550349174,15.48255289898644,77.88223702289352,147967.32098,19283.350000000002,0.001,2026-06-30T00:00:00Z,HOLD,5.0,0.33176899357641676
price_sequence_gru,1664044,Will Moonshot have the best AI model at the end of April 2026?,will-moonshot-have-the-best-ai-model-at-the-end-of-april-2026,0.001500000013038516,1e-06,0.02472382956338769,0.023223829550349174,15.48255289898644,16.88223702289352,82805.71672,17143.7175,0.001,2026-04-30T00:00:00Z,HOLD,5.0,0.33176899357641676
price_sequence_gru,1664040,Will Alibaba have the best AI model at the end of April 2026?,will-alibaba-have-the-best-ai-model-at-the-end-of-april-2026,0.001500000013038516,1e-06,0.02472382956338769,0.023223829550349174,15.48255289898644,16.88223702289352,85715.16813,16907.051,0.001,2026-04-30T00:00:00Z,HOLD,5.0,0.33176899357641676
price_sequence_gru,1854235,"Will Elon Musk post 580+ tweets from April 7 to April 14, 2026?",elon-musk-of-tweets-april-7-april-14-580plus,0.001500000013038516,0.001483297673985362,0.02472382956338769,0.023223829550349174,15.48255289898644,1.5489036895601853,44906.70327,12715.266,0.001,2026-04-14T16:00:00Z,HOLD,5.0,0.33176899357641676
price_sequence_gru,1664049,Will Meituan have the best AI model at the end of April 2026?,will-meituan-have-the-best-ai-model-at-the-end-of-april-2026,0.001500000013038516,1e-06,0.02472382956338769,0.023223829550349174,15.48255289898644,16.88223702289352,93968.58794,11330.956999999997,0.001,2026-04-30T00:00:00Z,HOLD,5.0,0.33176899357641676
price_sequence_gru,1823772,"Will Bitcoin reach $100,000 in April?",will-bitcoin-reach-100k-in-april-2026,0.006500000134110451,0.002536427229642868,0.029411764705882353,0.022911764571771902,3.524886784468884,18.048903689560184,205816.56203,20935.55606600001,0.001,2026-05-01T04:00:00Z,HOLD,3.524886784468884,0.32731092245388427
price_sequence_gru,1823771,"Will Bitcoin reach $105,000 in April?",will-bitcoin-reach-105k-in-april-2026,0.006500000134110451,0.00158782210201025,0.029411764705882353,0.022911764571771902,3.524886784468884,18.048903689560184,238840.30056,17237.953992,0.001,2026-05-01T04:00:00Z,HOLD,3.524886784468884,0.32731092245388427
price_sequence_gru,1632630,Will Praggnanandhaa R win the 2026 FIDE Candidates Tournament?,will-praggnanandhaa-r-win-the-2026-fide-candidates-tournament,0.006500000134110451,0.0026558153331279755,0.029411764705882353,0.022911764571771902,3.524886784468884,3.882237022893518,29665.39812,11314.855535,0.001,2026-04-17T00:00:00Z,HOLD,3.524886784468884,0.32731092245388427
price_sequence_gru,1705289,"Will Israel take military action in Gaza on April 2, 2026?",will-israel-take-military-action-in-gaza-on-april-2-2026,0.0020000000949949026,1e-06,0.02472382956338769,0.022723829468392787,11.361914194534428,16.88223702289352,8901.2951,12236.834841000002,0.003,2026-04-30T00:00:00Z,HOLD,5.0,0.3246261352627541
price_sequence_gru,558958,Will Australia win the 2026 FIFA World Cup?,will-australia-win-the-2026-fifa-world-cup-816,0.0024999999441206455,1e-06,0.02472382956338769,0.022223829619267044,8.889532046403342,97.88223702289352,1776498.60519,1610719.449425,0.001,2026-07-20T00:00:00Z,HOLD,5.0,0.3174832802752435
price_sequence_gru,553867,Will the Golden State Warriors win the 2026 NBA Finals?,will-the-golden-state-warriors-win-the-2026-nba-finals,0.0024999999441206455,1e-06,0.02472382956338769,0.022223829619267044,8.889532046403342,78.88223702289352,1352442.02924,176823.6688309999,0.001,2026-07-01T00:00:00Z,HOLD,5.0,0.3174832802752435
price_sequence_gru,558970,Will Cape Verde win the 2026 FIFA World Cup?,will-cape-verde-win-the-2026-fifa-world-cup,0.0024999999441206455,1e-06,0.02472382956338769,0.022223829619267044,8.889532046403342,97.88223702289352,2326791.30605,166021.07033299984,0.001,2026-07-20T00:00:00Z,HOLD,5.0,0.3174832802752435
price_sequence_gru,553879,Will the Portland Trail Blazers win the 2026 NBA Finals?,will-the-portland-trail-blazers-win-the-2026-nba-finals,0.0024999999441206455,1e-06,0.02472382956338769,0.022223829619267044,8.889532046403342,78.88223702289352,1187822.85319,158387.64983100016,0.001,2026-07-01T00:00:00Z,HOLD,5.0,0.3174832802752435
price_sequence_gru,558977,Will Haiti win the 2026 FIFA World Cup?,will-haiti-win-the-2026-fifa-world-cup,0.0024999999441206455,0.0006298092193901539,0.02472382956338769,0.022223829619267044,8.889532046403342,97.88223702289352,2845123.43201,157104.13350000017,0.001,2026-07-20T00:00:00Z,HOLD,5.0,0.3174832802752435
price_sequence_gru,558971,Will Qatar win the 2026 FIFA World Cup?,will-qatar-win-the-2026-fifa-world-cup,0.0024999999441206455,0.0011012875474989414,0.02472382956338769,0.022223829619267044,8.889532046403342,97.88223702289352,1817653.01651,147373.64200000023,0.001,2026-07-20T00:00:00Z,HOLD,5.0,0.3174832802752435
price_sequence_gru,558957,Will New Zealand win the 2026 FIFA World Cup?,will-new-zealand-win-the-2026-fifa-world-cup-635,0.0024999999441206455,0.0007527307607233524,0.02472382956338769,0.022223829619267044,8.889532046403342,97.88223702289352,1865906.82118,146140.8416659999,0.001,2026-07-20T00:00:00Z,HOLD,5.0,0.3174832802752435
price_sequence_gru,558962,Will Jordan win the 2026 FIFA World Cup?,will-jordan-win-the-2026-fifa-world-cup-233,0.0024999999441206455,1e-06,0.02472382956338769,0.022223829619267044,8.889532046403342,97.88223702289352,2647196.78221,138520.0864999999,0.001,2026-07-20T00:00:00Z,HOLD,5.0,0.3174832802752435
price_sequence_gru,566229,Will Atletico Madrid win the 2025–26 La Liga?,will-atletico-madrid-win-the-202526-la-liga,0.0024999999441206455,1e-06,0.02472382956338769,0.022223829619267044,8.889532046403342,46.88223702289351,373831.84531,128361.78800000002,0.001,2026-05-30T00:00:00Z,HOLD,5.0,0.3174832802752435
price_sequence_gru,558964,Will South Africa win the 2026 FIFA World Cup?,will-south-africa-win-the-2026-fifa-world-cup,0.0024999999441206455,0.0002193995751440525,0.02472382956338769,0.022223829619267044,8.889532046403342,97.88223702289352,2486487.21345,127979.7413329999,0.001,2026-07-20T00:00:00Z,HOLD,5.0,0.3174832802752435
price_sequence_gru,1487055,Will Microsoft be the largest company in the world by market cap on April 30?,will-microsoft-be-the-largest-company-in-the-world-by-market-cap-on-april-30-511,0.0024999999441206455,1e-06,0.02472382956338769,0.022223829619267044,8.889532046403342,16.88223702289352,111503.321,127781.28499700001,0.001,2026-04-30T00:00:00Z,HOLD,5.0,0.3174832802752435
price_sequence_gru,842030,Will Portugal win Eurovision 2026?,will-portugal-win-eurovision-2026,0.0024999999441206455,1e-06,0.02472382956338769,0.022223829619267044,8.889532046403342,32.88223702289351,682848.45057,119125.56416599982,0.001,2026-05-16T00:00:00Z,HOLD,5.0,0.3174832802752435
price_sequence_gru,842006,Will Austria win Eurovision 2026?,will-austria-win-eurovision-2026,0.0024999999441206455,1e-06,0.02472382956338769,0.022223829619267044,8.889532046403342,32.88223702289351,696779.88908,117463.17016499994,0.001,2026-05-16T00:00:00Z,HOLD,5.0,0.3174832802752435
price_sequence_gru,842007,Will Azerbaijan win Eurovision 2026?,will-azerbaijan-win-eurovision-2026,0.0024999999441206455,0.0010948465205729008,0.02472382956338769,0.022223829619267044,8.889532046403342,32.88223702289351,513842.12708,116194.74483300008,0.001,2026-05-16T00:00:00Z,HOLD,5.0,0.3174832802752435
price_sequence_gru,842022,Will Latvia win Eurovision 2026?,will-latvia-win-eurovision-2026,0.0024999999441206455,1e-06,0.02472382956338769,0.022223829619267044,8.889532046403342,32.88223702289351,679915.9703,115350.21216600001,0.001,2026-05-16T00:00:00Z,HOLD,5.0,0.3174832802752435
price_sequence_gru,558979,Will Panama win the 2026 FIFA World Cup?,will-team-z-win-the-2026-fifa-world-cup-316,0.0024999999441206455,1e-06,0.02472382956338769,0.022223829619267044,8.889532046403342,97.88223702289352,2576803.21147,115114.32099999998,0.001,2026-07-20T00:00:00Z,HOLD,5.0,0.3174832802752435
price_sequence_gru,558960,Will Uzbekistan win the 2026 FIFA World Cup?,will-uzbekistan-win-the-2026-fifa-world-cup-773,0.0024999999441206455,0.0005303290672600269,0.02472382956338769,0.022223829619267044,8.889532046403342,97.88223702289352,1854524.62933,112322.58366599996,0.001,2026-07-20T00:00:00Z,HOLD,5.0,0.3174832802752435
price_sequence_gru,842014,Will Estonia win Eurovision 2026?,will-estonia-win-eurovision-2026,0.0024999999441206455,1e-06,0.02472382956338769,0.022223829619267044,8.889532046403342,32.88223702289351,617180.33288,112090.9469989999,0.001,2026-05-16T00:00:00Z,HOLD,5.0,0.3174832802752435
price_sequence_gru,558982,Will Iraq win the 2026 FIFA World Cup?,will-iraq-win-the-2026-fifa-world-cup,0.0024999999441206455,1e-06,0.02472382956338769,0.022223829619267044,8.889532046403342,97.88223702289352,2601727.09122,111063.9845,0.001,2026-07-20T00:00:00Z,HOLD,5.0,0.3174832802752435
price_sequence_gru,842032,Will San Marino win Eurovision 2026?,will-san-marino-win-eurovision-2026,0.0024999999441206455,1e-06,0.02472382956338769,0.022223829619267044,8.889532046403342,32.88223702289351,700283.08891,109154.47566599997,0.001,2026-05-16T00:00:00Z,HOLD,5.0,0.3174832802752435
price_sequence_gru,1487063,Will Amazon be the largest company in the world by market cap on April 30?,will-amazon-be-the-largest-company-in-the-world-by-market-cap-on-april-30-413,0.0024999999441206455,1e-06,0.02472382956338769,0.022223829619267044,8.889532046403342,16.88223702289352,183502.40193,68146.10332699996,0.001,2026-04-30T00:00:00Z,HOLD,5.0,0.3174832802752435
price_sequence_gru,1487061,Will Saudi Aramco be the largest company in the world by market cap on April 30?,will-saudi-aramco-be-the-largest-company-in-the-world-by-market-cap-on-april-30,0.0024999999441206455,1e-06,0.02472382956338769,0.022223829619267044,8.889532046403342,16.88223702289352,195986.2298,57388.54050000002,0.001,2026-04-30T00:00:00Z,HOLD,5.0,0.3174832802752435
price_sequence_gru,1487059,Will Tesla be the largest company in the world by market cap on April 30?,will-tesla-be-the-largest-company-in-the-world-by-market-cap-on-april-30,0.0024999999441206455,1e-06,0.02472382956338769,0.022223829619267044,8.889532046403342,16.88223702289352,172013.73416,54365.142997,0.001,2026-04-30T00:00:00Z,HOLD,5.0,0.3174832802752435
price_sequence_gru,1823808,Will Ethereum dip to $200 in April?,will-ethereum-dip-to-200-in-april-2026,0.0024999999441206455,1e-06,0.02472382956338769,0.022223829619267044,8.889532046403342,18.048903689560184,138972.09688,18216.292999999998,0.001,2026-05-01T04:00:00Z,HOLD,5.0,0.3174832802752435
price_sequence_gru,1854091,"Will Donald Trump post 0-19 Truth Social posts from April 7 to April 14, 2026?",donald-trump-of-truth-social-posts-april-7-april-14-0-19,0.003000000026077032,0.0001322994939982891,0.02472382956338769,0.021723829537310658,7.24127644949322,1.5489036895601853,4164.84704,13912.651768999998,0.002,2026-04-14T16:00:00Z,HOLD,5.0,0.3103404219615808
price_sequence_gru,1469737,Will Mojtaba Khamenei be head of state in Iran end of 2026?,will-mojtaba-khamenei-be-head-of-state-in-iran-end-of-2026,0.5669999718666077,0.5606380421668291,0.5882352941176471,0.021235322251039412,0.037452069320446514,261.88223702289355,59692.7267,25662.411515999996,0.015,2026-12-31T00:00:00Z,HOLD,0.037452069320446514,0.3033617464434201
price_sequence_gru,669660,Will the Fed decrease interest rates by 50+ bps after the April 2026 meeting?,will-the-fed-decrease-interest-rates-by-50-bps-after-the-april-2026-meeting,0.0035000001080334187,1e-06,0.02472382956338769,0.02122382945535427,6.063951085784258,15.882237022893518,2497739.40508,1843830.7332309997,0.001,2026-04-29T00:00:00Z,HOLD,5.0,0.3031975636479181
price_sequence_gru,558968,Will Egypt win the 2026 FIFA World Cup?,will-egypt-win-the-2026-fifa-world-cup,0.0035000001080334187,1e-06,0.02472382956338769,0.02122382945535427,6.063951085784258,97.88223702289352,2309598.35938,297210.6802030001,0.001,2026-07-20T00:00:00Z,HOLD,5.0,0.3031975636479181
price_sequence_gru,842038,Will Armenia win Eurovision 2026?,will-armenia-win-eurovision-2026,0.0035000001080334187,1e-06,0.02472382956338769,0.02122382945535427,6.063951085784258,32.88223702289351,461657.57484,148340.999875,0.001,2026-05-16T00:00:00Z,HOLD,5.0,0.3031975636479181
price_sequence_gru,842004,Will Albania win Eurovision 2026?,will-albania-win-eurovision-2026,0.0035000001080334187,1e-06,0.02472382956338769,0.02122382945535427,6.063951085784258,32.88223702289351,596530.80341,118399.41722100003,0.001,2026-05-16T00:00:00Z,HOLD,5.0,0.3031975636479181
price_sequence_gru,558984,Will Cezchia win the 2026 FIFA World Cup?,will-cezchia-win-the-2026-fifa-world-cup,0.0035000001080334187,0.0013042199425399303,0.02472382956338769,0.02122382945535427,6.063951085784258,97.88223702289352,2610930.11327,113621.16454800007,0.001,2026-07-20T00:00:00Z,HOLD,5.0,0.3031975636479181
price_sequence_gru,842029,Will Poland win Eurovision 2026?,will-poland-win-eurovision-2026,0.0035000001080334187,1e-06,0.02472382956338769,0.02122382945535427,6.063951085784258,32.88223702289351,604083.65991,113209.16978700014,0.001,2026-05-16T00:00:00Z,HOLD,5.0,0.3031975636479181
price_sequence_gru,1823789,"Will Ethereum reach $4,000 in April?",will-ethereum-reach-4000-in-april-2026,0.0035000001080334187,0.001411943230777979,0.02472382956338769,0.02122382945535427,6.063951085784258,18.048903689560184,255679.52747,111704.1408339999,0.001,2026-05-01T04:00:00Z,HOLD,5.0,0.3031975636479181
price_sequence_gru,842027,Will Montenegro win Eurovision 2026?,will-montenegro-win-eurovision-2026,0.0035000001080334187,1e-06,0.02472382956338769,0.02122382945535427,6.063951085784258,32.88223702289351,821535.66983,107758.91969400003,0.001,2026-05-16T00:00:00Z,HOLD,5.0,0.3031975636479181
price_sequence_gru,1607575,Bab el-Mandeb Strait effectively closed by March 31?,bab-el-mandeb-strait-effectively-closed-by-march-31,0.0035000001080334187,1e-06,0.02472382956338769,0.02122382945535427,6.063951085784258,16.88223702289352,38864.17239,27605.000799,0.001,2026-04-30T00:00:00Z,HOLD,5.0,0.3031975636479181
price_sequence_gru,553864,Will the Orlando Magic win the 2026 NBA Finals?,will-the-orlando-magic-win-the-2026-nba-finals,0.0035000001080334187,1e-06,0.02472382956338769,0.02122382945535427,6.063951085784258,78.88223702289352,535973.59692,18934.759312,0.001,2026-07-01T00:00:00Z,HOLD,5.0,0.3031975636479181
price_sequence_gru,553853,Will the Seattle Kraken win the 2026 NHL Stanley Cup?,will-the-seattle-kraken-win-the-2026-nhl-stanley-cup,0.0035000001080334187,1e-06,0.02472382956338769,0.02122382945535427,6.063951085784258,77.88223702289352,175741.11917,14784.841993999999,0.001,2026-06-30T00:00:00Z,HOLD,5.0,0.3031975636479181
price_sequence_gru,1823785,"Will Bitcoin dip to $35,000 in April?",will-bitcoin-dip-to-35k-in-april-2026,0.008500000461935997,0.002414197660982609,0.029411764705882353,0.020911764243946356,2.4602074244103513,18.048903689560184,162020.36964,10859.00953,0.001,2026-05-01T04:00:00Z,HOLD,2.4602074244103513,0.2987394891992336
price_sequence_gru,561254,Will Kim Kardashian win the 2028 US Presidential Election?,will-kim-kardashian-win-the-2028-us-presidential-election,0.0044999998062849045,1e-06,0.02472382956338769,0.020223829757102785,4.49418458393204,938.8822370228935,1172166.79647,241001.52600000004,0.001,2028-11-07T00:00:00Z,HOLD,4.49418458393204,0.2889118536728969
price_sequence_gru,553876,Will the Toronto Raptors win the 2026 NBA Finals?,will-the-toronto-raptors-win-the-2026-nba-finals,0.0044999998062849045,1e-06,0.02472382956338769,0.020223829757102785,4.49418458393204,78.88223702289352,463858.22883,186829.70949999985,0.001,2026-07-01T00:00:00Z,HOLD,4.49418458393204,0.2889118536728969
price_sequence_gru,558961,Will South Korea win the 2026 FIFA World Cup?,will-south-korea-win-the-2026-fifa-world-cup-485,0.0044999998062849045,1e-06,0.02472382956338769,0.020223829757102785,4.49418458393204,97.88223702289352,1730867.50381,160382.83275,0.001,2026-07-20T00:00:00Z,HOLD,4.49418458393204,0.2889118536728969
price_sequence_gru,558956,Will Paraguay win the 2026 FIFA World Cup?,will-paraguay-win-the-2026-fifa-world-cup-967,0.0044999998062849045,1e-06,0.02472382956338769,0.020223829757102785,4.49418458393204,97.88223702289352,2127259.70827,146493.83075,0.001,2026-07-20T00:00:00Z,HOLD,4.49418458393204,0.2889118536728969
price_sequence_gru,558973,Will Scotland win the 2026 FIFA World Cup?,will-scotland-win-the-2026-fifa-world-cup,0.0044999998062849045,1e-06,0.02472382956338769,0.020223829757102785,4.49418458393204,97.88223702289352,1884297.83416,142741.42425,0.001,2026-07-20T00:00:00Z,HOLD,4.49418458393204,0.2889118536728969
price_sequence_gru,601824,Will Carlos Roberto Massa Júnior win the 2026 Brazilian presidential election?,will-carlos-roberto-massa-jnior-win-the-2026-brazilian-presidential-election,0.0044999998062849045,1e-06,0.02472382956338769,0.020223829757102785,4.49418458393204,173.88223702289352,412037.37714,129348.94150000006,0.001,2026-10-04T00:00:00Z,HOLD,4.49418458393204,0.2889118536728969
price_sequence_gru,558966,Will Ivory Coast win the 2026 FIFA World Cup?,will-ivory-coast-win-the-2026-fifa-world-cup,0.0044999998062849045,0.000432794913649559,0.02472382956338769,0.020223829757102785,4.49418458393204,97.88223702289352,2668946.80323,125030.00224999995,0.001,2026-07-20T00:00:00Z,HOLD,4.49418458393204,0.2889118536728969
price_sequence_gru,842033,Will Serbia win Eurovision 2026?,will-serbia-win-eurovision-2026,0.0044999998062849045,1e-06,0.02472382956338769,0.020223829757102785,4.49418458393204,32.88223702289351,571571.68338,116082.59824999992,0.001,2026-05-16T00:00:00Z,HOLD,4.49418458393204,0.2889118536728969
price_sequence_gru,1823788,"Will Bitcoin dip to $20,000 in April?",will-bitcoin-dip-to-20k-in-april-2026,0.0044999998062849045,1e-06,0.02472382956338769,0.020223829757102785,4.49418458393204,18.048903689560184,266176.22461,113701.38357900006,0.001,2026-05-01T04:00:00Z,HOLD,4.49418458393204,0.2889118536728969
price_sequence_gru,564163,Will Luka Doncic win the 2025–2026 NBA MVP?,will-luka-doncic-win-the-20252026-nba-mvp,0.0044999998062849045,1e-06,0.02472382956338769,0.020223829757102785,4.49418458393204,57.88223702289351,116407.60038,48971.04905900001,0.001,2026-06-10T00:00:00Z,HOLD,4.49418458393204,0.2889118536728969
price_sequence_gru,1664048,Will DeepSeek have the best AI model at the end of April 2026?,will-deepseek-have-the-best-ai-model-at-the-end-of-april-2026,0.0044999998062849045,1e-06,0.02472382956338769,0.020223829757102785,4.49418458393204,16.88223702289352,51682.01057,24500.438506000002,0.001,2026-04-30T00:00:00Z,HOLD,4.49418458393204,0.2889118536728969
price_sequence_gru,1823786,"Will Bitcoin dip to $30,000 in April?",will-bitcoin-dip-to-30k-in-april-2026,0.0044999998062849045,1e-06,0.02472382956338769,0.020223829757102785,4.49418458393204,18.048903689560184,143929.56646,20110.070264,0.001,2026-05-01T04:00:00Z,HOLD,4.49418458393204,0.2889118536728969
price_sequence_gru,842018,Will Germany win Eurovision 2026?,will-germany-win-eurovision-2026,0.0044999998062849045,1e-06,0.02472382956338769,0.020223829757102785,4.49418458393204,32.88223702289351,259590.83005,13611.621249999998,0.001,2026-05-16T00:00:00Z,HOLD,4.49418458393204,0.2889118536728969
price_sequence_gru,1823790,"Will Ethereum reach $3,800 in April?",will-ethereum-reach-3800-in-april-2026,0.0044999998062849045,0.0008859876543283463,0.02472382956338769,0.020223829757102785,4.49418458393204,18.048903689560184,123447.74105,13202.593250000002,0.001,2026-05-01T04:00:00Z,HOLD,4.49418458393204,0.2889118536728969
price_sequence_gru,842008,Will Belgium win Eurovision 2026?,will-belgium-win-eurovision-2026,0.0044999998062849045,1e-06,0.02472382956338769,0.020223829757102785,4.49418458393204,32.88223702289351,365083.3619,11430.54075,0.001,2026-05-16T00:00:00Z,HOLD,4.49418458393204,0.2889118536728969
price_sequence_gru,561995,Will Mike Pence win the 2028 Republican presidential nomination?,will-mike-pence-win-the-2028-republican-presidential-nomination,0.005499999970197678,1e-06,0.02472382956338769,0.019223829593190012,3.495241763155697,938.8822370228935,1388105.90552,427014.4202650002,0.001,2028-11-07T00:00:00Z,HOLD,3.495241763155697,0.2746261370455716
price_sequence_gru,558975,Will Austria win the 2026 FIFA World Cup?,will-austria-win-the-2026-fifa-world-cup,0.005499999970197678,0.0006394386291503906,0.02472382956338769,0.019223829593190012,3.495241763155697,97.88223702289352,1605284.54019,190993.95772899996,0.001,2026-07-20T00:00:00Z,HOLD,3.495241763155697,0.2746261370455716
price_sequence_gru,561986,Will Byron Donalds win the 2028 Republican presidential nomination?,will-byron-donalds-win-the-2028-republican-presidential-nomination,0.005499999970197678,1e-06,0.02472382956338769,0.019223829593190012,3.495241763155697,938.8822370228935,1001106.16424,184200.233599,0.001,2028-11-07T00:00:00Z,HOLD,3.495241763155697,0.2746261370455716
price_sequence_gru,559689,Will Beto O’Rourke win the 2028 Democratic presidential nomination?,will-beto-orourke-win-the-2028-democratic-presidential-nomination,0.005499999970197678,1e-06,0.02472382956338769,0.019223829593190012,3.495241763155697,938.8822370228935,1121294.81966,135680.486332,0.001,2028-11-07T00:00:00Z,HOLD,3.495241763155697,0.2746261370455716
price_sequence_gru,559682,Will Hunter Biden win the 2028 Democratic presidential nomination?,will-person-a-win-the-2028-democratic-presidential-nomination,0.005499999970197678,1e-06,0.02472382956338769,0.019223829593190012,3.495241763155697,938.8822370228935,1175844.67597,134459.08053300003,0.001,2028-11-07T00:00:00Z,HOLD,3.495241763155697,0.2746261370455716
price_sequence_gru,562002,Will Erika Kirk win the 2028 Republican presidential nomination?,will-erika-kirk-win-the-2028-republican-presidential-nomination,0.005499999970197678,1e-06,0.02472382956338769,0.019223829593190012,3.495241763155697,938.8822370228935,1446747.13866,116659.534666,0.001,2028-11-07T00:00:00Z,HOLD,3.495241763155697,0.2746261370455716
price_sequence_gru,559679,Will Bernie Sanders win the 2028 Democratic presidential nomination?,will-bernie-sanders-win-the-2028-democratic-presidential-nomination-879,0.005499999970197678,1e-06,0.02472382956338769,0.019223829593190012,3.495241763155697,938.8822370228935,2256502.13382,106773.87133100002,0.001,2028-11-07T00:00:00Z,HOLD,3.495241763155697,0.2746261370455716
price_sequence_gru,561263,Will Eric Trump win the 2028 US Presidential Election?,will-eric-trump-win-the-2028-us-presidential-election,0.005499999970197678,1e-06,0.02472382956338769,0.019223829593190012,3.495241763155697,938.8822370228935,1457316.91942,99661.54286600002,0.001,2028-11-07T00:00:00Z,HOLD,3.495241763155697,0.2746261370455716
price_sequence_gru,561251,Will LeBron James win the 2028 US Presidential Election?,will-lebron-james-win-the-2028-us-presidential-election,0.005499999970197678,1e-06,0.02472382956338769,0.019223829593190012,3.495241763155697,938.8822370228935,1505967.51749,91275.131466,0.001,2028-11-07T00:00:00Z,HOLD,3.495241763155697,0.2746261370455716
price_sequence_gru,561264,Will Pete Hegseth win the 2028 US Presidential Election?,will-pete-hegseth-win-the-2028-us-presidential-election,0.005499999970197678,1e-06,0.02472382956338769,0.019223829593190012,3.495241763155697,938.8822370228935,966468.64782,60611.35999800001,0.001,2028-11-07T00:00:00Z,HOLD,3.495241763155697,0.2746261370455716
price_sequence_gru,679039,Will Michel Barnier win the 2027 French presidential election?,will-michel-barnier-win-the-2027-french-presidential-election,0.005499999970197678,1e-06,0.02472382956338769,0.019223829593190012,3.495241763155697,381.88223702289355,117280.14457,28595.22140000001,0.001,2027-04-30T00:00:00Z,HOLD,3.495241763155697,0.2746261370455716
price_sequence_gru,842028,Will Norway win Eurovision 2026?,will-norway-win-eurovision-2026,0.005499999970197678,1e-06,0.02472382956338769,0.019223829593190012,3.495241763155697,32.88223702289351,252370.43141,27627.668131999995,0.001,2026-05-16T00:00:00Z,HOLD,3.495241763155697,0.2746261370455716
price_sequence_gru,842010,Will Croatia win Eurovision 2026?,will-croatia-win-eurovision-2026,0.005499999970197678,1e-06,0.02472382956338769,0.019223829593190012,3.495241763155697,32.88223702289351,220296.55903,27502.56439700001,0.001,2026-05-16T00:00:00Z,HOLD,3.495241763155697,0.2746261370455716
price_sequence_gru,679038,Will Nicolas Dupont-Aignan win the 2027 French presidential election?,will-nicolas-dupont-aignan-win-the-2027-french-presidential-election,0.005499999970197678,1e-06,0.02472382956338769,0.019223829593190012,3.495241763155697,381.88223702289355,89490.5116,26184.567600000002,0.001,2027-04-30T00:00:00Z,HOLD,3.495241763155697,0.2746261370455716
price_sequence_gru,842024,Will Luxembourg win Eurovision 2026?,will-luxembourg-win-eurovision-2026,0.005499999970197678,1e-06,0.02472382956338769,0.019223829593190012,3.495241763155697,32.88223702289351,242852.49134,21236.030599,0.001,2026-05-16T00:00:00Z,HOLD,3.495241763155697,0.2746261370455716
price_sequence_gru,553873,Will the Miami Heat win the 2026 NBA Finals?,will-the-miami-heat-win-the-2026-nba-finals,0.005499999970197678,1e-06,0.02472382956338769,0.019223829593190012,3.495241763155697,78.88223702289352,390779.21784,20940.093732999998,0.001,2026-07-01T00:00:00Z,HOLD,3.495241763155697,0.2746261370455716
price_sequence_gru,679041,Will François Bayrou win the 2027 French presidential election?,will-franois-bayrou-win-the-2027-french-presidential-election,0.005499999970197678,0.0005333088338375092,0.02472382956338769,0.019223829593190012,3.495241763155697,381.88223702289355,153549.9697,19789.5482,0.001,2027-04-30T00:00:00Z,HOLD,3.495241763155697,0.2746261370455716
price_sequence_gru,1664041,Will xAI have the best AI model at the end of April 2026?,will-xai-have-the-best-ai-model-at-the-end-of-april-2026,0.005499999970197678,1e-06,0.02472382956338769,0.019223829593190012,3.495241763155697,16.88223702289352,54280.98749,18186.882637000006,0.001,2026-04-30T00:00:00Z,HOLD,3.495241763155697,0.2746261370455716
price_sequence_gru,679042,Will Élisabeth Borne win the 2027 French presidential election?,will-lisabeth-borne-win-the-2027-french-presidential-election,0.005499999970197678,7.741525769233704e-05,0.02472382956338769,0.019223829593190012,3.495241763155697,381.88223702289355,125360.76005,17162.2694,0.001,2027-04-30T00:00:00Z,HOLD,3.495241763155697,0.2746261370455716
price_sequence_gru,679024,Will Laurent Wauquiez win the 2027 French presidential election?,will-laurent-wauquiez-win-the-2027-french-presidential-election,0.005499999970197678,1e-06,0.02472382956338769,0.019223829593190012,3.495241763155697,381.88223702289355,90126.42046,14819.538733,0.001,2027-04-30T00:00:00Z,HOLD,3.495241763155697,0.2746261370455716
price_sequence_gru,679036,Will François Asselineau win the 2027 French presidential election?,will-franois-asselineau-win-the-2027-french-presidential-election,0.005499999970197678,1e-06,0.02472382956338769,0.019223829593190012,3.495241763155697,381.88223702289355,114033.79111,14451.138599999998,0.001,2027-04-30T00:00:00Z,HOLD,3.495241763155697,0.2746261370455716
price_sequence_gru,562003,Will Kim Kardashian win the 2028 Republican presidential nomination?,will-kim-kardashian-win-the-2028-republican-presidential-nomination,0.005499999970197678,1e-06,0.02472382956338769,0.019223829593190012,3.495241763155697,938.8822370228935,1630076.10212,13170.012066000001,0.001,2028-11-07T00:00:00Z,HOLD,3.495241763155697,0.2746261370455716
price_sequence_gru,898664,Will Racing Bulls be the 2026 F1 Constructors' Champion?,will-racing-bulls-be-the-2026-f1-constructors-champion,0.005499999970197678,0.0013808812946081161,0.02472382956338769,0.019223829593190012,3.495241763155697,236.88223702289355,139945.79404,13020.4136,0.001,2026-12-06T00:00:00Z,HOLD,3.495241763155697,0.2746261370455716
price_sequence_gru,553868,Will the Los Angeles Clippers win the 2026 NBA Finals?,will-the-los-angeles-clippers-win-the-2026-nba-finals,0.006000000052154064,1e-06,0.02472382956338769,0.018723829511233626,3.12063822474661,78.88223702289352,176555.0884,54254.651671999985,0.001,2026-07-01T00:00:00Z,HOLD,3.12063822474661,0.2674832787319089
price_sequence_gru,1712306,Will WTI Crude Oil (WTI) hit (LOW) $30 in April?,will-wti-dip-to-30-in-april-2026-757-847-477,0.006000000052154064,1e-06,0.02472382956338769,0.018723829511233626,3.12063822474661,18.04890367798611,29895.89002,14660.205608000004,0.002,2026-05-01T03:59:59.999Z,HOLD,3.12063822474661,0.2674832787319089
price_sequence_gru,669661,Will the Fed decrease interest rates by 25 bps after the April 2026 meeting?,will-the-fed-decrease-interest-rates-by-25-bps-after-the-april-2026-meeting,0.006500000134110451,1e-06,0.02472382956338769,0.01822382942927724,2.803666008196358,15.882237022893518,753938.33605,931520.8025719994,0.001,2026-04-29T00:00:00Z,HOLD,2.803666008196358,0.26034042041824623
price_sequence_gru,679035,Will Ségolène Royal win the 2027 French presidential election?,will-sgolne-royal-win-the-2027-french-presidential-election,0.006500000134110451,1e-06,0.02472382956338769,0.01822382942927724,2.803666008196358,381.88223702289355,129659.42185,235905.172764,0.001,2027-04-30T00:00:00Z,HOLD,2.803666008196358,0.26034042041824623
price_sequence_gru,679040,Will Valérie Pécresse win the 2027 French presidential election?,will-valrie-pcresse-win-the-2027-french-presidential-election,0.006500000134110451,1e-06,0.02472382956338769,0.01822382942927724,2.803666008196358,381.88223702289355,105881.71492,189908.50986599998,0.001,2027-04-30T00:00:00Z,HOLD,2.803666008196358,0.26034042041824623
price_sequence_gru,679033,Will Olivier Faure win the 2027 French presidential election?,will-olivier-faure-win-the-2027-french-presidential-election,0.006500000134110451,1e-06,0.02472382956338769,0.01822382942927724,2.803666008196358,381.88223702289355,100628.92673,171251.86554099998,0.001,2027-04-30T00:00:00Z,HOLD,2.803666008196358,0.26034042041824623
price_sequence_gru,561994,Will Kristi Noem win the 2028 Republican presidential nomination?,will-kristi-noem-win-the-2028-republican-presidential-nomination,0.006500000134110451,1e-06,0.02472382956338769,0.01822382942927724,2.803666008196358,938.8822370228935,1197325.30393,152270.48237399998,0.001,2028-11-07T00:00:00Z,HOLD,2.803666008196358,0.26034042041824623
price_sequence_gru,559690,Will Kim Kardashian win the 2028 Democratic presidential nomination?,will-kim-kardashian-win-the-2028-democratic-presidential-nomination,0.006500000134110451,1e-06,0.02472382956338769,0.01822382942927724,2.803666008196358,938.8822370228935,1904431.00371,144874.32490099999,0.001,2028-11-07T00:00:00Z,HOLD,2.803666008196358,0.26034042041824623
price_sequence_gru,842037,Will United Kingdom win Eurovision 2026?,will-united-kingdom-win-eurovision-2026,0.006500000134110451,1e-06,0.02472382956338769,0.01822382942927724,2.803666008196358,32.88223702289351,323949.7169,144504.68785000002,0.001,2026-05-16T00:00:00Z,HOLD,2.803666008196358,0.26034042041824623
price_sequence_gru,679048,Will Manuel Bompard win the 2027 French presidential election?,will-manuel-bompard-win-the-2027-french-presidential-election,0.006500000134110451,1e-06,0.02472382956338769,0.01822382942927724,2.803666008196358,381.88223702289355,87677.4082,135750.841849,0.001,2027-04-30T00:00:00Z,HOLD,2.803666008196358,0.26034042041824623
price_sequence_gru,559680,Will Phil Murphy win the 2028 Democratic presidential nomination?,will-phil-murphy-win-the-2028-democratic-presidential-nomination-611,0.006500000134110451,1e-06,0.02472382956338769,0.01822382942927724,2.803666008196358,938.8822370228935,1661447.22441,130477.16154400002,0.001,2028-11-07T00:00:00Z,HOLD,2.803666008196358,0.26034042041824623
price_sequence_gru,679023,Will Xavier Bertrand win the 2027 French presidential election?,will-xavier-bertrand-win-the-2027-french-presidential-election,0.006500000134110451,1e-06,0.02472382956338769,0.01822382942927724,2.803666008196358,381.88223702289355,105476.64164,119942.70136600002,0.001,2027-04-30T00:00:00Z,HOLD,2.803666008196358,0.26034042041824623
price_sequence_gru,562008,Will Pete Hegseth win the 2028 Republican presidential nomination?,will-pete-hegseth-win-the-2028-republican-presidential-nomination,0.006500000134110451,1e-06,0.02472382956338769,0.01822382942927724,2.803666008196358,938.8822370228935,704378.3732,114773.334569,0.001,2028-11-07T00:00:00Z,HOLD,2.803666008196358,0.26034042041824623
price_sequence_gru,559692,Will Jasmine Crockett win the 2028 Democratic presidential nomination?,will-jasmine-crockett-win-the-2028-democratic-presidential-nomination,0.006500000134110451,1e-06,0.02472382956338769,0.01822382942927724,2.803666008196358,938.8822370228935,1408491.39863,114717.514842,0.001,2028-11-07T00:00:00Z,HOLD,2.803666008196358,0.26034042041824623
price_sequence_gru,559670,Will Gina Raimondo win the 2028 Democratic presidential nomination?,will-gina-raimondo-win-the-2028-democratic-presidential-nomination-676,0.006500000134110451,1e-06,0.02472382956338769,0.01822382942927724,2.803666008196358,938.8822370228935,1458061.75763,113053.81837499997,0.001,2028-11-07T00:00:00Z,HOLD,2.803666008196358,0.26034042041824623
price_sequence_gru,561991,Will Matt Gaetz win the 2028 Republican presidential nomination?,will-matt-gaetz-win-the-2028-republican-presidential-nomination,0.006500000134110451,1e-06,0.02472382956338769,0.01822382942927724,2.803666008196358,938.8822370228935,1169374.11551,99357.934947,0.001,2028-11-07T00:00:00Z,HOLD,2.803666008196358,0.26034042041824623
price_sequence_gru,561993,Will John Thune win the 2028 Republican presidential nomination?,will-john-thune-win-the-2028-republican-presidential-nomination,0.006500000134110451,1e-06,0.02472382956338769,0.01822382942927724,2.803666008196358,938.8822370228935,1535991.912,96793.550041,0.001,2028-11-07T00:00:00Z,HOLD,2.803666008196358,0.26034042041824623
price_sequence_gru,559674,Will Jared Polis win the 2028 Democratic presidential nomination?,will-jared-polis-win-the-2028-democratic-presidential-nomination-837,0.006500000134110451,1e-06,0.02472382956338769,0.01822382942927724,2.803666008196358,938.8822370228935,578739.04419,91879.67671100001,0.001,2028-11-07T00:00:00Z,HOLD,2.803666008196358,0.26034042041824623
price_sequence_gru,561248,Will Vivek Ramaswamy win the 2028 US Presidential Election?,will-vivek-ramaswamy-win-the-2028-us-presidential-election,0.006500000134110451,1e-06,0.02472382956338769,0.01822382942927724,2.803666008196358,938.8822370228935,1378942.52493,60481.906008000005,0.001,2028-11-07T00:00:00Z,HOLD,2.803666008196358,0.26034042041824623
price_sequence_gru,561256,Will Zohran Mamdani win the 2028 US Presidential Election?,will-zohran-mamdani-win-the-2028-us-presidential-election,0.006500000134110451,1e-06,0.02472382956338769,0.01822382942927724,2.803666008196358,938.8822370228935,965491.97471,49999.550397,0.001,2028-11-07T00:00:00Z,HOLD,2.803666008196358,0.26034042041824623
price_sequence_gru,558980,Will Sweden win the 2026 FIFA World Cup?,will-sweden-win-the-2026-fifa-world-cup,0.006500000134110451,9.874720126390457e-05,0.02472382956338769,0.01822382942927724,2.803666008196358,97.88223702289352,2125163.25869,45858.710945,0.001,2026-07-20T00:00:00Z,HOLD,2.803666008196358,0.26034042041824623
price_sequence_gru,562001,Will Steve Bannon win the 2028 Republican presidential nomination?,will-steve-bannon-win-the-2028-republican-presidential-nomination,0.006500000134110451,1e-06,0.02472382956338769,0.01822382942927724,2.803666008196358,938.8822370228935,1394778.87983,45241.9514,0.001,2028-11-07T00:00:00Z,HOLD,2.803666008196358,0.26034042041824623
price_sequence_gru,561987,Will Elise Stefanik win the 2028 Republican presidential nomination?,will-elise-stefanik-win-the-2028-republican-presidential-nomination,0.006500000134110451,1e-06,0.02472382956338769,0.01822382942927724,2.803666008196358,938.8822370228935,1333661.38507,37421.358379,0.001,2028-11-07T00:00:00Z,HOLD,2.803666008196358,0.26034042041824623
price_sequence_gru,1791566,Will MrBeast's next video get less than 60 million views on week 1?,will-mrbeasts-next-video-get-less-than-60-million-views-on-week-1-861,0.006500000134110451,1e-06,0.02472382956338769,0.01822382942927724,2.803666008196358,47.88223702289351,12889.3916,24271.604569000006,0.004,2026-05-31T00:00:00Z,HOLD,2.803666008196358,0.26034042041824623
price_sequence_gru,561242,Will Tulsi Gabbard win the 2028 US Presidential Election?,will-tulsi-gabbard-win-the-2028-us-presidential-election,0.006500000134110451,1e-06,0.02472382956338769,0.01822382942927724,2.803666008196358,938.8822370228935,1090194.95679,21731.762372000005,0.001,2028-11-07T00:00:00Z,HOLD,2.803666008196358,0.26034042041824623
price_sequence_gru,679037,Will Clémentine Autain win the 2027 French presidential election?,will-clmentine-autain-win-the-2027-french-presidential-election,0.006500000134110451,1e-06,0.02472382956338769,0.01822382942927724,2.803666008196358,381.88223702289355,146725.06045,21087.497135000005,0.001,2027-04-30T00:00:00Z,HOLD,2.803666008196358,0.26034042041824623
price_sequence_gru,561238,Will Glenn Youngkin win the 2028 US Presidential Election?,will-glenn-youngkin-win-the-2028-us-presidential-election,0.006500000134110451,1e-06,0.02472382956338769,0.01822382942927724,2.803666008196358,938.8822370228935,834255.15202,19078.483761,0.001,2028-11-07T00:00:00Z,HOLD,2.803666008196358,0.26034042041824623
price_sequence_gru,561247,Will Tim Walz win the 2028 US Presidential Election?,will-tim-walz-win-the-2028-us-presidential-election,0.006500000134110451,1e-06,0.02472382956338769,0.01822382942927724,2.803666008196358,938.8822370228935,1752606.90851,18792.166969,0.001,2028-11-07T00:00:00Z,HOLD,2.803666008196358,0.26034042041824623
price_sequence_gru,679053,Will Clémence Guetté win the 2027 French presidential election?,will-clmence-guett-win-the-2027-french-presidential-election,0.006500000134110451,1e-06,0.02472382956338769,0.01822382942927724,2.803666008196358,381.88223702289355,111813.59224,16775.891779000005,0.001,2027-04-30T00:00:00Z,HOLD,2.803666008196358,0.26034042041824623
price_sequence_gru,679043,Will Yaël Braun-Pivet win the 2027 French presidential election?,will-yal-braun-pivet-win-the-2027-french-presidential-election,0.006500000134110451,1e-06,0.02472382956338769,0.01822382942927724,2.803666008196358,381.88223702289355,124925.81208,11964.736993000004,0.001,2027-04-30T00:00:00Z,HOLD,2.803666008196358,0.26034042041824623
price_sequence_gru,562007,Will Joe Kent win the 2028 Republican presidential nomination?,will-joe-kent-win-the-2028-republican-presidential-nomination,0.007000000216066837,1e-06,0.02472382956338769,0.017723829347320853,2.531975542892129,938.8822370228935,326829.83376,146753.725167,0.002,2028-11-07T00:00:00Z,HOLD,2.531975542892129,0.2531975621045836
price_sequence_gru,1487058,Will Alphabet be the largest company in the world by market cap on April 30?,will-alphabet-be-the-largest-company-in-the-world-by-market-cap-on-april-30,0.007000000216066837,1e-06,0.02472382956338769,0.017723829347320853,2.531975542892129,16.88223702289352,75146.35355,14723.859983999999,0.002,2026-04-30T00:00:00Z,HOLD,2.531975542892129,0.2531975621045836
price_sequence_gru,561240,Will Stephen Smith win the 2028 US Presidential Election?,will-stephen-smith-win-the-2028-us-presidential-election,0.007499999832361937,1e-06,0.02472382956338769,0.017223829731025753,2.2965106821344476,938.8822370228935,773192.55343,425641.164327,0.001,2028-11-07T00:00:00Z,HOLD,2.2965106821344476,0.24605471044322502
price_sequence_gru,561988,Will Josh Hawley win the 2028 Republican presidential nomination?,will-josh-hawley-win-the-2028-republican-presidential-nomination,0.007499999832361937,1e-06,0.02472382956338769,0.017223829731025753,2.2965106821344476,938.8822370228935,433907.73235,276358.098418,0.001,2028-11-07T00:00:00Z,HOLD,2.2965106821344476,0.24605471044322502
price_sequence_gru,561984,Will Robert F. Kennedy Jr. win the 2028 Republican presidential nomination?,will-robert-f-kennedy-jr-win-the-2028-republican-presidential-nomination,0.007499999832361937,1e-06,0.02472382956338769,0.017223829731025753,2.2965106821344476,938.8822370228935,1122807.75132,67416.840425,0.001,2028-11-07T00:00:00Z,HOLD,2.2965106821344476,0.24605471044322502
price_sequence_gru,559671,Will Zohran Mamdani win the 2028 Democratic presidential nomination?,will-zohran-mamdani-win-the-2028-democratic-presidential-nomination-445,0.007499999832361937,1e-06,0.02472382956338769,0.017223829731025753,2.2965106821344476,938.8822370228935,1217263.23346,55951.962997,0.001,2028-11-07T00:00:00Z,HOLD,2.2965106821344476,0.24605471044322502
price_sequence_gru,559677,Will Hillary Clinton win the 2028 Democratic presidential nomination?,will-hillary-clinton-win-the-2028-democratic-presidential-nomination,0.007499999832361937,1e-06,0.02472382956338769,0.017223829731025753,2.2965106821344476,938.8822370228935,1605103.85493,42105.02328,0.001,2028-11-07T00:00:00Z,HOLD,2.2965106821344476,0.24605471044322502
price_sequence_gru,559664,Will Raphael Warnock win the 2028 Democratic presidential nomination?,will-raphael-warnock-win-the-2028-democratic-presidential-nomination-914,0.007499999832361937,1e-06,0.02472382956338769,0.017223829731025753,2.2965106821344476,938.8822370228935,858819.66049,39174.270282,0.001,2028-11-07T00:00:00Z,HOLD,2.2965106821344476,0.24605471044322502
price_sequence_gru,559676,Will Barack Obama win the 2028 Democratic presidential nomination?,will-barack-obama-win-the-2028-democratic-presidential-nomination-265,0.007499999832361937,1e-06,0.02472382956338769,0.017223829731025753,2.2965106821344476,938.8822370228935,1873267.86265,38873.774281000005,0.001,2028-11-07T00:00:00Z,HOLD,2.2965106821344476,0.24605471044322502
price_sequence_gru,559666,Will Tim Walz win the 2028 Democratic presidential nomination?,will-tim-walz-win-the-2028-democratic-presidential-nomination-475,0.007499999832361937,1e-06,0.02472382956338769,0.017223829731025753,2.2965106821344476,938.8822370228935,1281540.09263,37307.903709,0.001,2028-11-07T00:00:00Z,HOLD,2.2965106821344476,0.24605471044322502
price_sequence_gru,906976,Will the Fed increase interest rates by 50+ bps after the June 2026 meeting?,will-the-fed-increase-interest-rates-by-50-bps-after-the-june-2026-meeting,0.007499999832361937,0.0013661212287843227,0.02472382956338769,0.017223829731025753,2.2965106821344476,64.88223702289352,183705.47732,29735.91071,0.001,2026-06-17T00:00:00Z,HOLD,2.2965106821344476,0.24605471044322502
price_sequence_gru,562006,Will Eric Trump win the 2028 Republican presidential nomination?,will-eric-trump-win-the-2028-republican-presidential-nomination,0.007499999832361937,1e-06,0.02472382956338769,0.017223829731025753,2.2965106821344476,938.8822370228935,1202263.65465,26267.156566,0.001,2028-11-07T00:00:00Z,HOLD,2.2965106821344476,0.24605471044322502
price_sequence_gru,561245,Will Nikki Haley win the 2028 US Presidential Election?,will-nikki-haley-win-the-2028-us-presidential-election,0.007499999832361937,1e-06,0.02472382956338769,0.017223829731025753,2.2965106821344476,938.8822370228935,1450115.23647,14583.969996000002,0.001,2028-11-07T00:00:00Z,HOLD,2.2965106821344476,0.24605471044322502
price_sequence_gru,1823805,Will Ethereum dip to $800 in April?,will-ethereum-dip-to-800-in-april-2026,0.007499999832361937,1e-06,0.02472382956338769,0.017223829731025753,2.2965106821344476,18.048903689560184,80669.56415,14383.104452000001,0.001,2026-05-01T04:00:00Z,HOLD,2.2965106821344476,0.24605471044322502
price_sequence_gru,678931,Will Cho Eun-hee win the 2026 Seoul Mayoral Election,will-cho-eun-hee-win-the-2026-seoul-mayoral-election,0.007499999832361937,1e-06,0.02472382956338769,0.017223829731025753,2.2965106821344476,50.88223702289351,91894.63414,14152.406417999997,0.001,2026-06-03T00:00:00Z,HOLD,2.2965106821344476,0.24605471044322502
price_sequence_gru,678935,Will Park Yong-jin win the 2026 Seoul Mayoral Election,will-park-yong-jin-win-the-2026-seoul-mayoral-election,0.007499999832361937,1e-06,0.02472382956338769,0.017223829731025753,2.2965106821344476,50.88223702289351,53421.18434,12371.959138,0.001,2026-06-03T00:00:00Z,HOLD,2.2965106821344476,0.24605471044322502
price_sequence_gru,559683,Will George Clooney win the 2028 Democratic presidential nomination?,will-george-clooney-win-the-2028-democratic-presidential-nomination,0.007499999832361937,1e-06,0.02472382956338769,0.017223829731025753,2.2965106821344476,938.8822370228935,718118.2335,12077.919565,0.001,2028-11-07T00:00:00Z,HOLD,2.2965106821344476,0.24605471044322502
price_sequence_gru,559688,Will Andrew Yang win the 2028 Democratic presidential nomination?,will-andrew-yang-win-the-2028-democratic-presidential-nomination,0.007499999832361937,1e-06,0.02472382956338769,0.017223829731025753,2.2965106821344476,938.8822370228935,1185167.60843,11870.374854000002,0.001,2028-11-07T00:00:00Z,HOLD,2.2965106821344476,0.24605471044322502
price_sequence_gru,561992,Will Katie Britt win the 2028 Republican presidential nomination?,will-katie-britt-win-the-2028-republican-presidential-nomination,0.007499999832361937,1e-06,0.02472382956338769,0.017223829731025753,2.2965106821344476,938.8822370228935,1565682.18874,11611.28385,0.001,2028-11-07T00:00:00Z,HOLD,2.2965106821344476,0.24605471044322502
price_sequence_gru,559685,Will MrBeast win the 2028 Democratic presidential nomination?,will-mrbeast-win-the-2028-democratic-presidential-nomination,0.007499999832361937,1e-06,0.02472382956338769,0.017223829731025753,2.2965106821344476,938.8822370228935,1193455.63522,11241.245996000001,0.001,2028-11-07T00:00:00Z,HOLD,2.2965106821344476,0.24605471044322502
price_sequence_gru,1662841,Will Reza Pahlavi enter Iran by April 30?,will-reza-pahlavi-enter-iran-by-april-30,0.012500000186264515,0.0028273453935980797,0.029411764705882353,0.016911764519617838,1.3529411414090329,16.88223702289352,176090.66793,69600.42773699999,0.001,2026-04-30T00:00:00Z,HOLD,1.3529411414090329,0.2415966359945405
price_sequence_gru,559684,Will Chelsea Clinton win the 2028 Democratic presidential nomination?,will-chelsea-clinton-win-the-2028-democratic-presidential-nomination,0.008500000461935997,1e-06,0.02472382956338769,0.016223829101451693,1.9086856729130675,938.8822370228935,577312.20676,90074.87773600001,0.001,2028-11-07T00:00:00Z,HOLD,1.9086856729130675,0.2317689871635956
price_sequence_gru,559672,Will Roy Cooper win the 2028 Democratic presidential nomination?,will-roy-cooper-win-the-2028-democratic-presidential-nomination-286,0.008500000461935997,1e-06,0.02472382956338769,0.016223829101451693,1.9086856729130675,938.8822370228935,1243506.21224,47097.63398599999,0.001,2028-11-07T00:00:00Z,HOLD,1.9086856729130675,0.2317689871635956
price_sequence_gru,559691,Will Chris Murphy win the 2028 Democratic presidential nomination?,will-chris-murphy-win-the-2028-democratic-presidential-nomination,0.008500000461935997,1e-06,0.02472382956338769,0.016223829101451693,1.9086856729130675,938.8822370228935,860814.43863,39073.117805,0.001,2028-11-07T00:00:00Z,HOLD,1.9086856729130675,0.2317689871635956
price_sequence_gru,559678,Will Liz Cheney win the 2028 Democratic presidential nomination?,will-liz-cheney-win-the-2028-democratic-presidential-nomination-551,0.008500000461935997,1e-06,0.02472382956338769,0.016223829101451693,1.9086856729130675,938.8822370228935,1051026.1386,38078.212486,0.001,2028-11-07T00:00:00Z,HOLD,1.9086856729130675,0.2317689871635956
price_sequence_gru,561244,Will Donald Trump Jr. win the 2028 US Presidential Election?,will-donald-trump-jr-win-the-2028-us-presidential-election,0.008500000461935997,1e-06,0.02472382956338769,0.016223829101451693,1.9086856729130675,938.8822370228935,1074572.80561,35781.00180300001,0.001,2028-11-07T00:00:00Z,HOLD,1.9086856729130675,0.2317689871635956
price_sequence_gru,906972,Will the Fed decrease interest rates by 50+ bps after the June 2026 meeting?,will-the-fed-decrease-interest-rates-by-50-bps-after-the-june-2026-meeting,0.008500000461935997,1e-06,0.02472382956338769,0.016223829101451693,1.9086856729130675,64.88223702289352,238677.17282,24309.527109999995,0.001,2026-06-17T00:00:00Z,HOLD,1.9086856729130675,0.2317689871635956
price_sequence_gru,559669,Will Rahm Emanuel win the 2028 Democratic presidential nomination?,will-rahm-emanuel-win-the-2028-democratic-presidential-nomination-299,0.008500000461935997,1e-06,0.02472382956338769,0.016223829101451693,1.9086856729130675,938.8822370228935,890650.58357,23480.473471,0.001,2028-11-07T00:00:00Z,HOLD,1.9086856729130675,0.2317689871635956
price_sequence_gru,561259,Will Ro Khanna win the 2028 US Presidential Election?,will-ro-khanna-win-the-2028-us-presidential-election,0.008500000461935997,1e-06,0.02472382956338769,0.016223829101451693,1.9086856729130675,938.8822370228935,1288983.73018,20718.623430000007,0.001,2028-11-07T00:00:00Z,HOLD,1.9086856729130675,0.2317689871635956
price_sequence_gru,561235,Will Wes Moore win the 2028 US Presidential Election?,will-wes-moore-win-the-2028-us-presidential-election,0.008500000461935997,1e-06,0.02472382956338769,0.016223829101451693,1.9086856729130675,938.8822370228935,1037148.16501,12061.801861000004,0.001,2028-11-07T00:00:00Z,HOLD,1.9086856729130675,0.2317689871635956
price_sequence_gru,842025,Will Malta win Eurovision 2026?,will-malta-win-eurovision-2026,0.008500000461935997,1e-06,0.02472382956338769,0.016223829101451693,1.9086856729130675,32.88223702289351,144071.06902,11307.083848000004,0.001,2026-05-16T00:00:00Z,HOLD,1.9086856729130675,0.2317689871635956
price_sequence_gru,561241,Will JB Pritzker win the 2028 US Presidential Election?,will-jb-pritzker-win-the-2028-us-presidential-election,0.013500000350177288,0.0018174340948462486,0.029411764705882353,0.015911764355705064,1.1786491809606585,938.8822370228935,387993.76556,36514.686327,0.001,2028-11-07T00:00:00Z,HOLD,1.1786491809606585,0.22731091936721518
price_sequence_gru,679032,Will Fabien Roussel win the 2027 French presidential election?,will-fabien-roussel-win-the-2027-french-presidential-election,0.009499999694526196,1e-06,0.02472382956338769,0.015223829868861494,1.6025084587774578,381.88223702289355,133849.65009,246524.31696700002,0.001,2027-04-30T00:00:00Z,HOLD,1.6025084587774578,0.21748328384087848
price_sequence_gru,1632763,Netanyahu out by April 30?,netanyahu-out-by-april-30,0.009499999694526196,1e-06,0.02472382956338769,0.015223829868861494,1.6025084587774578,16.88223702289352,218277.67907,200526.95744800003,0.001,2026-04-30T00:00:00Z,HOLD,1.6025084587774578,0.21748328384087848
price_sequence_gru,561260,Will Thomas Massie win the 2028 US Presidential Election?,will-thomas-massie-win-the-2028-us-presidential-election,0.009499999694526196,1e-06,0.02472382956338769,0.015223829868861494,1.6025084587774578,938.8822370228935,732910.10251,60653.811583,0.001,2028-11-07T00:00:00Z,HOLD,1.6025084587774578,0.21748328384087848
price_sequence_gru,561989,Will Ted Cruz win the 2028 Republican presidential nomination?,will-ted-cruz-win-the-2028-republican-presidential-nomination,0.009499999694526196,1e-06,0.02472382956338769,0.015223829868861494,1.6025084587774578,938.8822370228935,757948.31074,22345.055884999998,0.001,2028-11-07T00:00:00Z,HOLD,1.6025084587774578,0.21748328384087848
price_sequence_gru,561236,Will Gretchen Whitmer win the 2028 US Presidential Election?,will-gretchen-whitmer-win-the-2028-us-presidential-election,0.009499999694526196,1e-06,0.02472382956338769,0.015223829868861494,1.6025084587774578,938.8822370228935,857920.7813,17687.682101000002,0.001,2028-11-07T00:00:00Z,HOLD,1.6025084587774578,0.21748328384087848
price_sequence_gru,561258,Will Jamie Dimon win the 2028 US Presidential Election?,will-jamie-dimon-win-the-2028-us-presidential-election,0.009499999694526196,1e-06,0.02472382956338769,0.015223829868861494,1.6025084587774578,938.8822370228935,615480.59967,14828.787209000002,0.001,2028-11-07T00:00:00Z,HOLD,1.6025084587774578,0.21748328384087848
price_sequence_gru,559673,Will John Fetterman win the 2028 Democratic presidential nomination?,will-john-fetterman-win-the-2028-democratic-presidential-nomination-941,0.009499999694526196,1e-06,0.02472382956338769,0.015223829868861494,1.6025084587774578,938.8822370228935,886161.03733,14727.34611,0.001,2028-11-07T00:00:00Z,HOLD,1.6025084587774578,0.21748328384087848
price_sequence_gru,561257,Will Michelle Obama win the 2028 US Presidential Election?,will-michelle-obama-win-the-2028-us-presidential-election,0.009499999694526196,1e-06,0.02472382956338769,0.015223829868861494,1.6025084587774578,938.8822370228935,1487159.48647,13224.866388,0.002,2028-11-07T00:00:00Z,HOLD,1.6025084587774578,0.21748328384087848
price_sequence_gru,561250,Will Elon Musk win the 2028 US Presidential Election?,will-elon-musk-win-the-2028-us-presidential-election,0.009499999694526196,1e-06,0.02472382956338769,0.015223829868861494,1.6025084587774578,938.8822370228935,1128942.07032,12601.224772999996,0.001,2028-11-07T00:00:00Z,HOLD,1.6025084587774578,0.21748328384087848
price_sequence_gru,1823777,"Will Bitcoin reach $75,000 in April?",will-bitcoin-reach-75k-in-april-2026,0.4749999940395355,0.46989926509559155,0.489795918367347,0.01479592432781146,0.031149314765212304,18.048903689560184,96996.1931,35241.70813000001,0.01,2026-05-01T04:00:00Z,HOLD,0.031149314765212304,0.2113703475401637
price_sequence_gru,562794,Will the Republican Party control the Senate after the 2026 Midterm elections?,will-the-republican-party-control-the-senate-after-the-2026-midterm-elections,0.4749999940395355,0.45370655320584774,0.489795918367347,0.01479592432781146,0.031149314765212304,203.88223702289355,210882.4494,23531.299011999996,0.01,2026-11-03T00:00:00Z,HOLD,0.031149314765212304,0.2113703475401637
price_sequence_gru,842009,Will Bulgaria win Eurovision 2026?,will-bulgaria-win-eurovision-2026,0.009999999776482582,1e-06,0.02472382956338769,0.014723829786905108,1.4723830116008356,32.88223702289351,190018.3232,25679.779336,0.002,2026-05-16T00:00:00Z,HOLD,1.4723830116008356,0.2103404255272158
price_sequence_gru,564161,Will Nikola Jokic win the 2025–2026 NBA MVP?,will-nikola-jokic-win-the-20252026-nba-mvp,0.009999999776482582,1e-06,0.02472382956338769,0.014723829786905108,1.4723830116008356,57.88223702289351,92030.81005,25330.583295000004,0.002,2026-06-10T00:00:00Z,HOLD,1.4723830116008356,0.2103404255272158
price_sequence_gru,1439560,"Russia x Ukraine ceasefire by April 30, 2026?",russia-x-ukraine-ceasefire-by-april-30-2026,0.014999999664723873,0.0027943002060055733,0.029411764705882353,0.01441176504115848,0.9607843575524359,16.88223702289352,312441.12845,29572.017382,0.002,2026-04-30T00:00:00Z,HOLD,0.9607843575524359,0.2058823577308354
price_sequence_gru,669663,Will the Fed increase interest rates by 25+ bps after the April 2026 meeting?,will-the-fed-increase-interest-rates-by-25-bps-after-the-april-2026-meeting,0.010499999858438969,1e-06,0.02472382956338769,0.014223829704948721,1.354650466353756,15.882237022893518,196505.43978,964495.830124,0.001,2026-04-29T00:00:00Z,HOLD,1.354650466353756,0.20319756721355314
price_sequence_gru,559665,Will Cory Booker win the 2028 Democratic presidential nomination?,will-corey-booker-win-the-2028-democratic-presidential-nomination-125,0.010499999858438969,1e-06,0.02472382956338769,0.014223829704948721,1.354650466353756,938.8822370228935,1196559.14029,13130.034426,0.001,2028-11-07T00:00:00Z,HOLD,1.354650466353756,0.20319756721355314
price_sequence_gru,561990,Will Elon Musk win the 2028 Republican presidential nomination?,will-elon-musk-win-the-2028-republican-presidential-nomination,0.010999999940395355,1e-06,0.02472382956338769,0.013723829622992335,1.2476208815778485,938.8822370228935,1468074.43604,327488.310096,0.001,2028-11-07T00:00:00Z,HOLD,1.2476208815778485,0.1960547088998905
price_sequence_gru,842011,Will Cyprus win Eurovision 2026?,will-cyprus-win-eurovision-2026,0.010999999940395355,1e-06,0.02472382956338769,0.013723829622992335,1.2476208815778485,32.88223702289351,143719.9958,12797.168419000001,0.002,2026-05-16T00:00:00Z,HOLD,1.2476208815778485,0.1960547088998905
price_sequence_gru,553843,Will the Philadelphia Flyers win the 2026 NHL Stanley Cup?,will-the-philadelphia-flyers-win-the-2026-nhl-stanley-cup,0.010999999940395355,1e-06,0.02472382956338769,0.013723829622992335,1.2476208815778485,77.88223702289352,90756.88171,11578.495047,0.001,2026-06-30T00:00:00Z,HOLD,1.2476208815778485,0.1960547088998905
price_sequence_gru,561976,Will Tulsi Gabbard win the 2028 Republican presidential nomination?,will-tulsi-gabbard-win-the-2028-republican-presidential-nomination,0.011500000022351742,1e-06,0.02472382956338769,0.013223829541035948,1.1498982187246714,938.8822370228935,1318573.79264,133584.467544,0.001,2028-11-07T00:00:00Z,HOLD,1.1498982187246714,0.1889118505862278
price_sequence_gru,842012,Will Czechia win Eurovision 2026?,will-czechia-win-eurovision-2026,0.012500000186264515,1e-06,0.02472382956338769,0.012223829377123175,0.9779063355979141,32.88223702289351,131282.19334,55890.72146,0.001,2026-05-16T00:00:00Z,HOLD,0.9779063355979141,0.17462613395890247
price_sequence_gru,561252,Will Dwayne 'The Rock' Johnson win the 2028 US Presidential Election?,will-dwayne-the-rock-johnson-win-the-2028-us-presidential-election,0.012500000186264515,0.00017777178436517715,0.02472382956338769,0.012223829377123175,0.9779063355979141,938.8822370228935,370608.72329,26252.280657,0.001,2028-11-07T00:00:00Z,HOLD,0.9779063355979141,0.17462613395890247
price_sequence_gru,559659,Will Gretchen Whitmer win the 2028 Democratic presidential nomination?,will-gretchen-whitmer-win-the-2028-democratic-presidential-nomination-676,0.013000000268220901,1e-06,0.02472382956338769,0.011723829295166788,0.901833004098179,938.8822370228935,586467.3406,30860.796139,0.001,2028-11-07T00:00:00Z,HOLD,0.901833004098179,0.16748327564523982
price_sequence_gru,559694,Will Ro Khanna win the 2028 Democratic presidential nomination?,will-ro-khanna-win-the-2028-democratic-presidential-nomination,0.014999999664723873,1e-06,0.02472382956338769,0.009723829898663817,0.6482553410672238,938.8822370228935,275384.20685,491982.584436,0.002,2028-11-07T00:00:00Z,HOLD,0.6482553410672238,0.13891185569519737
price_sequence_gru,1487056,Will Apple be the largest company in the world by market cap on April 30?,will-apple-be-the-largest-company-in-the-world-by-market-cap-on-april-30-541,0.01549999974668026,0.0011347178369760513,0.02472382956338769,0.00922382981670743,0.5950858043518975,16.88223702289352,48796.16454,17600.12064,0.001,2026-04-30T00:00:00Z,HOLD,0.5950858043518975,0.1317689973815347
price_sequence_gru,559657,Will Stephen A. Smith win the 2028 Democratic presidential nomination?,will-stephen-a-smith-win-the-2028-democratic-presidential-nomination-914,0.017999999225139618,1e-06,0.02472382956338769,0.006723830338248072,0.37354614598301006,938.8822370228935,309916.32729,522671.1425849999,0.001,2028-11-07T00:00:00Z,HOLD,0.37354614598301006,0.09605471911782959
price_sequence_gru,540819,Will Jesus Christ return before GTA VI?,will-jesus-christ-return-before-gta-vi-665,0.48500001430511475,0.4606197401881218,0.489795918367347,0.004795904062232237,0.009888461692323006,109.38223702289352,900843.1291,253445.8648470002,0.01,2026-07-31T12:00:00Z,HOLD,0.009888461692323006,0.06851291517474624
price_sequence_gru,665374,Will the U.S. invade Iran before 2027?,will-the-us-invade-iran-before-2027,0.5849999785423279,0.5571405552327633,0.5882352941176471,0.0032353155753191976,0.0055304541777604615,261.88223702289355,242898.1705,782470.9089490002,0.01,2026-12-31T00:00:00Z,HOLD,0.0055304541777604615,0.04621879393313139
price_sequence_gru,1484915,Iran x Israel/US conflict ends by June 30?,iran-x-israelus-conflict-ends-by-june-30-813-454-138-725,0.5849999785423279,0.5588772650808096,0.5882352941176471,0.0032353155753191976,0.0055304541777604615,77.88223702289352,120723.597,169627.818978,0.02,2026-06-30T00:00:00Z,HOLD,0.0055304541777604615,0.04621879393313139
price_sequence_gru,540844,Will bitcoin hit $1m before GTA VI?,will-bitcoin-hit-1m-before-gta-vi-872,0.48750001192092896,0.45785243436694145,0.489795918367347,0.002295906446418028,0.004709551569796509,109.38223702289352,422786.83555,47014.35027699995,0.001,2026-07-31T12:00:00Z,HOLD,0.004709551569796509,0.03279866352025754
price_sequence_gru,929498,Will SpaceX's public ticker be $SPACE?,will-spacexs-public-ticker-be-space-625,0.02250000089406967,1e-06,0.02472382956338769,0.0022238286693180183,0.09883682582004488,626.8822370228935,15979.40437,10815.644678,0.006,2027-12-31T00:00:00Z,HOLD,0.09883682582004488,0.0317689809902574
price_sequence_gru,1705460,"Will Iran conduct a military action against Israel on April 6, 2026?",will-iran-conduct-a-military-action-against-israel-on-april-6-2026,0.9819999933242798,0.993824914097786,0.9824024483550114,0.0004024550307316632,0.00040983200964112736,16.88223702289352,14451.71214,17153.319689000004,0.001,2026-04-30T00:00:00Z,HOLD,0.00040983200964112736,0.005749357581880903
price_sequence_gru,1806236,Chicago Cubs vs. Tampa Bay Rays,mlb-chc-tb-2026-04-06,0.4950000047683716,0.28471751511096954,0.489795918367347,-0.005204086401024599,-0.010513305759380304,0.7225148006712963,97946.0466,10616.528469000003,0.01,2026-04-13T20:10:00Z,HOLD,-0.010513305759380304,0.0
price_sequence_gru,1640919,US forces enter Iran by April 30?,us-forces-enter-iran-by-april-30-899,0.9975000023841858,0.999999,0.9824024483550114,-0.015097554029174343,-0.015135392474274442,16.88223702289352,4877152.72031,35365651.48836588,0.001,2026-04-30T00:00:00Z,HOLD,-0.015135392474274442,0.0
price_sequence_gru,1806245,Milwaukee Brewers vs. Boston Red Sox,mlb-mil-bos-2026-04-06,0.5049999952316284,0.4856277611106634,0.489795918367347,-0.015204076864281435,-0.030107083183847912,0.8301536895601853,158901.092,14631.620277000002,0.01,2026-04-13T22:45:00Z,HOLD,-0.030107083183847912,0.0
price_sequence_gru,1854255,Rolex Monte Carlo Masters: Jakub Mensik vs Fabian Marozsan,atp-mensik-marozsa-2026-04-06,0.6200000047683716,0.8213519752025604,0.597972972972973,-0.022027031795398555,-0.0355274703645006,0.2572370228935185,22589.2247,10772.172415000003,0.02,2026-04-13T09:00:00Z,HOLD,-0.0355274703645006,0.0
price_sequence_gru,562793,Will the Democratic Party control the Senate after the 2026 Midterm elections?,will-the-democratic-party-control-the-senate-after-the-2026-midterm-elections,0.5149999856948853,0.4901597201824188,0.489795918367347,-0.02520406732753827,-0.04893993791772757,203.88223702289355,191533.3332,33472.32213700001,0.01,2026-11-03T00:00:00Z,HOLD,-0.04893993791772757,0.0
price_sequence_gru,564210,Will the Oklahoma City Thunder win the NBA Western Conference Finals?,will-the-oklahoma-city-thunder-win-the-nba-western-conference-finals,0.5149999856948853,0.49074376188218594,0.489795918367347,-0.02520406732753827,-0.04893993791772757,63.88223702289351,88809.3925,10748.101325000001,0.01,2026-06-16T00:00:00Z,HOLD,-0.04893993791772757,0.0
price_sequence_gru,540843,Will China invades Taiwan before GTA VI?,will-china-invades-taiwan-before-gta-vi-716,0.5249999761581421,0.5291957370936871,0.489795918367347,-0.03520405779079511,-0.06705535121813193,109.38223702289352,70733.1052,109182.63174099984,0.01,2026-07-31T12:00:00Z,HOLD,-0.06705535121813193,0.0
price_sequence_gru,1854276,Rolex Monte Carlo Masters: Francisco Cerundolo vs Stefanos Tsitsipas,atp-cerundo-tsitsip-2026-04-06,0.5249999761581421,0.42862197756767273,0.489795918367347,-0.03520405779079511,-0.06705535121813193,0.2572370228935185,44774.7866,22845.96065799999,0.01,2026-04-13T09:00:00Z,HOLD,-0.06705535121813193,0.0
price_sequence_gru,1857434,Shandong Hi-Speed Kirin vs. Guangdong Southern Tigers,bkcba-sha2-gua-2026-04-06,0.625,0.6299547497183084,0.5882352941176471,-0.03676470588235292,-0.05882352941176468,0.3648759117824074,2298.2697,19908.282184999996,0.03,2026-04-13T11:35:00Z,HOLD,-0.05882352941176468,0.0
price_sequence_gru,1484895,US x Iran ceasefire by June 30?,us-x-iran-ceasefire-by-june-30-752-741-257,0.5350000262260437,0.514156049117446,0.489795918367347,-0.04520410785869672,-0.08449365540703256,77.88223702289352,152567.2656,160637.77758999998,0.01,2026-06-30T00:00:00Z,HOLD,-0.08449365540703256,0.0
price_sequence_gru,1712296,Will WTI Crude Oil (WTI) hit (HIGH) $130 in April?,will-wti-reach-130-in-april-2026-388-323-644-662,0.45500001311302185,0.23802633583545685,0.4090909090909091,-0.045909104022112734,-0.10089912681103358,18.04890367798611,56770.2729,356444.9576180004,0.01,2026-05-01T03:59:59.999Z,HOLD,-0.10089912681103358,0.0
price_sequence_gru,1806294,Houston Astros vs. Colorado Rockies,mlb-hou-col-2026-04-06,0.6449999809265137,0.6775102354586124,0.597972972972973,-0.047027007953540645,-0.07291009200649658,0.9100148006712964,117843.0063,18957.719818999998,0.01,2026-04-14T00:40:00Z,HOLD,-0.07291009200649658,0.0
price_sequence_gru,561365,Will Cooper Flagg win the 2025–26 NBA Rookie of the Year award?,will-cooper-flagg-win-the-202526-nba-rookie-of-the-year-award,0.6380000114440918,0.6343864165246487,0.5882352941176471,-0.04976471732644472,-0.07800112293697917,34.88223702289351,20088.50786,49073.452026,0.009,2026-05-18T00:00:00Z,HOLD,-0.07800112293697917,0.0
price_sequence_gru,566187,Will Arsenal win the 2025–26 English Premier League?,will-arsenal-win-the-202526-english-premier-league,0.8650000095367432,0.9595209956169128,0.8012422360248447,-0.06375777351189849,-0.07370840787163044,43.88223702289351,422425.9883,63858.20240300003,0.01,2026-05-27T00:00:00Z,HOLD,-0.07370840787163044,0.0
price_sequence_gru,1357099,Will Bitcoin hit $60k or $80k first?,will-bitcoin-hit-60k-or-80k-first-965,0.5699999928474426,0.5413446165621281,0.489795918367347,-0.08020407448009564,-0.14070890436232308,263.09057035622686,10389.7862,17239.661303999997,0.01,2027-01-01T05:00:00Z,HOLD,-0.14070890436232308,0.0
price_sequence_gru,1806249,Los Angeles Dodgers vs. Toronto Blue Jays,mlb-lad-tor-2026-04-06,0.574999988079071,0.4562220424413681,0.489795918367347,-0.08520406971172406,-0.1481809938750942,0.845431467337963,181829.8506,11146.829699000002,0.01,2026-04-13T23:07:00Z,HOLD,-0.1481809938750942,0.0
price_sequence_gru,1130012,Will United Russia (ER) gain the most seats in the next Russian parliamentary election?,will-united-russia-er-gain-the-most-seats-in-the-next-russian-parliamentary-election,0.675000011920929,0.6472719926387072,0.5882352941176471,-0.08676471780328188,-0.12854032040142496,169.88223702289352,67621.3265,35877.434604999995,0.01,2026-09-30T00:00:00Z,HOLD,-0.12854032040142496,0.0
price_sequence_gru,1632629,Will Javokhir Sindarov win the 2026 FIDE Candidates Tournament?,will-javokhir-sindarov-win-the-2026-fide-candidates-tournament,0.8450000286102295,0.8534771241247654,0.7454545454545455,-0.09954548315568401,-0.11780530152100271,3.882237022893518,32328.0934,78777.50213299996,0.01,2026-04-17T00:00:00Z,HOLD,-0.11780530152100271,0.0
price_sequence_gru,1823778,"Will Bitcoin reach $70,000 in April?",will-bitcoin-reach-70k-in-april-2026,0.9049999713897705,0.926799513399601,0.8012422360248447,-0.10375773536492583,-0.1146494349669309,18.048903689560184,83293.6409,49721.62823600002,0.01,2026-05-01T04:00:00Z,HOLD,-0.1146494349669309,0.0
price_sequence_gru,1517836,Trump announces end of military operations against Iran by June 30th?,trump-announces-end-of-military-operations-against-iran-by-june-30th-566-326-653-781,0.7049999833106995,0.6723956242203712,0.597972972972973,-0.10702701033772644,-0.1518113657749673,78.87876480067129,117113.2487,95440.81793299994,0.01,2026-06-30T23:55:00Z,HOLD,-0.1518113657749673,0.0
price_sequence_gru,1450859,Will the Virginia redistricting referendum pass?,will-the-virginia-redistricting-referendum-pass,0.9150000214576721,0.9039695067331195,0.8012422360248447,-0.11375778543282744,-0.12432544564491016,7.882237022893519,69745.0467,14869.199928999999,0.01,2026-04-21T00:00:00Z,HOLD,-0.12432544564491016,0.0
price_sequence_gru,599323,Will Graham Platner be the Democratic nominee for Senate in Maine?,will-graham-platner-be-the-democratic-nominee-for-senate-in-maine,0.9200000166893005,0.8803091123700142,0.8012422360248447,-0.11875778066445586,-0.12908454185883167,108.88223702289352,49100.2384,30360.50647,0.02,2026-07-31T00:00:00Z,HOLD,-0.12908454185883167,0.0
price_sequence_gru,1705302,"Will Israel take military action in Gaza on April 5, 2026?",will-israel-take-military-action-in-gaza-on-april-5-2026,0.9340000152587891,0.9529669396579266,0.8012422360248447,-0.13275777923394438,-0.14213894760714793,16.88223702289352,16585.038,40770.09264899999,0.016,2026-04-30T00:00:00Z,HOLD,-0.14213894760714793,0.0
price_sequence_gru,1706294,"Will Iran strike UAE by April 30, 2026?",will-iran-strike-uae-by-april-30-2026,0.8784999847412109,0.8483722563832998,0.7454545454545455,-0.13304543928666546,-0.15144614865970438,16.88223702289352,13530.28575,18543.040120999995,0.011,2026-04-30T00:00:00Z,HOLD,-0.15144614865970438,0.0
price_sequence_gru,564162,Will Shai Gilgeous-Alexander win the 2025–2026 NBA MVP?,will-shai-gilgeous-alexander-win-the-20252026-nba-mvp,0.9350000023841858,0.9024355001747608,0.8012422360248447,-0.1337577663593411,-0.1430564342441369,57.88223702289351,77535.3626,21541.577005000006,0.01,2026-06-10T00:00:00Z,HOLD,-0.1430564342441369,0.0
price_sequence_gru,1823779,"Will Bitcoin dip to $65,000 in April?",will-bitcoin-dip-to-65k-in-april-2026,0.625,0.43192876875400543,0.489795918367347,-0.13520408163265302,-0.21632653061224483,18.048903689560184,65214.9651,61618.64103000001,0.01,2026-05-01T04:00:00Z,HOLD,-0.21632653061224483,0.0
price_sequence_gru,1571566,US x Iran ceasefire by December 31?,us-x-iran-ceasefire-by-december-31-969-392,0.7350000143051147,0.7020606808364391,0.597972972972973,-0.13702704133214172,-0.1864313451227482,261.88223702289355,186422.834,65575.22010000002,0.01,2026-12-31T00:00:00Z,HOLD,-0.1864313451227482,0.0
price_sequence_gru,701501,"Will Bitcoin dip to $55,000 by December 31, 2026?",will-bitcoin-dip-to-55000-by-december-31-2026-527-627-868-745-188-361-314-673-612-946-821-624-855-557-684-381,0.7450000047683716,0.7026031985878944,0.597972972972973,-0.14702703179539856,-0.19735171926758688,263.09057035622686,117663.7534,33546.01178000001,0.01,2027-01-01T05:00:00Z,HOLD,-0.19735171926758688,0.0
price_sequence_gru,906974,Will there be no change in Fed interest rates after the June 2026 meeting?,will-there-be-no-change-in-fed-interest-rates-after-the-june-2026-meeting,0.8949999809265137,0.8692108895629644,0.7454545454545455,-0.1495454354719682,-0.16708987559659738,64.88223702289352,192249.6052,60405.30140899998,0.01,2026-06-17T00:00:00Z,HOLD,-0.16708987559659738,0.0
price_sequence_gru,1487054,Will NVIDIA be the largest company in the world by market cap on April 30?,will-nvidia-be-the-largest-company-in-the-world-by-market-cap-on-april-30-161,0.9710000157356262,0.9681198177859187,0.8214285714285714,-0.14957144430705482,-0.15403856012683997,16.88223702289352,123675.68152,35557.241752000016,0.001,2026-04-30T00:00:00Z,HOLD,-0.15403856012683997,0.0
price_sequence_gru,669662,Will there be no change in Fed interest rates after the April 2026 meeting?,will-there-be-no-change-in-fed-interest-rates-after-the-april-2026-meeting,0.9785000085830688,0.9721596334129572,0.8214285714285714,-0.15707143715449745,-0.16052267325163036,15.882237022893518,300785.32433,399817.4586709999,0.001,2026-04-29T00:00:00Z,HOLD,-0.16052267325163036,0.0
price_sequence_gru,1500754,Will Kevin Warsh be confirmed as Fed Chair?,will-kevin-warsh-be-confirmed-as-fed-chair,0.9620000123977661,0.9243008904159069,0.8012422360248447,-0.16075777637292143,-0.1671078734939263,200.88223702289355,406001.08397,41610.425259,0.002,2026-10-31T00:00:00Z,HOLD,-0.1671078734939263,0.0
price_sequence_gru,1854263,Rolex Monte Carlo Masters: Andrey Rublev vs Nuno Borges,atp-rublev-borges-2026-04-06,0.7599999904632568,0.7829318791627884,0.597972972972973,-0.1620270174902838,-0.2131934467413881,0.2572370228935185,41890.0494,70803.80537199999,0.01,2026-04-13T09:00:00Z,HOLD,-0.2131934467413881,0.0
price_sequence_gru,1394299,US forces enter Iran by December 31?,us-forces-enter-iran-by-december-31-573-642-385-371-179-425-262,0.9984999895095825,0.9675766378641129,0.8214285714285714,-0.17707141808101112,-0.17733742608047548,261.88223702289355,606025.18073,2915759.2454829975,0.001,2026-12-31T00:00:00Z,HOLD,-0.17733742608047548,0.0
price_sequence_gru,1040944,Will Xi Jinping meet with Cheng Li-wun by June 30?,will-xi-jinping-meet-with-cheng-li-wun-before-2027,0.9819999933242798,0.9636900331825018,0.8012422360248447,-0.1807577572994351,-0.1840710371978023,77.88223702289352,39467.89591,15207.494905000003,0.003,2026-06-30T00:00:00Z,HOLD,-0.1840710371978023,0.0
price_sequence_gru,1712297,Will WTI Crude Oil (WTI) hit (HIGH) $120 in April?,will-wti-reach-120-in-april-2026-661-675-724-482,0.6850000023841858,0.4405796676874161,0.489795918367347,-0.1952040840168388,-0.28496946472615864,18.04890367798611,32667.5195,188137.33993099994,0.01,2026-05-01T03:59:59.999Z,HOLD,-0.28496946472615864,0.0
price_sequence_gru,1652672,Will Crude Oil (CL) hit (HIGH) $115 by end of June?,will-crude-oil-cl-hit-high-115-by-end-of-june-217-913-468-473,0.8349999785423279,0.8195932470262051,0.597972972972973,-0.23702700556935485,-0.2838646846232697,78.65307035622685,27763.1122,22030.071572000004,0.03,2026-06-30T18:30:00Z,HOLD,-0.2838646846232697,0.0
price_sequence_gru,1571571,Iran x Israel/US conflict ends by December 31?,iran-x-israelus-conflict-ends-by-december-31-788-548,0.8450000286102295,0.8038192614912987,0.597972972972973,-0.24702705563725647,-0.2923397009152077,77.88223702289352,105580.2381,95672.00854400001,0.02,2026-06-30T00:00:00Z,HOLD,-0.2923397009152077,0.0
price_sequence_gru,1823798,"Will Ethereum reach $2,200 in April?",will-ethereum-reach-2200-in-april-2026,0.8450000286102295,0.8415166661143303,0.597972972972973,-0.24702705563725647,-0.2923397009152077,18.048903689560184,54576.6777,12703.812338999998,0.01,2026-05-01T04:00:00Z,HOLD,-0.2923397009152077,0.0
hist_gradient_boosting,1357099,Will Bitcoin hit $60k or $80k first?,will-bitcoin-hit-60k-or-80k-first-965,0.5699999928474426,0.8271765979032841,0.8271765979032841,0.2571766050558415,0.4511870320754081,263.09052689350693,10389.7862,17239.661303999997,0.01,2027-01-01T05:00:00Z,HOLD,0.4511870320754081,2.0
hist_gradient_boosting,1641032,"Will another country conduct military action against Iran by April 30, 2026?",will-another-country-conduct-military-action-against-iran-by-april-30-2026,0.2800000011920929,0.48744577870730427,0.48744577870730427,0.20744577751521137,0.7408777736857722,16.88219356017361,37775.9604,17754.832092000004,0.02,2026-04-30T00:00:00Z,STRONG BUY,0.7408777736857722,2.0
hist_gradient_boosting,1823779,"Will Bitcoin dip to $65,000 in April?",will-bitcoin-dip-to-65k-in-april-2026,0.625,0.823618374391283,0.823618374391283,0.19861837439128305,0.31778939902605285,18.048860226840276,65214.9651,61618.64103000001,0.01,2026-05-01T04:00:00Z,STRONG BUY,0.31778939902605285,2.0
hist_gradient_boosting,1808927,"Will Israel launch a ground operation in Iran by May 31, 2026?",will-israel-launch-a-ground-operation-in-iran-by-may-31-2026,0.2800000011920929,0.45968748354249983,0.45968748354249983,0.17968748235040694,0.6417410056621144,47.88219356017361,12594.0045,31209.37657600001,0.04,2026-05-31T00:00:00Z,HOLD,0.6417410056621144,2.0
hist_gradient_boosting,1838758,Kash Patel out by April 30?,kash-patel-out-by-april-30-481,0.2150000035762787,0.38227892738893826,0.38227892738893826,0.16727892381265957,0.7780414931635645,77.8821935601736,85900.6152,14717.691536999997,0.01,2026-06-30T00:00:00Z,HOLD,0.7780414931635645,2.0
hist_gradient_boosting,665374,Will the U.S. invade Iran before 2027?,will-the-us-invade-iran-before-2027,0.5849999785423279,0.7497957340461487,0.7497957340461487,0.16479575550382086,0.28170215649315106,261.8821935601736,242898.1705,782470.9089490002,0.01,2026-12-31T00:00:00Z,HOLD,0.28170215649315106,2.0
hist_gradient_boosting,701501,"Will Bitcoin dip to $55,000 by December 31, 2026?",will-bitcoin-dip-to-55000-by-december-31-2026-527-627-868-745-188-361-314-673-612-946-821-624-855-557-684-381,0.7450000047683716,0.9089715258725746,0.9089715258725746,0.163971521104203,0.22009600007342747,263.09052689350693,117663.7534,33546.01178000001,0.01,2027-01-01T05:00:00Z,HOLD,0.22009600007342747,2.0
hist_gradient_boosting,1641031,"Will another country conduct military action against Iran by April 15, 2026?",will-another-country-conduct-military-action-against-iran-by-april-15-2026,0.16500000655651093,0.32471710039913726,0.32471710039913726,0.15971709384262633,0.9679823484608454,1.8821935601736113,29875.5459,45585.66833200001,0.01,2026-04-15T00:00:00Z,STRONG BUY,0.9679823484608454,2.0
hist_gradient_boosting,1693734,Will Ukraine re-enter Rodynske by April 30?,will-ukraine-re-enter-rodynske-by-april-30,0.4699999988079071,0.6241917450859911,0.6241917450859911,0.15419174627808396,0.3280675461046191,16.88219356017361,28437.2216,150464.50297899998,0.01,2026-04-30T00:00:00Z,STRONG BUY,0.3280675461046191,2.0
hist_gradient_boosting,1712297,Will WTI Crude Oil (WTI) hit (HIGH) $120 in April?,will-wti-reach-120-in-april-2026-661-675-724-482,0.6850000023841858,0.8242183853863254,0.8242183853863254,0.13921838300213962,0.2032385146242062,18.048860215266203,32667.5195,188137.33993099994,0.01,2026-05-01T03:59:59.999Z,STRONG BUY,0.2032385146242062,1.9888340428877087
hist_gradient_boosting,1854263,Rolex Monte Carlo Masters: Andrey Rublev vs Nuno Borges,atp-rublev-borges-2026-04-06,0.7599999904632568,0.898940717026583,0.898940717026583,0.13894072656332612,0.18281674777210855,0.2571935601736111,41890.0494,70803.80537199999,0.01,2026-04-13T09:00:00Z,BUY,0.18281674777210855,1.9848675223332302
hist_gradient_boosting,1823798,"Will Ethereum reach $2,200 in April?",will-ethereum-reach-2200-in-april-2026,0.8450000286102295,0.976662752716719,0.976662752716719,0.1316627241064895,0.15581386940664962,18.048860226840276,54576.6777,12703.812338999998,0.01,2026-05-01T04:00:00Z,BUY,0.15581386940664962,1.8808960586641355
hist_gradient_boosting,1569627,US x Iran ceasefire by April 15?,us-x-iran-ceasefire-by-april-15-182-528-637,0.1550000011920929,0.2702974567277337,0.2702974567277337,0.1152974555356408,0.7438545461219167,1.8821935601736113,359628.1475,1714295.4178780036,0.01,2026-04-15T00:00:00Z,STRONG BUY,0.7438545461219167,1.6471065076520113
hist_gradient_boosting,540844,Will bitcoin hit $1m before GTA VI?,will-bitcoin-hit-1m-before-gta-vi-872,0.48750001192092896,0.5994696953244196,0.5994696953244196,0.11196968340349067,0.22968139623687192,109.38219356017362,422786.83555,47014.35027699995,0.001,2026-07-31T12:00:00Z,HOLD,0.22968139623687192,1.5995669057641524
hist_gradient_boosting,1708576,Will the Kharg Island oil terminal be hit by April 30?,will-the-kharg-island-oil-terminal-be-hit-by-april-30-484-426,0.375,0.48589230441541187,0.48589230441541187,0.11089230441541187,0.29571281177443165,16.88219356017361,18926.05,15585.745123,0.01,2026-04-30T00:00:00Z,STRONG BUY,0.29571281177443165,1.5841757773630265
hist_gradient_boosting,1652672,Will Crude Oil (CL) hit (HIGH) $115 by end of June?,will-crude-oil-cl-hit-high-115-by-end-of-june-217-913-468-473,0.8349999785423279,0.9288365256629331,0.9288365256629331,0.09383654712060518,0.11237910123592705,78.65302689350695,27763.1122,22030.071572000004,0.03,2026-06-30T18:30:00Z,HOLD,0.11237910123592705,1.3405221017229312
hist_gradient_boosting,616902,Will no Fed rate cuts happen in 2026?,will-no-fed-rate-cuts-happen-in-2026,0.3944999873638153,0.48497450310782103,0.48497450310782103,0.09047451574400572,0.22933971772366224,261.8821935601736,76688.48524,19897.411217,0.002,2026-12-31T00:00:00Z,HOLD,0.22933971772366224,1.2924930820572245
hist_gradient_boosting,1831555,Indian Premier League: Kolkata Knight Riders vs Punjab Kings,cricipl-kol-pun-2026-04-06,0.45500001311302185,0.5443794252368847,0.5443794252368847,0.0893794121238628,0.19643826274277706,0.2988602268402778,1392117.7971,40073.36498600004,0.01,2026-04-13T10:00:00Z,BUY,0.19643826274277706,1.2768487446266112
hist_gradient_boosting,1823778,"Will Bitcoin reach $70,000 in April?",will-bitcoin-reach-70k-in-april-2026,0.9049999713897705,0.9897974649829712,0.9897974649829712,0.08479749359320066,0.09369889091043915,18.048860226840276,83293.6409,49721.62823600002,0.01,2026-05-01T04:00:00Z,HOLD,0.09369889091043915,1.2113927656171521
hist_gradient_boosting,906974,Will there be no change in Fed interest rates after the June 2026 meeting?,will-there-be-no-change-in-fed-interest-rates-after-the-june-2026-meeting,0.8949999809265137,0.9772961025491733,0.9772961025491733,0.08229612162265965,0.09195097583964841,64.8821935601736,192249.6052,60405.30140899998,0.01,2026-06-17T00:00:00Z,HOLD,0.09195097583964841,1.1756588803237091
hist_gradient_boosting,1811266,"Will China invade Taiwan by June 30, 2027?",will-china-invade-taiwan-by-june-30-2027,0.1550000011920929,0.22694654677969817,0.22694654677969817,0.07194654558760527,0.46417125828561295,442.8821935601736,110657.4524,37169.623276,0.01,2027-06-30T00:00:00Z,HOLD,0.46417125828561295,1.0278077941086465
hist_gradient_boosting,1712294,Will WTI Crude Oil (WTI) hit (HIGH) $150 in April?,will-wti-reach-150-in-april-2026-838-235-638,0.17499999701976776,0.2440565186592402,0.2440565186592402,0.06905652163947243,0.39460870180284574,18.048860215266203,100373.8855,89030.12167900002,0.01,2026-05-01T03:59:59.999Z,BUY,0.39460870180284574,0.9865217377067489
hist_gradient_boosting,1571571,Iran x Israel/US conflict ends by December 31?,iran-x-israelus-conflict-ends-by-december-31-788-548,0.8450000286102295,0.9137503370295058,0.9137503370295058,0.06875030841927632,0.0813613089840362,77.8821935601736,105580.2381,95672.00854400001,0.02,2026-06-30T00:00:00Z,HOLD,0.0813613089840362,0.9821472631325188
hist_gradient_boosting,566188,Will Manchester City win the 2025–26 English Premier League?,will-manchester-city-win-the-202526-english-premier-league,0.13500000536441803,0.20341838100357154,0.20341838100357154,0.06841837563915351,0.5068027623737158,43.88219356017361,828603.1362,82474.365601,0.01,2026-05-27T00:00:00Z,HOLD,0.5068027623737158,0.9774053662736215
hist_gradient_boosting,1664037,Will Anthropic have the best AI model at the end of April 2026?,will-anthropic-have-the-best-ai-model-at-the-end-of-april-2026,0.9049999713897705,0.9729729107497155,0.9729729107497155,0.06797293935994497,0.07510822266166681,16.88219356017361,42954.3684,14739.632816000001,0.01,2026-04-30T00:00:00Z,HOLD,0.07510822266166681,0.9710419908563567
hist_gradient_boosting,958443,Will the Iranian regime fall by June 30?,will-the-iranian-regime-fall-by-june-30,0.13500000536441803,0.20129680464325375,0.20129680464325375,0.06629679927883572,0.49108738255139045,77.8821935601736,1512677.5911,485738.3817199996,0.01,2026-06-30T00:00:00Z,HOLD,0.49108738255139045,0.9470971325547959
hist_gradient_boosting,1797341,Will the Kharg Island oil terminal be hit by April 15?,will-the-kharg-island-oil-terminal-be-hit-by-april-15,0.22499999403953552,0.28810531063837314,0.28810531063837314,0.06310531659883761,0.28046808120247846,1.8821935601736113,16714.9887,11252.970626000002,0.01,2026-04-15T00:00:00Z,BUY,0.28046808120247846,0.9015045228405373
hist_gradient_boosting,1797770,Crude Oil all time high by April 30?,crude-oil-all-time-high-by-april-30,0.2150000035762787,0.2778432348826528,0.2778432348826528,0.06284323130637409,0.29229409423743696,16.88219356017361,24181.1929,10916.688904,0.02,2026-04-30T00:00:00Z,BUY,0.29229409423743696,0.8977604472339156
hist_gradient_boosting,1450859,Will the Virginia redistricting referendum pass?,will-the-virginia-redistricting-referendum-pass,0.9150000214576721,0.9695939220815262,0.9695939220815262,0.05459390062385405,0.05966546376346677,7.882193560173611,69745.0467,14869.199928999999,0.01,2026-04-21T00:00:00Z,HOLD,0.05966546376346677,0.7799128660550578
hist_gradient_boosting,1628449,"Will Israel launch a ground operation in Iran by April 30, 2026?",will-israel-launch-a-ground-operation-in-iran-by-april-30-2026,0.23999999463558197,0.292846748323823,0.292846748323823,0.052846753688241044,0.22019481195607526,16.88219356017361,22949.8007,161190.00442599997,0.01,2026-04-30T00:00:00Z,BUY,0.22019481195607526,0.7549536241177291
hist_gradient_boosting,540843,Will China invades Taiwan before GTA VI?,will-china-invades-taiwan-before-gta-vi-716,0.5249999761581421,0.5728131832687816,0.5728131832687816,0.04781320711063952,0.09107277958473103,109.38219356017362,70733.1052,109182.63174099984,0.01,2026-07-31T12:00:00Z,HOLD,0.09107277958473103,0.6830458158662788
hist_gradient_boosting,1122084,OKX IPO in 2026?,okx-ipo-in-2026,0.15000000596046448,0.1977266764598339,0.1977266764598339,0.047726670499369434,0.3181777906858801,263.09052689350693,36992.4228,11249.362003,0.02,2027-01-01T05:00:00Z,HOLD,0.3181777906858801,0.6818095785624204
hist_gradient_boosting,951183,Will the Bharatiya Janata Party (BJP) win the most seats in the 2026 West Bengal Legislative Assembly election?,will-the-bharatiya-janata-party-bjp-win-the-most-seats-in-the-2026-west-bengal-legislative-assembly-election,0.2750000059604645,0.3212328438770939,0.3212328438770939,0.04623283791662941,0.16811940696203512,15.88219356017361,12397.65694,16913.548023,0.007,2026-04-29T00:00:00Z,BUY,0.16811940696203512,0.6604691130947058
hist_gradient_boosting,1484915,Iran x Israel/US conflict ends by June 30?,iran-x-israelus-conflict-ends-by-june-30-813-454-138-725,0.5849999785423279,0.6286250445378431,0.6286250445378431,0.04362506599551519,0.07457276512080878,77.8821935601736,120723.597,169627.818978,0.02,2026-06-30T00:00:00Z,HOLD,0.07457276512080878,0.6232152285073598
hist_gradient_boosting,1806294,Houston Astros vs. Colorado Rockies,mlb-hou-col-2026-04-06,0.6449999809265137,0.6882581041281862,0.6882581041281862,0.04325812320167255,0.06706685966026571,0.9099713379513888,117843.0063,18957.719818999998,0.01,2026-04-14T00:40:00Z,HOLD,0.06706685966026571,0.617973188595322
hist_gradient_boosting,1662802,Trump announces end of military operations against Iran by April 15th?,trump-announces-end-of-military-operations-against-iran-by-april-15th-962-364-677,0.13500000536441803,0.1769653095935918,0.1769653095935918,0.04196530422917377,0.3108540930490553,2.878721337951389,90803.1866,246533.738679,0.01,2026-04-15T23:55:00Z,BUY,0.3108540930490553,0.5995043461310539
hist_gradient_boosting,1806236,Chicago Cubs vs. Tampa Bay Rays,mlb-chc-tb-2026-04-06,0.4950000047683716,0.5342875577462142,0.5342875577462142,0.03928755297784259,0.07936879313006603,0.7224713379513888,97946.0466,10616.528469000003,0.01,2026-04-13T20:10:00Z,HOLD,0.07936879313006603,0.5612507568263226
hist_gradient_boosting,1500754,Will Kevin Warsh be confirmed as Fed Chair?,will-kevin-warsh-be-confirmed-as-fed-chair,0.9620000123977661,0.9992853065781244,0.9992853065781244,0.03728529418035831,0.03875810155908985,200.8821935601736,406001.08397,41610.425259,0.002,2026-10-31T00:00:00Z,HOLD,0.03875810155908985,0.5326470597194044
hist_gradient_boosting,1517836,Trump announces end of military operations against Iran by June 30th?,trump-announces-end-of-military-operations-against-iran-by-june-30th-566-326-653-781,0.7049999833106995,0.7399754922404063,0.7399754922404063,0.0349755089297068,0.049610652138544514,78.87872133795139,117113.2487,95440.81793299994,0.01,2026-06-30T23:55:00Z,HOLD,0.049610652138544514,0.49965012756724
hist_gradient_boosting,1791569,Will MrBeast's next video get between 80 and 90 million views on week 1?,will-mrbeasts-next-video-get-between-80-and-90-million-views-on-week-1-143,0.30000001192092896,0.33227257139871985,0.33227257139871985,0.032272559477790896,0.10757519398464883,47.88219356017361,9199.4249,34394.640294,0.03,2026-05-31T00:00:00Z,HOLD,0.10757519398464883,0.46103656396844134
hist_gradient_boosting,1795678,"Naim Qassem out as Hezbollah’s secretary-general by April 30, 2026?",naim-qassem-out-as-hezbollahs-secretary-general-by-april-30-2026,0.17499999701976776,0.20376522067611036,0.20376522067611036,0.028765223656342598,0.16437270940692256,16.88219356017361,33359.2145,13677.836112000003,0.01,2026-04-30T00:00:00Z,HOLD,0.16437270940692256,0.41093176651917995
hist_gradient_boosting,1854255,Rolex Monte Carlo Masters: Jakub Mensik vs Fabian Marozsan,atp-mensik-marozsa-2026-04-06,0.6200000047683716,0.6478116665649458,0.6478116665649458,0.02781166179657424,0.04485751868173697,0.2571935601736111,22589.2247,10772.172415000003,0.02,2026-04-13T09:00:00Z,HOLD,0.04485751868173697,0.3973094542367748
hist_gradient_boosting,1806249,Los Angeles Dodgers vs. Toronto Blue Jays,mlb-lad-tor-2026-04-06,0.574999988079071,0.602653480824903,0.602653480824903,0.027653492745831953,0.0480930318593836,0.8453880046180555,181829.8506,11146.829699000002,0.01,2026-04-13T23:07:00Z,HOLD,0.0480930318593836,0.3950498963690279
hist_gradient_boosting,1487054,Will NVIDIA be the largest company in the world by market cap on April 30?,will-nvidia-be-the-largest-company-in-the-world-by-market-cap-on-april-30-161,0.9710000157356262,0.9984329498647463,0.9984329498647463,0.027432934129120068,0.02825224890273248,16.88219356017361,123675.68152,35557.241752000016,0.001,2026-04-30T00:00:00Z,HOLD,0.02825224890273248,0.3918990589874295
hist_gradient_boosting,1708109,Kharg Island no longer under Iranian control by May 31?,kharg-island-no-longer-under-iranian-control-by-may-31-689,0.2750000059604645,0.2996930584315388,0.2996930584315388,0.02469305247107434,0.08979291613042492,48.87872133795138,72839.1802,39773.434977,0.01,2026-05-31T23:55:00Z,HOLD,0.08979291613042492,0.3527578924439191
hist_gradient_boosting,558934,Will Spain win the 2026 FIFA World Cup?,will-spain-win-the-2026-fifa-world-cup-963,0.15950000286102295,0.18409764526058411,0.18409764526058411,0.024597642399561165,0.15421719096139336,97.88219356017362,813317.81964,422771.9143000002,0.001,2026-07-20T00:00:00Z,HOLD,0.15421719096139336,0.35139489142230235
hist_gradient_boosting,566136,Will PSG win the 2025–26 Champions League?,will-psg-win-the-202526-champions-league,0.14499999582767487,0.16665407782877475,0.16665407782877475,0.02165408200109989,0.14933850085647357,47.88219356017361,256549.7685,50020.19135800001,0.01,2026-05-31T00:00:00Z,HOLD,0.14933850085647357,0.3093440285871412
hist_gradient_boosting,669662,Will there be no change in Fed interest rates after the April 2026 meeting?,will-there-be-no-change-in-fed-interest-rates-after-the-april-2026-meeting,0.9785000085830688,0.9991993811530151,0.9991993811530151,0.02069937256994625,0.021154187417862447,15.88219356017361,300785.32433,399817.4586709999,0.001,2026-04-29T00:00:00Z,HOLD,0.021154187417862447,0.29570532242780356
hist_gradient_boosting,1823777,"Will Bitcoin reach $75,000 in April?",will-bitcoin-reach-75k-in-april-2026,0.4749999940395355,0.49547151416600277,0.49547151416600277,0.020471520126467246,0.043097937649159944,18.048860226840276,96996.1931,35241.70813000001,0.01,2026-05-01T04:00:00Z,HOLD,0.043097937649159944,0.29245028752096064
hist_gradient_boosting,1571566,US x Iran ceasefire by December 31?,us-x-iran-ceasefire-by-december-31-969-392,0.7350000143051147,0.7536794125953109,0.7536794125953109,0.01867939829019616,0.025414146838971256,261.8821935601736,186422.834,65575.22010000002,0.01,2026-12-31T00:00:00Z,HOLD,0.025414146838971256,0.26684854700280225
hist_gradient_boosting,1823776,"Will Bitcoin reach $80,000 in April?",will-bitcoin-reach-80k-in-april-2026,0.17499999701976776,0.19297222293163888,0.19297222293163888,0.017972225911871115,0.10269843553106459,18.048860226840276,73054.7708,71968.84154899999,0.01,2026-05-01T04:00:00Z,HOLD,0.10269843553106459,0.2567460844553016
hist_gradient_boosting,1712295,Will WTI Crude Oil (WTI) hit (HIGH) $140 in April?,will-wti-reach-140-in-april-2026-594-853-293,0.28999999165534973,0.3079659840261243,0.3079659840261243,0.017965992370774564,0.06195169961289597,18.048860215266203,38995.8188,127668.98808099987,0.01,2026-05-01T03:59:59.999Z,HOLD,0.06195169961289597,0.25665703386820804
hist_gradient_boosting,1705460,"Will Iran conduct a military action against Israel on April 6, 2026?",will-iran-conduct-a-military-action-against-israel-on-april-6-2026,0.9819999933242798,0.9996725567887129,0.9996725567887129,0.017672563464433133,0.017996500595287918,16.88219356017361,14451.71214,17153.319689000004,0.001,2026-04-30T00:00:00Z,HOLD,0.017996500595287918,0.25246519234904474
hist_gradient_boosting,1040944,Will Xi Jinping meet with Cheng Li-wun by June 30?,will-xi-jinping-meet-with-cheng-li-wun-before-2027,0.9819999933242798,0.9992192280866257,0.9992192280866257,0.01721923476234588,0.01753486240265144,77.8821935601736,39467.89591,15207.494905000003,0.003,2026-06-30T00:00:00Z,HOLD,0.01753486240265144,0.24598906803351256
hist_gradient_boosting,609655,US recession by end of 2026?,us-recession-by-end-of-2026,0.32499998807907104,0.34179231266143795,0.34179231266143795,0.016792324582366902,0.05166869291786375,292.8821935601736,63937.1686,11519.493964000003,0.01,2027-01-31T00:00:00Z,HOLD,0.05166869291786375,0.23989035117667
hist_gradient_boosting,663583,Will the Iranian regime fall before 2027?,will-the-iranian-regime-fall-by-the-end-of-2026,0.26499998569488525,0.28122041230979994,0.28122041230979994,0.016220426614914685,0.06120916034158018,261.8821935601736,465477.6456,61979.149121,0.01,2026-12-31T00:00:00Z,HOLD,0.06120916034158018,0.2317203802130669
hist_gradient_boosting,1823781,"Will Bitcoin dip to $55,000 in April?",will-bitcoin-dip-to-55k-in-april-2026,0.125,0.14103838945116895,0.14103838945116895,0.01603838945116895,0.1283071156093516,18.048860226840276,131910.4204,79109.08847399999,0.01,2026-05-01T04:00:00Z,HOLD,0.1283071156093516,0.22911984930241355
hist_gradient_boosting,566227,Will Real Madrid win the 2025–26 La Liga?,will-real-madrid-win-the-202526-la-liga,0.04500000178813934,0.06058654237632135,0.06058654237632135,0.015586540588182006,0.34636755486285675,46.88219356017361,164434.4878,12147.21165,0.01,2026-05-30T00:00:00Z,HOLD,0.34636755486285675,0.2226648655454572
hist_gradient_boosting,1748641,"Will Claude 5 be released by May 31, 2026?",will-claude-5-be-released-by-may-31-2026,0.28999999165534973,0.30349481040106696,0.30349481040106696,0.01349481874571723,0.04653385908284831,47.88219356017361,25797.309,13131.834062000002,0.02,2026-05-31T00:00:00Z,HOLD,0.04653385908284831,0.19278312493881755
hist_gradient_boosting,1705302,"Will Israel take military action in Gaza on April 5, 2026?",will-israel-take-military-action-in-gaza-on-april-5-2026,0.9340000152587891,0.942972682328153,0.942972682328153,0.008972667069363949,0.0096067097674274,16.88219356017361,16585.038,40770.09264899999,0.016,2026-04-30T00:00:00Z,HOLD,0.0096067097674274,0.12818095813377067
hist_gradient_boosting,665325,US-Iran nuclear deal before 2027?,us-iran-nuclear-deal-before-2027,0.4050000011920929,0.41350570052057295,0.41350570052057295,0.008505699328480054,0.02100172667517048,261.8821935601736,54907.2504,33445.472782,0.01,2026-12-31T00:00:00Z,HOLD,0.02100172667517048,0.1215099904068579
hist_gradient_boosting,566146,Will Atletico Madrid win the 2025–26 Champions League?,will-atletico-madrid-win-the-202526-champions-league,0.03449999913573265,0.04273803499520677,0.04273803499520677,0.008238035859474122,0.23878365408252283,47.88219356017361,304381.65901,365129.819257,0.001,2026-05-31T00:00:00Z,HOLD,0.23878365408252283,0.11768622656391602
hist_gradient_boosting,558954,Will Tunisia win the 2026 FIFA World Cup?,will-tunisia-win-the-2026-fifa-world-cup-165,0.0035000001080334187,0.005601247179130049,0.005601247179130049,0.00210124707109663,0.6003562874965965,97.88219356017362,2420352.18949,148162.16388000007,0.001,2026-07-20T00:00:00Z,HOLD,0.6003562874965965,0.030017815301380424
hist_gradient_boosting,1640919,US forces enter Iran by April 30?,us-forces-enter-iran-by-april-30-899,0.9975000023841858,0.9993724424918348,0.9993724424918348,0.001872440107648976,0.001877132935512323,16.88219356017361,4877152.72031,35365651.48836588,0.001,2026-04-30T00:00:00Z,HOLD,0.001877132935512323,0.02674914439498537
hist_gradient_boosting,569367,Will Mauricio Cardenas win the 2026 Colombian presidential election?,will-mauricio-cardenas-win-the-2026-colombian-presidential-election,0.0005000000237487257,0.0018781641705882585,0.0018781641705882585,0.0013781641468395328,2.7563281627605027,69.46552689350695,97946.47415,216771.84,0.001,2026-06-21T14:00:00Z,HOLD,2.7563281627605027,0.019688059240564753
hist_gradient_boosting,566186,Will Liverpool win the 2025–26 English Premier League?,will-liverpool-win-the-202526-english-premier-league,0.0005000000237487257,0.0018743954978477303,0.0018743954978477303,0.0013743954740990047,2.748790817637451,43.88219356017361,1386805.54404,17490.81,0.001,2026-05-27T00:00:00Z,HOLD,2.748790817637451,0.019634221058557208
hist_gradient_boosting,1500756,Will Kevin Hassett be confirmed as Fed Chair?,will-kevin-hassett-be-confirmed-as-fed-chair,0.0024999999441206455,0.00370908590045238,0.00370908590045238,0.0012090859563317347,0.4836343933427649,200.8821935601736,83491.52424,16582.576665,0.001,2026-10-31T00:00:00Z,HOLD,0.4836343933427649,0.01727265651902478
hist_gradient_boosting,1105754,Will Richard Grenell be the leader of Venezuela end of 2026?,will-richard-grenell-be-the-leader-of-venezuela-end-of-2026,0.0005000000237487257,0.0014090369512771113,0.0014090369512771113,0.0009090369275283857,1.8180737687029012,261.8821935601736,104415.07464,26000.0,0.001,2026-12-31T00:00:00Z,HOLD,1.8180737687029012,0.01298624182183408
hist_gradient_boosting,1794970,Will Udinese place 2nd for the 2025-26 Serie A season?,will-udinese-place-2nd-for-the-2025-26-serie-a-season,0.0005000000237487257,0.0012793602837474567,0.0012793602837474567,0.0007793602599987311,1.5587204459622137,48.882193560173604,10171.77485,16181.0,0.001,2026-06-01T00:00:00Z,HOLD,1.5587204459622137,0.011133717999981871
hist_gradient_boosting,561373,Will Cedric Coward win the 2025–26 NBA Rookie of the Year award?,will-cedric-coward-win-the-202526-nba-rookie-of-the-year-award,0.0005000000237487257,0.001246470271996177,0.001246470271996177,0.0007464702482474514,1.4929404255840377,34.88219356017361,16337.66495,76810.0,0.001,2026-05-18T00:00:00Z,HOLD,1.4929404255840377,0.010663860689249304
hist_gradient_boosting,1394299,US forces enter Iran by December 31?,us-forces-enter-iran-by-december-31-573-642-385-371-179-425-262,0.9984999895095825,0.9992126221852742,0.9992126221852742,0.0007126326756916601,0.0007137032380357586,261.8821935601736,606025.18073,2915759.2454829975,0.001,2026-12-31T00:00:00Z,HOLD,0.0007137032380357586,0.010180466795595143
hist_gradient_boosting,1823801,"Will Ethereum dip to $1,600 in April?",will-ethereum-dip-to-1600-in-april-2026,0.13500000536441803,0.1356249373257327,0.1356249373257327,0.000624931961314662,0.004629125455422948,18.048860226840276,43146.3949,30574.043034,0.01,2026-05-01T04:00:00Z,HOLD,0.004629125455422948,0.008927599447352313
hist_gradient_boosting,1535972,Iran leadership change by April 30?,iran-leadership-change-by-april-30,0.1550000011920929,0.1556014960289733,0.1556014960289733,0.0006014948368804063,0.0038806118209958485,16.88219356017361,51992.4612,276078.088779,0.01,2026-04-30T00:00:00Z,HOLD,0.0038806118209958485,0.008592783384005803
hist_gradient_boosting,561371,Will Derik Queen win the 2025–26 NBA Rookie of the Year award?,will-derik-queen-win-the-202526-nba-rookie-of-the-year-award,0.0005000000237487257,0.0009731907507401005,0.0009731907507401005,0.00047319072699137483,0.9463814090320448,34.88219356017361,11028.45491,94865.0,0.001,2026-05-18T00:00:00Z,HOLD,0.9463814090320448,0.0067598675284482115
hist_gradient_boosting,1854150,"Will Elon Musk post 0-19 tweets from April 7 to April 14, 2026?",elon-musk-of-tweets-april-7-april-14-0-19,0.0005000000237487257,0.0009389915840172102,0.0009389915840172102,0.0004389915602684845,0.8779830788350105,1.5488602268402778,122152.61568,22150.0,0.001,2026-04-14T16:00:00Z,HOLD,0.8779830788350105,0.006271308003835492
hist_gradient_boosting,566191,Will Manchester United win the 2025–26 English Premier League?,will-manchester-united-win-the-202526-english-premier-league,0.001500000013038516,0.001919575831392031,0.001919575831392031,0.0004195758183535149,0.2797172098042784,43.88219356017361,460262.82411,147686.56799999994,0.001,2026-05-27T00:00:00Z,HOLD,0.2797172098042784,0.005993940262193069
hist_gradient_boosting,1105751,Will Evan Pettus be the leader of Venezuela end of 2026?,will-evan-pettus-be-the-leader-of-venezuela-end-of-2026,0.0005000000237487257,0.0007387051632999078,0.0007387051632999078,0.0002387051395511821,0.4774102564265938,261.8821935601736,95856.31665,105701.75999999998,0.001,2026-12-31T00:00:00Z,HOLD,0.4774102564265938,0.0034100734221597442
hist_gradient_boosting,1706395,"Military action against Iran ends on April 5, 2026?",military-action-against-iran-ends-on-april-5-2026,0.0005000000237487257,0.0006985889502595414,0.0006985889502595414,0.00019858892651081574,0.39717783415669666,16.88219356017361,28390.81393,11391.1955,0.001,2026-04-30T00:00:00Z,HOLD,0.39717783415669666,0.0028369846644402245
hist_gradient_boosting,566229,Will Atletico Madrid win the 2025–26 La Liga?,will-atletico-madrid-win-the-202526-la-liga,0.0024999999441206455,0.002623138820750211,0.002623138820750211,0.00012313887662956545,0.04925555175277355,46.88219356017361,373831.84531,128361.78800000002,0.001,2026-05-30T00:00:00Z,HOLD,0.04925555175277355,0.0017591268089937918
hist_gradient_boosting,558964,Will South Africa win the 2026 FIFA World Cup?,will-south-africa-win-the-2026-fifa-world-cup,0.0024999999441206455,0.0025089407973119295,0.0025089407973119295,8.940853191283932e-06,0.0035763413564510313,97.88219356017362,2486487.21345,127979.7413329999,0.001,2026-07-20T00:00:00Z,HOLD,0.0035763413564510313,0.000127726474161199
hist_gradient_boosting,1500768,Will Scott Bessent be confirmed as Fed Chair?,will-scott-bessent-be-confirmed-as-fed-chair,0.0024999999441206455,0.002458998565461348,0.002458998565461348,-4.100137865929764e-05,-0.016400551830299957,200.8821935601736,237322.60516,105225.97116599997,0.001,2026-10-31T00:00:00Z,HOLD,-0.016400551830299957,0.0
hist_gradient_boosting,566230,Will Villarreal win the 2025–26 La Liga?,will-villarreal-win-the-202526-la-liga,0.001500000013038516,0.0013611612984350278,0.0013611612984350278,-0.00013883871460348821,-0.09255914226443623,46.88219356017361,555992.48597,129504.53999999985,0.001,2026-05-30T00:00:00Z,HOLD,-0.09255914226443623,0.0
hist_gradient_boosting,558971,Will Qatar win the 2026 FIFA World Cup?,will-qatar-win-the-2026-fifa-world-cup,0.0024999999441206455,0.002333354218053635,0.002333354218053635,-0.00016664572606701032,-0.06665829191673306,97.88219356017362,1817653.01651,147373.64200000023,0.001,2026-07-20T00:00:00Z,HOLD,-0.06665829191673306,0.0
hist_gradient_boosting,599323,Will Graham Platner be the Democratic nominee for Senate in Maine?,will-graham-platner-be-the-democratic-nominee-for-senate-in-maine,0.9200000166893005,0.9196745082801742,0.9196745082801742,-0.0003255084091263738,-0.000353813481762472,108.88219356017362,49100.2384,30360.50647,0.02,2026-07-31T00:00:00Z,HOLD,-0.000353813481762472,0.0
hist_gradient_boosting,1854235,"Will Elon Musk post 580+ tweets from April 7 to April 14, 2026?",elon-musk-of-tweets-april-7-april-14-580plus,0.001500000013038516,0.0011648891499855395,0.0011648891499855395,-0.00033511086305297653,-0.2234072400933851,1.5488602268402778,44906.70327,12715.266,0.001,2026-04-14T16:00:00Z,HOLD,-0.2234072400933851,0.0
hist_gradient_boosting,1632625,Will Hikaru Nakamura win the 2026 FIDE Candidates Tournament?,will-hikaru-nakamura-win-the-2026-fide-candidates-tournament,0.0005000000237487257,0.0001610216097182599,0.0001610216097182599,-0.00033897841403046576,-0.6779567958597116,3.882193560173611,58399.40784,26912.189,0.001,2026-04-17T00:00:00Z,HOLD,-0.6779567958597116,0.0
hist_gradient_boosting,1664047,Will Mistral have the best AI model at the end of April 2026?,will-mistral-have-the-best-ai-model-at-the-end-of-april-2026,0.001500000013038516,0.0010097161830607425,0.0010097161830607425,-0.0004902838299777736,-0.32685588381070524,16.88219356017361,87655.98829,24524.895000000008,0.001,2026-04-30T00:00:00Z,HOLD,-0.32685588381070524,0.0
hist_gradient_boosting,1664040,Will Alibaba have the best AI model at the end of April 2026?,will-alibaba-have-the-best-ai-model-at-the-end-of-april-2026,0.001500000013038516,0.0009876509235706573,0.0009876509235706573,-0.0005123490894678587,-0.34156605667622947,16.88219356017361,85715.16813,16907.051,0.001,2026-04-30T00:00:00Z,HOLD,-0.34156605667622947,0.0
hist_gradient_boosting,1664045,Will Amazon have the best AI model at the end of April 2026?,will-amazon-have-the-best-ai-model-at-the-end-of-april-2026,0.001500000013038516,0.0009713121962921002,0.0009713121962921002,-0.0005286878167464158,-0.3524585414339197,16.88219356017361,97803.34957,26812.54300000001,0.001,2026-04-30T00:00:00Z,HOLD,-0.3524585414339197,0.0
hist_gradient_boosting,1130018,Will Civic Platform (GP) gain the most seats in the next Russian parliamentary election?,will-civic-platform-gp-gain-the-most-seats-in-the-next-russian-parliamentary-election,0.001500000013038516,0.0009456900378492439,0.0009456900378492439,-0.0005543099751892721,-0.3695399802473461,169.88219356017362,37673.62739,19756.399,0.001,2026-09-30T00:00:00Z,HOLD,-0.3695399802473461,0.0
hist_gradient_boosting,1664049,Will Meituan have the best AI model at the end of April 2026?,will-meituan-have-the-best-ai-model-at-the-end-of-april-2026,0.001500000013038516,0.0008171364757319996,0.0008171364757319996,-0.0006828635373065165,-0.45524235424722115,16.88219356017361,93968.58794,11330.956999999997,0.001,2026-04-30T00:00:00Z,HOLD,-0.45524235424722115,0.0
hist_gradient_boosting,564162,Will Shai Gilgeous-Alexander win the 2025–2026 NBA MVP?,will-shai-gilgeous-alexander-win-the-20252026-nba-mvp,0.9350000023841858,0.9342628488666005,0.9342628488666005,-0.0007371535175852983,-0.0007883994820380829,57.882193560173604,77535.3626,21541.577005000006,0.01,2026-06-10T00:00:00Z,HOLD,-0.0007883994820380829,0.0
hist_gradient_boosting,1664043,Will Baidu have the best AI model at the end of April 2026?,will-baidu-have-the-best-ai-model-at-the-end-of-april-2026,0.001500000013038516,0.0007340772817106363,0.0007340772817106363,-0.0007659227313278797,-0.5106151497801439,16.88219356017361,90932.44311,20361.667,0.001,2026-04-30T00:00:00Z,HOLD,-0.5106151497801439,0.0
hist_gradient_boosting,1664042,Will ByteDance have the best AI model at the end of April 2026?,will-bytedance-have-the-best-ai-model-at-the-end-of-april-2026,0.001500000013038516,0.0006924176222958165,0.0006924176222958165,-0.0008075823907426995,-0.538388255815277,16.88219356017361,87412.07514,31808.512000000013,0.001,2026-04-30T00:00:00Z,HOLD,-0.538388255815277,0.0
hist_gradient_boosting,558966,Will Ivory Coast win the 2026 FIFA World Cup?,will-ivory-coast-win-the-2026-fifa-world-cup,0.0044999998062849045,0.0036740453408275232,0.0036740453408275232,-0.0008259544654573812,-0.18354544466953435,97.88219356017362,2668946.80323,125030.00224999995,0.001,2026-07-20T00:00:00Z,HOLD,-0.18354544466953435,0.0
hist_gradient_boosting,558962,Will Jordan win the 2026 FIFA World Cup?,will-jordan-win-the-2026-fifa-world-cup-233,0.0024999999441206455,0.001614359320824518,0.001614359320824518,-0.0008856406232961274,-0.35425625723669535,97.88219356017362,2647196.78221,138520.0864999999,0.001,2026-07-20T00:00:00Z,HOLD,-0.35425625723669535,0.0
hist_gradient_boosting,553835,Will the Washington Capitals win the 2026 NHL Stanley Cup?,will-the-washington-capitals-win-the-2026-nhl-stanley-cup,0.001500000013038516,0.0005714586678917077,0.0005714586678917077,-0.0009285413451468083,-0.6190275580504051,77.8821935601736,147967.32098,19283.350000000002,0.001,2026-06-30T00:00:00Z,HOLD,-0.6190275580504051,0.0
hist_gradient_boosting,558982,Will Iraq win the 2026 FIFA World Cup?,will-iraq-win-the-2026-fifa-world-cup,0.0024999999441206455,0.001530848775092779,0.001530848775092779,-0.0009691511690278665,-0.38766047627603345,97.88219356017362,2601727.09122,111063.9845,0.001,2026-07-20T00:00:00Z,HOLD,-0.38766047627603345,0.0
hist_gradient_boosting,1664044,Will Moonshot have the best AI model at the end of April 2026?,will-moonshot-have-the-best-ai-model-at-the-end-of-april-2026,0.001500000013038516,0.0005074303081145576,0.0005074303081145576,-0.0009925697049239584,-0.6617131308641341,16.88219356017361,82805.71672,17143.7175,0.001,2026-04-30T00:00:00Z,HOLD,-0.6617131308641341,0.0
hist_gradient_boosting,1706396,"Military action against Iran ends on April 6, 2026?",military-action-against-iran-ends-on-april-6-2026,0.001500000013038516,0.0005046830105684498,0.0005046830105684498,-0.0009953170024700662,-0.663544662545619,16.88219356017361,14350.92265,25201.638515,0.001,2026-04-30T00:00:00Z,HOLD,-0.663544662545619,0.0
hist_gradient_boosting,1664046,Will Z.ai have the best AI model at the end of April 2026?,will-zai-have-the-best-ai-model-at-the-end-of-april-2026,0.001500000013038516,0.00048345574159294025,0.00048345574159294025,-0.0010165442714455757,-0.6776961750729489,16.88219356017361,88276.85538,24017.890000000003,0.001,2026-04-30T00:00:00Z,HOLD,-0.6776961750729489,0.0
hist_gradient_boosting,1487059,Will Tesla be the largest company in the world by market cap on April 30?,will-tesla-be-the-largest-company-in-the-world-by-market-cap-on-april-30,0.0024999999441206455,0.0014202431465853646,0.0014202431465853646,-0.001079756797535281,-0.43190272866789065,16.88219356017361,172013.73416,54365.142997,0.001,2026-04-30T00:00:00Z,HOLD,-0.43190272866789065,0.0
hist_gradient_boosting,1632627,Will Wei Yi win the 2026 FIDE Candidates Tournament?,will-wei-yi-win-the-2026-fide-candidates-tournament,0.001500000013038516,0.00039128579594017895,0.00039128579594017895,-0.0011087142170983371,-0.7391428049740079,3.882193560173611,34856.59487,19312.143332,0.001,2026-04-17T00:00:00Z,HOLD,-0.7391428049740079,0.0
hist_gradient_boosting,1105740,Will Edmundo González be the leader of Venezuela end of 2026?,will-edmundo-gonzlez-be-the-leader-of-venezuela-end-of-2026,0.0024999999441206455,0.0013874748225619696,0.0013874748225619696,-0.001112525121558676,-0.4450100585702203,261.8821935601736,54761.92506,18666.430666,0.001,2026-12-31T00:00:00Z,HOLD,-0.4450100585702203,0.0
hist_gradient_boosting,1500757,Will Christopher Waller be confirmed as Fed Chair?,will-christopher-waller-be-confirmed-as-fed-chair,0.0020000000949949026,0.0008845231774807761,0.0008845231774807761,-0.0011154769175141265,-0.5577384322659092,200.8821935601736,69483.38155,132805.71433199986,0.002,2026-10-31T00:00:00Z,HOLD,-0.5577384322659092,0.0
hist_gradient_boosting,558959,Will Iran win the 2026 FIFA World Cup?,will-iran-win-the-2026-fifa-world-cup-788,0.0024999999441206455,0.0012441643088489764,0.0012441643088489764,-0.001255835635271669,-0.5023342653367134,97.88219356017362,2117259.06678,136247.89582800015,0.001,2026-07-20T00:00:00Z,HOLD,-0.5023342653367134,0.0
hist_gradient_boosting,1487061,Will Saudi Aramco be the largest company in the world by market cap on April 30?,will-saudi-aramco-be-the-largest-company-in-the-world-by-market-cap-on-april-30,0.0024999999441206455,0.0012210966102403043,0.0012210966102403043,-0.0012789033338803412,-0.5115613449864236,16.88219356017361,195986.2298,57388.54050000002,0.001,2026-04-30T00:00:00Z,HOLD,-0.5115613449864236,0.0
hist_gradient_boosting,558969,Will Algeria win the 2026 FIFA World Cup?,will-algeria-win-the-2026-fifa-world-cup,0.0035000001080334187,0.0021773177020209494,0.0021773177020209494,-0.0013226824060124692,-0.3779092471958975,97.88219356017362,1535905.6725,649978.9192239997,0.001,2026-07-20T00:00:00Z,HOLD,-0.3779092471958975,0.0
hist_gradient_boosting,558981,Will Congo DR win the 2026 FIFA World Cup?,will-congo-dr-win-the-2026-fifa-world-cup,0.0024999999441206455,0.0011351166286082245,0.0011351166286082245,-0.001364883315512421,-0.5459533384079764,97.88219356017362,2513547.1024,150696.88071799988,0.001,2026-07-20T00:00:00Z,HOLD,-0.5459533384079764,0.0
hist_gradient_boosting,558957,Will New Zealand win the 2026 FIFA World Cup?,will-new-zealand-win-the-2026-fifa-world-cup-635,0.0024999999441206455,0.0010110395136590968,0.0010110395136590968,-0.0014889604304615487,-0.5955841854969633,97.88219356017362,1865906.82118,146140.8416659999,0.001,2026-07-20T00:00:00Z,HOLD,-0.5955841854969633,0.0
hist_gradient_boosting,1130017,Will Rodina gain the most seats in the next Russian parliamentary election?,will-rodina-gain-the-most-seats-in-the-next-russian-parliamentary-election,0.0024999999441206455,0.0009068791646547878,0.0009068791646547878,-0.0015931207794658577,-0.6372483260299531,169.88219356017362,35716.33504,26542.831328,0.001,2026-09-30T00:00:00Z,HOLD,-0.6372483260299531,0.0
hist_gradient_boosting,558970,Will Cape Verde win the 2026 FIFA World Cup?,will-cape-verde-win-the-2026-fifa-world-cup,0.0024999999441206455,0.0008949598388169796,0.0008949598388169796,-0.0016050401053036658,-0.6420160564716434,97.88219356017362,2326791.30605,166021.07033299984,0.001,2026-07-20T00:00:00Z,HOLD,-0.6420160564716434,0.0
hist_gradient_boosting,558977,Will Haiti win the 2026 FIFA World Cup?,will-haiti-win-the-2026-fifa-world-cup,0.0024999999441206455,0.0008504956291817039,0.0008504956291817039,-0.0016495043149389417,-0.6598017407232948,97.88219356017362,2845123.43201,157104.13350000017,0.001,2026-07-20T00:00:00Z,HOLD,-0.6598017407232948,0.0
hist_gradient_boosting,1487055,Will Microsoft be the largest company in the world by market cap on April 30?,will-microsoft-be-the-largest-company-in-the-world-by-market-cap-on-april-30-511,0.0024999999441206455,0.0008318421077489372,0.0008318421077489372,-0.0016681578363717084,-0.667263149463177,16.88219356017361,111503.321,127781.28499700001,0.001,2026-04-30T00:00:00Z,HOLD,-0.667263149463177,0.0
hist_gradient_boosting,842007,Will Azerbaijan win Eurovision 2026?,will-azerbaijan-win-eurovision-2026,0.0024999999441206455,0.0008229972638626205,0.0008229972638626205,-0.0016770026802580252,-0.6708010870967828,32.88219356017361,513842.12708,116194.74483300008,0.001,2026-05-16T00:00:00Z,HOLD,-0.6708010870967828,0.0
hist_gradient_boosting,558960,Will Uzbekistan win the 2026 FIFA World Cup?,will-uzbekistan-win-the-2026-fifa-world-cup-773,0.0024999999441206455,0.0008038799365717609,0.0008038799365717609,-0.0016961200075488847,-0.6784480181840488,97.88219356017362,1854524.62933,112322.58366599996,0.001,2026-07-20T00:00:00Z,HOLD,-0.6784480181840488,0.0
hist_gradient_boosting,1487063,Will Amazon be the largest company in the world by market cap on April 30?,will-amazon-be-the-largest-company-in-the-world-by-market-cap-on-april-30-413,0.0024999999441206455,0.0007666586027004319,0.0007666586027004319,-0.0017333413414202135,-0.693336552065365,16.88219356017361,183502.40193,68146.10332699996,0.001,2026-04-30T00:00:00Z,HOLD,-0.693336552065365,0.0
hist_gradient_boosting,1705289,"Will Israel take military action in Gaza on April 2, 2026?",will-israel-take-military-action-in-gaza-on-april-2-2026,0.0020000000949949026,0.00024603098201637837,0.00024603098201637837,-0.0017539691129785243,-0.8769845148347328,16.88219356017361,8901.2951,12236.834841000002,0.003,2026-04-30T00:00:00Z,HOLD,-0.8769845148347328,0.0
hist_gradient_boosting,842030,Will Portugal win Eurovision 2026?,will-portugal-win-eurovision-2026,0.0024999999441206455,0.0007315627249641828,0.0007315627249641828,-0.0017684372191564628,-0.7073749034736463,32.88219356017361,682848.45057,119125.56416599982,0.001,2026-05-16T00:00:00Z,HOLD,-0.7073749034736463,0.0
hist_gradient_boosting,1823780,"Will Bitcoin dip to $60,000 in April?",will-bitcoin-dip-to-60k-in-april-2026,0.3149999976158142,0.3132207938554673,0.3132207938554673,-0.0017792037603469035,-0.005648265948614028,18.048860226840276,74968.28,69968.74868900003,0.01,2026-05-01T04:00:00Z,HOLD,-0.005648265948614028,0.0
hist_gradient_boosting,1823808,Will Ethereum dip to $200 in April?,will-ethereum-dip-to-200-in-april-2026,0.0024999999441206455,0.0007083514137209309,0.0007083514137209309,-0.0017916485303997147,-0.7166594281784724,18.048860226840276,138972.09688,18216.292999999998,0.001,2026-05-01T04:00:00Z,HOLD,-0.7166594281784724,0.0
hist_gradient_boosting,558978,Will Curaçao win the 2026 FIFA World Cup?,will-curaao-win-the-2026-fifa-world-cup,0.0024999999441206455,0.0006443238816489588,0.0006443238816489588,-0.0018556760624716868,-0.742270441579712,97.88219356017362,2211610.33972,199076.59333299988,0.001,2026-07-20T00:00:00Z,HOLD,-0.742270441579712,0.0
hist_gradient_boosting,553867,Will the Golden State Warriors win the 2026 NBA Finals?,will-the-golden-state-warriors-win-the-2026-nba-finals,0.0024999999441206455,0.0006140740229483,0.0006140740229483,-0.0018859259211723455,-0.7543703853304303,78.8821935601736,1352442.02924,176823.6688309999,0.001,2026-07-01T00:00:00Z,HOLD,-0.7543703853304303,0.0
hist_gradient_boosting,558979,Will Panama win the 2026 FIFA World Cup?,will-team-z-win-the-2026-fifa-world-cup-316,0.0024999999441206455,0.0006087221914241272,0.0006087221914241272,-0.0018912777526965182,-0.7565111179879485,97.88219356017362,2576803.21147,115114.32099999998,0.001,2026-07-20T00:00:00Z,HOLD,-0.7565111179879485,0.0
hist_gradient_boosting,558958,Will Australia win the 2026 FIFA World Cup?,will-australia-win-the-2026-fifa-world-cup-816,0.0024999999441206455,0.0005986960911292191,0.0005986960911292191,-0.0019013038529914264,-0.7605215581955521,97.88219356017362,1776498.60519,1610719.449425,0.001,2026-07-20T00:00:00Z,HOLD,-0.7605215581955521,0.0
hist_gradient_boosting,842006,Will Austria win Eurovision 2026?,will-austria-win-eurovision-2026,0.0024999999441206455,0.0005893433169156774,0.0005893433169156774,-0.0019106566272049682,-0.7642626679645891,32.88219356017361,696779.88908,117463.17016499994,0.001,2026-05-16T00:00:00Z,HOLD,-0.7642626679645891,0.0
hist_gradient_boosting,1609728,Bab el-Mandeb Strait effectively closed by April 30?,bab-el-mandeb-strait-effectively-closed-by-april-30,0.2549999952316284,0.2530892455962872,0.2530892455962872,-0.0019107496353412134,-0.007493135964985373,16.88219356017361,34985.8961,48373.43839700001,0.01,2026-04-30T00:00:00Z,HOLD,-0.007493135964985373,0.0
hist_gradient_boosting,842022,Will Latvia win Eurovision 2026?,will-latvia-win-eurovision-2026,0.0024999999441206455,0.0005780573145263373,0.0005780573145263373,-0.0019219426295943084,-0.7687770690212299,32.88219356017361,679915.9703,115350.21216600001,0.001,2026-05-16T00:00:00Z,HOLD,-0.7687770690212299,0.0
hist_gradient_boosting,842014,Will Estonia win Eurovision 2026?,will-estonia-win-eurovision-2026,0.0024999999441206455,0.0005534228372478003,0.0005534228372478003,-0.0019465771068728453,-0.7786308601528941,32.88219356017361,617180.33288,112090.9469989999,0.001,2026-05-16T00:00:00Z,HOLD,-0.7786308601528941,0.0
hist_gradient_boosting,678408,Will Wuthering Heights be the top grossing movie of 2026?,will-wuthering-heights-be-the-top-grossing-movie-of-2026,0.0035000001080334187,0.001538077398676694,0.001538077398676694,-0.001961922709356725,-0.5605493282281899,261.8821935601736,76033.91439,25270.119322000002,0.001,2026-12-31T00:00:00Z,HOLD,-0.5605493282281899,0.0
hist_gradient_boosting,842032,Will San Marino win Eurovision 2026?,will-san-marino-win-eurovision-2026,0.0024999999441206455,0.0005152286523127433,0.0005152286523127433,-0.0019847712918079023,-0.7939085344683995,32.88219356017361,700283.08891,109154.47566599997,0.001,2026-05-16T00:00:00Z,HOLD,-0.7939085344683995,0.0
hist_gradient_boosting,1607575,Bab el-Mandeb Strait effectively closed by March 31?,bab-el-mandeb-strait-effectively-closed-by-march-31,0.0035000001080334187,0.0015103158702499389,0.0015103158702499389,-0.0019896842377834798,-0.5684811932481466,16.88219356017361,38864.17239,27605.000799,0.001,2026-04-30T00:00:00Z,HOLD,-0.5684811932481466,0.0
hist_gradient_boosting,558968,Will Egypt win the 2026 FIFA World Cup?,will-egypt-win-the-2026-fifa-world-cup,0.0035000001080334187,0.0015017639154850564,0.0015017639154850564,-0.0019982361925483623,-0.5709246088198358,97.88219356017362,2309598.35938,297210.6802030001,0.001,2026-07-20T00:00:00Z,HOLD,-0.5709246088198358,0.0
hist_gradient_boosting,558967,Will Ghana win the 2026 FIFA World Cup?,will-ghana-win-the-2026-fifa-world-cup,0.0035000001080334187,0.0014271531413416422,0.0014271531413416422,-0.0020728469666917767,-0.5922419722028148,97.88219356017362,2834752.9747,189632.5622059998,0.001,2026-07-20T00:00:00Z,HOLD,-0.5922419722028148,0.0
hist_gradient_boosting,553879,Will the Portland Trail Blazers win the 2026 NBA Finals?,will-the-portland-trail-blazers-win-the-2026-nba-finals,0.0024999999441206455,0.0003974856125457753,0.0003974856125457753,-0.00210251433157487,-0.8410057514278915,78.8821935601736,1187822.85319,158387.64983100016,0.001,2026-07-01T00:00:00Z,HOLD,-0.8410057514278915,0.0
hist_gradient_boosting,1823789,"Will Ethereum reach $4,000 in April?",will-ethereum-reach-4000-in-april-2026,0.0035000001080334187,0.0013317565811793162,0.0013317565811793162,-0.0021682435268541023,-0.6194981314078861,18.048860226840276,255679.52747,111704.1408339999,0.001,2026-05-01T04:00:00Z,HOLD,-0.6194981314078861,0.0
hist_gradient_boosting,1854091,"Will Donald Trump post 0-19 Truth Social posts from April 7 to April 14, 2026?",donald-trump-of-truth-social-posts-april-7-april-14-0-19,0.003000000026077032,0.0007163873708401104,0.0007163873708401104,-0.0022836126552369215,-0.7612042117956583,1.5488602268402778,4164.84704,13912.651768999998,0.002,2026-04-14T16:00:00Z,HOLD,-0.7612042117956583,0.0
hist_gradient_boosting,842038,Will Armenia win Eurovision 2026?,will-armenia-win-eurovision-2026,0.0035000001080334187,0.0011300757108229137,0.0011300757108229137,-0.0023699243972105048,-0.6771212354453665,32.88219356017361,461657.57484,148340.999875,0.001,2026-05-16T00:00:00Z,HOLD,-0.6771212354453665,0.0
hist_gradient_boosting,558972,Will Saudi Arabia win the 2026 FIFA World Cup?,will-saudi-arabia-win-the-2026-fifa-world-cup,0.0035000001080334187,0.0011142558249125035,0.0011142558249125035,-0.002385744283120915,-0.6816412027088244,97.88219356017362,1971718.69977,191226.71155200002,0.001,2026-07-20T00:00:00Z,HOLD,-0.6816412027088244,0.0
hist_gradient_boosting,558983,Will Bosnia-Herzegovina win the 2026 FIFA World Cup?,will-bosnia-herzegovina-win-the-2026-fifa-world-cup,0.0044999998062849045,0.0020269093678157027,0.0020269093678157027,-0.0024730904384692018,-0.5495756766511792,97.88219356017362,2628687.45338,118482.94674999996,0.001,2026-07-20T00:00:00Z,HOLD,-0.5495756766511792,0.0
hist_gradient_boosting,898426,Will Arvid Lindblad be the 2026 F1 Drivers' Champion?,will-arvid-lindblad-be-the-2026-f1-drivers-champion,0.0035000001080334187,0.000944023145117118,0.000944023145117118,-0.0025559769629163007,-0.7302791097205006,236.8821935601736,613177.64028,137413.25953400013,0.001,2026-12-06T00:00:00Z,HOLD,-0.7302791097205006,0.0
hist_gradient_boosting,898424,Will Franco Colapinto be the 2026 F1 Drivers' Champion?,will-franco-colapinto-be-the-2026-f1-drivers-champion,0.0035000001080334187,0.0009386844110699798,0.0009386844110699798,-0.002561315696963439,-0.7318044622583146,236.8821935601736,731334.79924,134967.41089100004,0.001,2026-12-06T00:00:00Z,HOLD,-0.7318044622583146,0.0
hist_gradient_boosting,898420,Will Oliver Bearman be the 2026 F1 Drivers' Champion?,will-oliver-bearman-be-the-2026-f1-drivers-champion,0.0035000001080334187,0.0009232983280234692,0.0009232983280234692,-0.0025767017800099497,-0.7362004858501984,236.8821935601736,694700.49941,120321.94121299997,0.001,2026-12-06T00:00:00Z,HOLD,-0.7362004858501984,0.0
hist_gradient_boosting,616913,Will 11 Fed rate cuts happen in 2026?,will-11-fed-rate-cuts-happen-in-2026,0.0035000001080334187,0.0009228207582303501,0.0009228207582303501,-0.0025771793498030686,-0.7363369343583064,261.8821935601736,101424.24535,55363.14504200002,0.001,2026-12-31T00:00:00Z,HOLD,-0.7363369343583064,0.0
hist_gradient_boosting,678932,Will Han Dong-hoon win the 2026 Seoul Mayoral Election,will-han-dong-hoon-win-the-2026-seoul-mayoral-election,0.0035000001080334187,0.0009226381846261185,0.0009226381846261185,-0.0025773619234073,-0.7363890982436195,50.882193560173604,86439.71538,108651.82955,0.001,2026-06-03T00:00:00Z,HOLD,-0.7363890982436195,0.0
hist_gradient_boosting,898429,Will Valtteri Bottas be the 2026 F1 Drivers' Champion?,will-valtteri-bottas-be-the-2026-f1-drivers-champion,0.0035000001080334187,0.0007950753897374306,0.0007950753897374306,-0.002704924718295988,-0.7728356099439757,236.8821935601736,720870.37297,137039.75653499993,0.001,2026-12-06T00:00:00Z,HOLD,-0.7728356099439757,0.0
hist_gradient_boosting,558984,Will Cezchia win the 2026 FIFA World Cup?,will-cezchia-win-the-2026-fifa-world-cup,0.0035000001080334187,0.0007927938258667157,0.0007927938258667157,-0.002707206282166703,-0.7734874853154873,97.88219356017362,2610930.11327,113621.16454800007,0.001,2026-07-20T00:00:00Z,HOLD,-0.7734874853154873,0.0
hist_gradient_boosting,842027,Will Montenegro win Eurovision 2026?,will-montenegro-win-eurovision-2026,0.0035000001080334187,0.0007745700848294765,0.0007745700848294765,-0.0027254300232039423,-0.7786942683082682,32.88219356017361,821535.66983,107758.91969400003,0.001,2026-05-16T00:00:00Z,HOLD,-0.7786942683082682,0.0
hist_gradient_boosting,678943,Will Kang Hoon-sik win the 2026 Seoul Mayoral Election,will-kang-hoon-sik-win-the-2026-seoul-mayoral-election,0.0035000001080334187,0.0007284159156178542,0.0007284159156178542,-0.0027715841924155645,-0.7918811733902669,50.882193560173604,94058.82822,28413.761659,0.001,2026-06-03T00:00:00Z,HOLD,-0.7918811733902669,0.0
hist_gradient_boosting,1823788,"Will Bitcoin dip to $20,000 in April?",will-bitcoin-dip-to-20k-in-april-2026,0.0044999998062849045,0.001699708570889599,0.001699708570889599,-0.0028002912353953056,-0.6222869679870411,18.048860226840276,266176.22461,113701.38357900006,0.001,2026-05-01T04:00:00Z,HOLD,-0.6222869679870411,0.0
hist_gradient_boosting,842017,Will Georgia win Eurovision 2026?,will-georgia-win-eurovision-2026,0.0035000001080334187,0.000693440140378072,0.000693440140378072,-0.0028065599676553466,-0.8018742517217514,32.88219356017361,523799.34855,118390.75587299997,0.001,2026-05-16T00:00:00Z,HOLD,-0.8018742517217514,0.0
hist_gradient_boosting,898421,Will Nico Hülkenberg be the 2026 F1 Drivers' Champion?,will-nico-hlkenberg-be-the-2026-f1-drivers-champion,0.0044999998062849045,0.0016227681122539669,0.0016227681122539669,-0.002877231694030938,-0.6393848484198744,236.8821935601736,526832.70614,113421.47024999991,0.001,2026-12-06T00:00:00Z,HOLD,-0.6393848484198744,0.0
hist_gradient_boosting,601831,Will Eduardo Leite win the 2026 Brazilian presidential election?,will-eduardo-leite-win-the-2026-brazilian-presidential-election,0.0044999998062849045,0.0016021826661662497,0.0016021826661662497,-0.002897817140118655,-0.6439593921918467,173.88219356017362,383704.39872,54565.43499999999,0.001,2026-10-04T00:00:00Z,HOLD,-0.6439593921918467,0.0
hist_gradient_boosting,898423,Will Pierre Gasly be the 2026 F1 Drivers' Champion?,will-pierre-gasly-be-the-2026-f1-drivers-champion,0.0035000001080334187,0.0005752725877463809,0.0005752725877463809,-0.0029247275202870376,-0.8356364085743941,236.8821935601736,642874.69142,161156.15386399988,0.001,2026-12-06T00:00:00Z,HOLD,-0.8356364085743941,0.0
hist_gradient_boosting,1235566,Will the Washington Nationals win the 2026 World Series?,will-the-washington-nationals-win-the-2026-world-series,0.0035000001080334187,0.000558112600468839,0.000558112600468839,-0.0029418875075645796,-0.8405392619309284,201.87872133795136,128550.9237,94073.73288199994,0.001,2026-10-31T23:55:00Z,HOLD,-0.8405392619309284,0.0
hist_gradient_boosting,553864,Will the Orlando Magic win the 2026 NBA Finals?,will-the-orlando-magic-win-the-2026-nba-finals,0.0035000001080334187,0.0005570770850908608,0.0005570770850908608,-0.0029429230229425576,-0.8408351234583613,78.8821935601736,535973.59692,18934.759312,0.001,2026-07-01T00:00:00Z,HOLD,-0.8408351234583613,0.0
hist_gradient_boosting,669660,Will the Fed decrease interest rates by 50+ bps after the April 2026 meeting?,will-the-fed-decrease-interest-rates-by-50-bps-after-the-april-2026-meeting,0.0035000001080334187,0.0005536177599780452,0.0005536177599780452,-0.0029463823480553736,-0.8418235020315151,15.88219356017361,2497739.40508,1843830.7332309997,0.001,2026-04-29T00:00:00Z,HOLD,-0.8418235020315151,0.0
hist_gradient_boosting,1130013,Will the Communist Party of the Russian Federation (KPRF) gain the most seats in the next Russian parliamentary election?,will-the-communist-party-of-the-russian-federation-kprf-gain-the-most-seats-in-the-next-russian-parliamentary-election,0.0035000001080334187,0.0005408933267607506,0.0005408933267607506,-0.002959106781272668,-0.845459054267096,169.88219356017362,58598.17863,25754.28484,0.001,2026-09-30T00:00:00Z,HOLD,-0.845459054267096,0.0
hist_gradient_boosting,842029,Will Poland win Eurovision 2026?,will-poland-win-eurovision-2026,0.0035000001080334187,0.0005350621886523833,0.0005350621886523833,-0.0029649379193810352,-0.8471250936752044,32.88219356017361,604083.65991,113209.16978700014,0.001,2026-05-16T00:00:00Z,HOLD,-0.8471250936752044,0.0
hist_gradient_boosting,842004,Will Albania win Eurovision 2026?,will-albania-win-eurovision-2026,0.0035000001080334187,0.0005252196423505854,0.0005252196423505854,-0.0029747804656828332,-0.8499372496746305,32.88219356017361,596530.80341,118399.41722100003,0.001,2026-05-16T00:00:00Z,HOLD,-0.8499372496746305,0.0
hist_gradient_boosting,558961,Will South Korea win the 2026 FIFA World Cup?,will-south-korea-win-the-2026-fifa-world-cup-485,0.0044999998062849045,0.0015127998273232349,0.0015127998273232349,-0.00298719997896167,-0.6638222461231243,97.88219356017362,1730867.50381,160382.83275,0.001,2026-07-20T00:00:00Z,HOLD,-0.6638222461231243,0.0
hist_gradient_boosting,898425,Will Liam Lawson be the 2026 F1 Drivers' Champion?,will-liam-lawson-be-the-2026-f1-drivers-champion,0.0035000001080334187,0.0004029661847677714,0.0004029661847677714,-0.0030970339232656474,-0.884866807905846,236.8821935601736,727704.94088,131936.8788760001,0.001,2026-12-06T00:00:00Z,HOLD,-0.884866807905846,0.0
hist_gradient_boosting,1130014,Will A Just Russia – For Truth (SRZP) gain the most seats in the next Russian parliamentary election?,will-a-just-russia-for-truth-srzp-gain-the-most-seats-in-the-next-russian-parliamentary-election,0.0035000001080334187,0.00039493441013669945,0.00039493441013669945,-0.0031050656978967193,-0.8871616005867482,169.88219356017362,22930.93566,21496.853608,0.001,2026-09-30T00:00:00Z,HOLD,-0.8871616005867482,0.0
hist_gradient_boosting,558973,Will Scotland win the 2026 FIFA World Cup?,will-scotland-win-the-2026-fifa-world-cup,0.0044999998062849045,0.0013518951697721877,0.0013518951697721877,-0.0031481046365127168,-0.6995788382292663,97.88219356017362,1884297.83416,142741.42425,0.001,2026-07-20T00:00:00Z,HOLD,-0.6995788382292663,0.0
hist_gradient_boosting,601822,Will Michelle Bolsonaro win the 2026 Brazilian presidential election?,will-michelle-bolsonaro-win-the-2026-brazilian-presidential-election,0.0044999998062849045,0.0013481115758910704,0.0013481115758910704,-0.003151888230393834,-0.7004196369057091,173.88219356017362,152148.10234,105552.5292499999,0.001,2026-10-04T00:00:00Z,HOLD,-0.7004196369057091,0.0
hist_gradient_boosting,553853,Will the Seattle Kraken win the 2026 NHL Stanley Cup?,will-the-seattle-kraken-win-the-2026-nhl-stanley-cup,0.0035000001080334187,0.00032782141553860386,0.00032782141553860386,-0.003172178692494815,-0.9063367413086166,77.8821935601736,175741.11917,14784.841993999999,0.001,2026-06-30T00:00:00Z,HOLD,-0.9063367413086166,0.0
hist_gradient_boosting,601824,Will Carlos Roberto Massa Júnior win the 2026 Brazilian presidential election?,will-carlos-roberto-massa-jnior-win-the-2026-brazilian-presidential-election,0.0044999998062849045,0.0012539664484301361,0.0012539664484301361,-0.003246033357854768,-0.7213407772420812,173.88219356017362,412037.37714,129348.94150000006,0.001,2026-10-04T00:00:00Z,HOLD,-0.7213407772420812,0.0
hist_gradient_boosting,601823,Will Eduardo Bolsonaro win the 2026 Brazilian presidential election?,will-eduardo-bolsonaro-win-the-2026-brazilian-presidential-election,0.0044999998062849045,0.001240520657779927,0.001240520657779927,-0.0032594791485049774,-0.7243287308485303,173.88219356017362,529823.67363,223017.16549899988,0.001,2026-10-04T00:00:00Z,HOLD,-0.7243287308485303,0.0
hist_gradient_boosting,1664048,Will DeepSeek have the best AI model at the end of April 2026?,will-deepseek-have-the-best-ai-model-at-the-end-of-april-2026,0.0044999998062849045,0.0011786392533069848,0.0011786392533069848,-0.0033213605529779197,-0.7380801546567083,16.88219356017361,51682.01057,24500.438506000002,0.001,2026-04-30T00:00:00Z,HOLD,-0.7380801546567083,0.0
hist_gradient_boosting,561991,Will Matt Gaetz win the 2028 Republican presidential nomination?,will-matt-gaetz-win-the-2028-republican-presidential-nomination,0.006500000134110451,0.003159686408441892,0.003159686408441892,-0.003340313725668559,-0.5138944087307612,938.8821935601736,1169374.11551,99357.934947,0.001,2028-11-07T00:00:00Z,HOLD,-0.5138944087307612,0.0
hist_gradient_boosting,898417,Will Fernando Alonso be the 2026 F1 Drivers' Champion?,will-fernando-alonso-be-the-2026-f1-drivers-champion,0.0044999998062849045,0.0011048768930154262,0.0011048768930154262,-0.0033951229132694783,-0.7544717909826785,236.8821935601736,485626.88711,123445.37575000004,0.001,2026-12-06T00:00:00Z,HOLD,-0.7544717909826785,0.0
hist_gradient_boosting,1500767,Will Stephen Miran be confirmed as Fed Chair?,will-stephen-miran-be-confirmed-as-fed-chair,0.0044999998062849045,0.0011012167476852426,0.0011012167476852426,-0.003398783058599662,-0.7552851566466218,200.8821935601736,33103.01657,20937.331672,0.001,2026-10-31T00:00:00Z,HOLD,-0.7552851566466218,0.0
hist_gradient_boosting,898430,Will Sergio Pérez be the 2026 F1 Drivers' Champion?,will-sergio-prez-be-the-2026-f1-drivers-champion,0.0044999998062849045,0.0010935392842788365,0.0010935392842788365,-0.0034064605220060678,-0.7569912596992671,236.8821935601736,635161.59335,123721.79800000001,0.001,2026-12-06T00:00:00Z,HOLD,-0.7569912596992671,0.0
hist_gradient_boosting,898428,Will Carlos Sainz Jr. be the 2026 F1 Drivers' Champion?,will-carlos-sainz-jr-be-the-2026-f1-drivers-champion,0.0044999998062849045,0.0010512015391572664,0.0010512015391572664,-0.003448798267127638,-0.7663996479090709,236.8821935601736,668455.138,122749.93499999988,0.001,2026-12-06T00:00:00Z,HOLD,-0.7663996479090709,0.0
hist_gradient_boosting,559682,Will Hunter Biden win the 2028 Democratic presidential nomination?,will-person-a-win-the-2028-democratic-presidential-nomination,0.005499999970197678,0.0020253319113872647,0.0020253319113872647,-0.003474668058810413,-0.6317578322978661,938.8821935601736,1175844.67597,134459.08053300003,0.001,2028-11-07T00:00:00Z,HOLD,-0.6317578322978661,0.0
hist_gradient_boosting,1507751,Will the Iranian regime fall by April 30?,will-the-iranian-regime-fall-by-april-30,0.0364999994635582,0.0330126888332363,0.0330126888332363,-0.0034873106303218993,-0.09554275839931586,16.88219356017361,743863.92134,1121475.309079999,0.002,2026-04-30T00:00:00Z,HOLD,-0.09554275839931586,0.0
hist_gradient_boosting,898418,Will Lance Stroll be the 2026 F1 Drivers' Champion?,will-lance-stroll-be-the-2026-f1-drivers-champion,0.0044999998062849045,0.0009099726028624943,0.0009099726028624943,-0.00359002720342241,-0.7977838573255969,236.8821935601736,703320.36978,115149.40549999992,0.001,2026-12-06T00:00:00Z,HOLD,-0.7977838573255969,0.0
hist_gradient_boosting,1823786,"Will Bitcoin dip to $30,000 in April?",will-bitcoin-dip-to-30k-in-april-2026,0.0044999998062849045,0.0009006347856435602,0.0009006347856435602,-0.0035993650206413443,-0.7998589279080206,18.048860226840276,143929.56646,20110.070264,0.001,2026-05-01T04:00:00Z,HOLD,-0.7998589279080206,0.0
hist_gradient_boosting,898427,Will Alexander Albon be the 2026 F1 Drivers' Champion?,will-alexander-albon-be-the-2026-f1-drivers-champion,0.0044999998062849045,0.0008928603327377588,0.0008928603327377588,-0.0036071394735471456,-0.8015865841836817,236.8821935601736,709996.4898,138737.74124999982,0.001,2026-12-06T00:00:00Z,HOLD,-0.8015865841836817,0.0
hist_gradient_boosting,1823790,"Will Ethereum reach $3,800 in April?",will-ethereum-reach-3800-in-april-2026,0.0044999998062849045,0.0008534900722553736,0.0008534900722553736,-0.0036465097340295308,-0.8103355313341679,18.048860226840276,123447.74105,13202.593250000002,0.001,2026-05-01T04:00:00Z,HOLD,-0.8103355313341679,0.0
hist_gradient_boosting,898422,Will Gabriel Bortoleto be the 2026 F1 Drivers' Champion?,will-gabriel-bortoleto-be-the-2026-f1-drivers-champion,0.0044999998062849045,0.0006946152571876904,0.0006946152571876904,-0.003805384549097214,-0.8456410473134779,236.8821935601736,629354.3024,123894.47500000003,0.001,2026-12-06T00:00:00Z,HOLD,-0.8456410473134779,0.0
hist_gradient_boosting,898419,Will Esteban Ocon be the 2026 F1 Drivers' Champion?,will-esteban-ocon-be-the-2026-f1-drivers-champion,0.0044999998062849045,0.0006850890155588622,0.0006850890155588622,-0.0038149107907260423,-0.8477579899887916,236.8821935601736,655831.59515,143621.28025000004,0.001,2026-12-06T00:00:00Z,HOLD,-0.8477579899887916,0.0
hist_gradient_boosting,561254,Will Kim Kardashian win the 2028 US Presidential Election?,will-kim-kardashian-win-the-2028-us-presidential-election,0.0044999998062849045,0.0006849442243413333,0.0006849442243413333,-0.003815055581943571,-0.8477901658162942,938.8821935601736,1172166.79647,241001.52600000004,0.001,2028-11-07T00:00:00Z,HOLD,-0.8477901658162942,0.0
hist_gradient_boosting,558956,Will Paraguay win the 2026 FIFA World Cup?,will-paraguay-win-the-2026-fifa-world-cup-967,0.0044999998062849045,0.0006801702053857092,0.0006801702053857092,-0.0038198296008991953,-0.8488510589632131,97.88219356017362,2127259.70827,146493.83075,0.001,2026-07-20T00:00:00Z,HOLD,-0.8488510589632131,0.0
hist_gradient_boosting,842008,Will Belgium win Eurovision 2026?,will-belgium-win-eurovision-2026,0.0044999998062849045,0.0006657177458992586,0.0006657177458992586,-0.0038342820603856458,-0.8520627167651236,32.88219356017361,365083.3619,11430.54075,0.001,2026-05-16T00:00:00Z,HOLD,-0.8520627167651236,0.0
hist_gradient_boosting,678936,Will Park Hong-keun win the 2026 Seoul Mayoral Election,will-park-hong-keun-win-the-2026-seoul-mayoral-election,0.0044999998062849045,0.000662565276691842,0.000662565276691842,-0.0038374345295930624,-0.8527632655080399,50.882193560173604,86333.59402,103206.92724999995,0.001,2026-06-03T00:00:00Z,HOLD,-0.8527632655080399,0.0
hist_gradient_boosting,842033,Will Serbia win Eurovision 2026?,will-serbia-win-eurovision-2026,0.0044999998062849045,0.0006395482253939035,0.0006395482253939035,-0.003860451580891001,-0.857878166016656,32.88219356017361,571571.68338,116082.59824999992,0.001,2026-05-16T00:00:00Z,HOLD,-0.857878166016656,0.0
hist_gradient_boosting,601818,Will Tarcisio de Freitas win the 2026 Brazilian presidential election?,will-tarcisio-de-frietas-win-the-2026-brazilian-presidential-election,0.005499999970197678,0.001565158912987429,0.001565158912987429,-0.003934841057210248,-0.7154256506421081,173.88219356017362,241676.38089,272894.42304799997,0.001,2026-10-04T00:00:00Z,HOLD,-0.7154256506421081,0.0
hist_gradient_boosting,842035,Will Switzerland win Eurovision 2026?,will-switzerland-win-eurovision-2026,0.0044999998062849045,0.0005566898213662183,0.0005566898213662183,-0.003943309984918686,-0.8762911454821132,32.88219356017361,322357.13272,32190.601499999993,0.001,2026-05-16T00:00:00Z,HOLD,-0.8762911454821132,0.0
hist_gradient_boosting,678930,Will Na Kyung-won win the 2026 Seoul Mayoral Election,will-na-kyung-won-win-the-2026-seoul-mayoral-election,0.0044999998062849045,0.0005118034671739885,0.0005118034671739885,-0.003988196339110916,-0.8862658912875551,50.882193560173604,77249.22008,107216.03299999994,0.001,2026-06-03T00:00:00Z,HOLD,-0.8862658912875551,0.0
hist_gradient_boosting,553876,Will the Toronto Raptors win the 2026 NBA Finals?,will-the-toronto-raptors-win-the-2026-nba-finals,0.0044999998062849045,0.0005004563359359913,0.0005004563359359913,-0.003999543470348913,-0.8887874761156587,78.8821935601736,463858.22883,186829.70949999985,0.001,2026-07-01T00:00:00Z,HOLD,-0.8887874761156587,0.0
hist_gradient_boosting,842018,Will Germany win Eurovision 2026?,will-germany-win-eurovision-2026,0.0044999998062849045,0.00046577081412646216,0.00046577081412646216,-0.004034228992158442,-0.8964953701829175,32.88219356017361,259590.83005,13611.621249999998,0.001,2026-05-16T00:00:00Z,HOLD,-0.8964953701829175,0.0
hist_gradient_boosting,898664,Will Racing Bulls be the 2026 F1 Constructors' Champion?,will-racing-bulls-be-the-2026-f1-constructors-champion,0.005499999970197678,0.0014432324373299856,0.0014432324373299856,-0.004056767532867692,-0.7375941008817654,236.8821935601736,139945.79404,13020.4136,0.001,2026-12-06T00:00:00Z,HOLD,-0.7375941008817654,0.0
hist_gradient_boosting,679041,Will François Bayrou win the 2027 French presidential election?,will-franois-bayrou-win-the-2027-french-presidential-election,0.005499999970197678,0.0014387383468754897,0.0014387383468754897,-0.004061261623322188,-0.7384112082415558,381.8821935601736,153549.9697,19789.5482,0.001,2027-04-30T00:00:00Z,HOLD,-0.7384112082415558,0.0
hist_gradient_boosting,564163,Will Luka Doncic win the 2025–2026 NBA MVP?,will-luka-doncic-win-the-20252026-nba-mvp,0.0044999998062849045,0.00043638723505342724,0.00043638723505342724,-0.004063612571231477,-0.9030250547024582,57.882193560173604,116407.60038,48971.04905900001,0.001,2026-06-10T00:00:00Z,HOLD,-0.9030250547024582,0.0
hist_gradient_boosting,679038,Will Nicolas Dupont-Aignan win the 2027 French presidential election?,will-nicolas-dupont-aignan-win-the-2027-french-presidential-election,0.005499999970197678,0.0014138070101397478,0.0014138070101397478,-0.00408619296005793,-0.7429441785817076,381.8821935601736,89490.5116,26184.567600000002,0.001,2027-04-30T00:00:00Z,HOLD,-0.7429441785817076,0.0
hist_gradient_boosting,1823769,"Will Bitcoin reach $150,000 in April?",will-bitcoin-reach-150k-in-april-2026,0.005499999970197678,0.0012956516535917273,0.0012956516535917273,-0.00420434831660595,-0.7644269707977543,18.048860226840276,1259321.24317,157525.72526599996,0.001,2026-05-01T04:00:00Z,HOLD,-0.7644269707977543,0.0
hist_gradient_boosting,679036,Will François Asselineau win the 2027 French presidential election?,will-franois-asselineau-win-the-2027-french-presidential-election,0.005499999970197678,0.0012411559387507456,0.0012411559387507456,-0.004258844031446932,-0.774335282640713,381.8821935601736,114033.79111,14451.138599999998,0.001,2027-04-30T00:00:00Z,HOLD,-0.774335282640713,0.0
hist_gradient_boosting,553873,Will the Miami Heat win the 2026 NBA Finals?,will-the-miami-heat-win-the-2026-nba-finals,0.005499999970197678,0.0011519917255551283,0.0011519917255551283,-0.00434800824464255,-0.7905469578550336,78.8821935601736,390779.21784,20940.093732999998,0.001,2026-07-01T00:00:00Z,HOLD,-0.7905469578550336,0.0
hist_gradient_boosting,842010,Will Croatia win Eurovision 2026?,will-croatia-win-eurovision-2026,0.005499999970197678,0.0011413612566147362,0.0011413612566147362,-0.004358638713582942,-0.7924797704001235,32.88219356017361,220296.55903,27502.56439700001,0.001,2026-05-16T00:00:00Z,HOLD,-0.7924797704001235,0.0
hist_gradient_boosting,679042,Will Élisabeth Borne win the 2027 French presidential election?,will-lisabeth-borne-win-the-2027-french-presidential-election,0.005499999970197678,0.001045949172614267,0.001045949172614267,-0.00445405079758341,-0.8098274221305723,381.8821935601736,125360.76005,17162.2694,0.001,2027-04-30T00:00:00Z,HOLD,-0.8098274221305723,0.0
hist_gradient_boosting,679024,Will Laurent Wauquiez win the 2027 French presidential election?,will-laurent-wauquiez-win-the-2027-french-presidential-election,0.005499999970197678,0.0010045095323271012,0.0010045095323271012,-0.004495490437870576,-0.8173619022236107,381.8821935601736,90126.42046,14819.538733,0.001,2027-04-30T00:00:00Z,HOLD,-0.8173619022236107,0.0
hist_gradient_boosting,561986,Will Byron Donalds win the 2028 Republican presidential nomination?,will-byron-donalds-win-the-2028-republican-presidential-nomination,0.005499999970197678,0.0009554259647501917,0.0009554259647501917,-0.004544574005447486,-0.8262861872859516,938.8821935601736,1001106.16424,184200.233599,0.001,2028-11-07T00:00:00Z,HOLD,-0.8262861872859516,0.0
hist_gradient_boosting,898667,Will Audi be the 2026 F1 Constructors' Champion?,will-audi-be-the-2026-f1-constructors-champion,0.005499999970197678,0.0009311470560534429,0.0009311470560534429,-0.004568852914144234,-0.8307005343456435,236.8821935601736,122615.07268,16921.6028,0.001,2026-12-06T00:00:00Z,HOLD,-0.8307005343456435,0.0
hist_gradient_boosting,558952,Will Canada win the 2026 FIFA World Cup?,will-canada-win-the-2026-fifa-world-cup-755,0.005499999970197678,0.0009075753554146977,0.0009075753554146977,-0.00459242461478298,-0.8349862981213656,97.88219356017362,1851879.94075,31450.339132,0.001,2026-07-20T00:00:00Z,HOLD,-0.8349862981213656,0.0
hist_gradient_boosting,558975,Will Austria win the 2026 FIFA World Cup?,will-austria-win-the-2026-fifa-world-cup,0.005499999970197678,0.0008970441652137925,0.0008970441652137925,-0.004602955804983885,-0.8369010599864509,97.88219356017362,1605284.54019,190993.95772899996,0.001,2026-07-20T00:00:00Z,HOLD,-0.8369010599864509,0.0
hist_gradient_boosting,561995,Will Mike Pence win the 2028 Republican presidential nomination?,will-mike-pence-win-the-2028-republican-presidential-nomination,0.005499999970197678,0.0008945666502454791,0.0008945666502454791,-0.004605433319952198,-0.8373515172558579,938.8821935601736,1388105.90552,427014.4202650002,0.001,2028-11-07T00:00:00Z,HOLD,-0.8373515172558579,0.0
hist_gradient_boosting,561263,Will Eric Trump win the 2028 US Presidential Election?,will-eric-trump-win-the-2028-us-presidential-election,0.005499999970197678,0.000873562010443419,0.000873562010443419,-0.0046264379597542584,-0.841170542695108,938.8821935601736,1457316.91942,99661.54286600002,0.001,2028-11-07T00:00:00Z,HOLD,-0.841170542695108,0.0
hist_gradient_boosting,842024,Will Luxembourg win Eurovision 2026?,will-luxembourg-win-eurovision-2026,0.005499999970197678,0.0008659486446949136,0.0008659486446949136,-0.004634051325502764,-0.8425547910205188,32.88219356017361,242852.49134,21236.030599,0.001,2026-05-16T00:00:00Z,HOLD,-0.8425547910205188,0.0
hist_gradient_boosting,561988,Will Josh Hawley win the 2028 Republican presidential nomination?,will-josh-hawley-win-the-2028-republican-presidential-nomination,0.007499999832361937,0.0028226188096619593,0.0028226188096619593,-0.004677381022699977,-0.6236508169663456,938.8821935601736,433907.73235,276358.098418,0.001,2028-11-07T00:00:00Z,HOLD,-0.6236508169663456,0.0
hist_gradient_boosting,1500766,Will Jerome Powell be confirmed as Fed Chair?,will-jerome-powell-be-confirmed-as-fed-chair,0.005499999970197678,0.0008214557835239129,0.0008214557835239129,-0.004678544186673765,-0.8506444021863534,200.8821935601736,22212.58646,11071.3125,0.002,2026-10-31T00:00:00Z,HOLD,-0.8506444021863534,0.0
hist_gradient_boosting,678938,Will Seo Young-kyo win the 2026 Seoul Mayoral Election,will-seo-young-kyo-win-the-2026-seoul-mayoral-election,0.005499999970197678,0.0008084444690003493,0.0008084444690003493,-0.0046915555011973285,-0.853010095748911,50.882193560173604,91479.46648,26810.7858,0.001,2026-06-03T00:00:00Z,HOLD,-0.853010095748911,0.0
hist_gradient_boosting,561251,Will LeBron James win the 2028 US Presidential Election?,will-lebron-james-win-the-2028-us-presidential-election,0.005499999970197678,0.0008076717637324001,0.0008076717637324001,-0.004692328206465278,-0.8531505876165721,938.8821935601736,1505967.51749,91275.131466,0.001,2028-11-07T00:00:00Z,HOLD,-0.8531505876165721,0.0
hist_gradient_boosting,1664041,Will xAI have the best AI model at the end of April 2026?,will-xai-have-the-best-ai-model-at-the-end-of-april-2026,0.005499999970197678,0.0007954250559859071,0.0007954250559859071,-0.00470457491421177,-0.8553772617643635,16.88219356017361,54280.98749,18186.882637000006,0.001,2026-04-30T00:00:00Z,HOLD,-0.8553772617643635,0.0
hist_gradient_boosting,562002,Will Erika Kirk win the 2028 Republican presidential nomination?,will-erika-kirk-win-the-2028-republican-presidential-nomination,0.005499999970197678,0.000786173544715201,0.000786173544715201,-0.0047138264254824765,-0.8570593547317883,938.8821935601736,1446747.13866,116659.534666,0.001,2028-11-07T00:00:00Z,HOLD,-0.8570593547317883,0.0
hist_gradient_boosting,561240,Will Stephen Smith win the 2028 US Presidential Election?,will-stephen-smith-win-the-2028-us-presidential-election,0.007499999832361937,0.0027142828676522215,0.0027142828676522215,-0.0047857169647097155,-0.638095609557177,938.8821935601736,773192.55343,425641.164327,0.001,2028-11-07T00:00:00Z,HOLD,-0.638095609557177,0.0
hist_gradient_boosting,562003,Will Kim Kardashian win the 2028 Republican presidential nomination?,will-kim-kardashian-win-the-2028-republican-presidential-nomination,0.005499999970197678,0.0007001926817991962,0.0007001926817991962,-0.004799807288398482,-0.8726922389830432,938.8821935601736,1630076.10212,13170.012066000001,0.001,2028-11-07T00:00:00Z,HOLD,-0.8726922389830432,0.0
hist_gradient_boosting,842028,Will Norway win Eurovision 2026?,will-norway-win-eurovision-2026,0.005499999970197678,0.000681695780791616,0.000681695780791616,-0.004818304189406062,-0.8760553119117354,32.88219356017361,252370.43141,27627.668131999995,0.001,2026-05-16T00:00:00Z,HOLD,-0.8760553119117354,0.0
hist_gradient_boosting,666861,Trump out as President before 2027?,trump-out-as-president-before-2027,0.16500000655651093,0.16017834882024484,0.16017834882024484,-0.004821657736266083,-0.029222166937397733,261.8821935601736,477817.1848,113534.279113,0.01,2026-12-31T00:00:00Z,HOLD,-0.029222166937397733,0.0
hist_gradient_boosting,559679,Will Bernie Sanders win the 2028 Democratic presidential nomination?,will-bernie-sanders-win-the-2028-democratic-presidential-nomination-879,0.005499999970197678,0.0006607163712230885,0.0006607163712230885,-0.004839283598974589,-0.879869750035773,938.8821935601736,2256502.13382,106773.87133100002,0.001,2028-11-07T00:00:00Z,HOLD,-0.879869750035773,0.0
hist_gradient_boosting,553877,Will the Phoenix Suns win the 2026 NBA Finals?,will-the-phoenix-suns-win-the-2026-nba-finals,0.005499999970197678,0.0005119051872931494,0.0005119051872931494,-0.004988094782904528,-0.9069263290787343,78.8821935601736,472570.10431,26581.722573000006,0.002,2026-07-01T00:00:00Z,HOLD,-0.9069263290787343,0.0
hist_gradient_boosting,559689,Will Beto O’Rourke win the 2028 Democratic presidential nomination?,will-beto-orourke-win-the-2028-democratic-presidential-nomination,0.005499999970197678,0.0004823834797400589,0.0004823834797400589,-0.005017616490457619,-0.9122939122992902,938.8821935601736,1121294.81966,135680.486332,0.001,2028-11-07T00:00:00Z,HOLD,-0.9122939122992902,0.0
hist_gradient_boosting,679037,Will Clémentine Autain win the 2027 French presidential election?,will-clmentine-autain-win-the-2027-french-presidential-election,0.006500000134110451,0.0014169843109101967,0.0014169843109101967,-0.005083015823200254,-0.7820024182039319,381.8821935601736,146725.06045,21087.497135000005,0.001,2027-04-30T00:00:00Z,HOLD,-0.7820024182039319,0.0
hist_gradient_boosting,559680,Will Phil Murphy win the 2028 Democratic presidential nomination?,will-phil-murphy-win-the-2028-democratic-presidential-nomination-611,0.006500000134110451,0.0014020285733775334,0.0014020285733775334,-0.005097971560732917,-0.7843033008537921,938.8821935601736,1661447.22441,130477.16154400002,0.001,2028-11-07T00:00:00Z,HOLD,-0.7843033008537921,0.0
hist_gradient_boosting,562001,Will Steve Bannon win the 2028 Republican presidential nomination?,will-steve-bannon-win-the-2028-republican-presidential-nomination,0.006500000134110451,0.001393461192708371,0.001393461192708371,-0.005106538941402079,-0.7856213593910838,938.8821935601736,1394778.87983,45241.9514,0.001,2028-11-07T00:00:00Z,HOLD,-0.7856213593910838,0.0
hist_gradient_boosting,559674,Will Jared Polis win the 2028 Democratic presidential nomination?,will-jared-polis-win-the-2028-democratic-presidential-nomination-837,0.006500000134110451,0.0013861317885874784,0.0013861317885874784,-0.005113868345522972,-0.7867489600018022,938.8821935601736,578739.04419,91879.67671100001,0.001,2028-11-07T00:00:00Z,HOLD,-0.7867489600018022,0.0
hist_gradient_boosting,679039,Will Michel Barnier win the 2027 French presidential election?,will-michel-barnier-win-the-2027-french-presidential-election,0.005499999970197678,0.00038162996108341834,0.00038162996108341834,-0.005118370009114259,-0.9306127339724873,381.8821935601736,117280.14457,28595.22140000001,0.001,2027-04-30T00:00:00Z,HOLD,-0.9306127339724873,0.0
hist_gradient_boosting,561238,Will Glenn Youngkin win the 2028 US Presidential Election?,will-glenn-youngkin-win-the-2028-us-presidential-election,0.006500000134110451,0.0013780954945215428,0.0013780954945215428,-0.005121904639588908,-0.7879853129095142,938.8821935601736,834255.15202,19078.483761,0.001,2028-11-07T00:00:00Z,HOLD,-0.7879853129095142,0.0
hist_gradient_boosting,561264,Will Pete Hegseth win the 2028 US Presidential Election?,will-pete-hegseth-win-the-2028-us-presidential-election,0.005499999970197678,0.00036765448571979346,0.00036765448571979346,-0.005132345484477884,-0.933153729506915,938.8821935601736,966468.64782,60611.35999800001,0.001,2028-11-07T00:00:00Z,HOLD,-0.933153729506915,0.0
hist_gradient_boosting,1823771,"Will Bitcoin reach $105,000 in April?",will-bitcoin-reach-105k-in-april-2026,0.006500000134110451,0.0013385113278719404,0.0013385113278719404,-0.0051614888062385105,-0.7940751845761123,18.048860226840276,238840.30056,17237.953992,0.001,2026-05-01T04:00:00Z,HOLD,-0.7940751845761123,0.0
hist_gradient_boosting,679033,Will Olivier Faure win the 2027 French presidential election?,will-olivier-faure-win-the-2027-french-presidential-election,0.006500000134110451,0.0012383159118765103,0.0012383159118765103,-0.00526168422223394,-0.809489863641983,381.8821935601736,100628.92673,171251.86554099998,0.001,2027-04-30T00:00:00Z,HOLD,-0.809489863641983,0.0
hist_gradient_boosting,561984,Will Robert F. Kennedy Jr. win the 2028 Republican presidential nomination?,will-robert-f-kennedy-jr-win-the-2028-republican-presidential-nomination,0.007499999832361937,0.002177922053101117,0.002177922053101117,-0.00532207777926082,-0.7096103864291374,938.8821935601736,1122807.75132,67416.840425,0.001,2028-11-07T00:00:00Z,HOLD,-0.7096103864291374,0.0
hist_gradient_boosting,1712307,Will WTI Crude Oil (WTI) hit (LOW) $20 in April?,will-wti-dip-to-20-in-april-2026-356-113,0.006000000052154064,0.0006268049992830178,0.0006268049992830178,-0.005373195052871047,-0.8955325010275645,18.048860215266203,33552.03974,28324.250725000005,0.004,2026-05-01T03:59:59.999Z,HOLD,-0.8955325010275645,0.0
hist_gradient_boosting,558980,Will Sweden win the 2026 FIFA World Cup?,will-sweden-win-the-2026-fifa-world-cup,0.006500000134110451,0.001081065842252161,0.001081065842252161,-0.0054189342918582895,-0.833682181546584,97.88219356017362,2125163.25869,45858.710945,0.001,2026-07-20T00:00:00Z,HOLD,-0.833682181546584,0.0
hist_gradient_boosting,679023,Will Xavier Bertrand win the 2027 French presidential election?,will-xavier-bertrand-win-the-2027-french-presidential-election,0.006500000134110451,0.0010796209879811746,0.0010796209879811746,-0.0054203791461292766,-0.8339044668144573,381.8821935601736,105476.64164,119942.70136600002,0.001,2027-04-30T00:00:00Z,HOLD,-0.8339044668144573,0.0
hist_gradient_boosting,1712306,Will WTI Crude Oil (WTI) hit (LOW) $30 in April?,will-wti-dip-to-30-in-april-2026-757-847-477,0.006000000052154064,0.0005791956599272746,0.0005791956599272746,-0.00542080439222679,-0.9034673908512155,18.048860215266203,29895.89002,14660.205608000004,0.002,2026-05-01T03:59:59.999Z,HOLD,-0.9034673908512155,0.0
hist_gradient_boosting,553868,Will the Los Angeles Clippers win the 2026 NBA Finals?,will-the-los-angeles-clippers-win-the-2026-nba-finals,0.006000000052154064,0.0005743755041580021,0.0005743755041580021,-0.005425624547996062,-0.9042707501391112,78.8821935601736,176555.0884,54254.651671999985,0.001,2026-07-01T00:00:00Z,HOLD,-0.9042707501391112,0.0
hist_gradient_boosting,559692,Will Jasmine Crockett win the 2028 Democratic presidential nomination?,will-jasmine-crockett-win-the-2028-democratic-presidential-nomination,0.006500000134110451,0.0010263702010265955,0.0010263702010265955,-0.005473629933083856,-0.842096895407671,938.8821935601736,1408491.39863,114717.514842,0.001,2028-11-07T00:00:00Z,HOLD,-0.842096895407671,0.0
hist_gradient_boosting,842037,Will United Kingdom win Eurovision 2026?,will-united-kingdom-win-eurovision-2026,0.006500000134110451,0.0010147364980053694,0.0010147364980053694,-0.005485263636105082,-0.8438866958355471,32.88219356017361,323949.7169,144504.68785000002,0.001,2026-05-16T00:00:00Z,HOLD,-0.8438866958355471,0.0
hist_gradient_boosting,1734822,US x Iran ceasefire before Oil hits $120?,us-x-iran-ceasefire-before-oil-hits-120,0.20999999344348907,0.2044375339063978,0.2044375339063978,-0.00556245953709128,-0.026487903384569085,77.8821935601736,16761.2821,15868.123078000004,0.02,2026-06-30T00:00:00Z,HOLD,-0.026487903384569085,0.0
hist_gradient_boosting,559690,Will Kim Kardashian win the 2028 Democratic presidential nomination?,will-kim-kardashian-win-the-2028-democratic-presidential-nomination,0.006500000134110451,0.0009324563274477823,0.0009324563274477823,-0.005567543806662668,-0.8565451833524628,938.8821935601736,1904431.00371,144874.32490099999,0.001,2028-11-07T00:00:00Z,HOLD,-0.8565451833524628,0.0
hist_gradient_boosting,898414,Will Isack Hadjar be the 2026 F1 Drivers' Champion?,will-isack-hadjar-be-the-2026-f1-drivers-champion,0.006500000134110451,0.0009294037417823736,0.0009294037417823736,-0.005570596392328077,-0.8570148119066822,236.8821935601736,553820.94141,32709.141479000013,0.001,2026-12-06T00:00:00Z,HOLD,-0.8570148119066822,0.0
hist_gradient_boosting,561993,Will John Thune win the 2028 Republican presidential nomination?,will-john-thune-win-the-2028-republican-presidential-nomination,0.006500000134110451,0.0009204011512175075,0.0009204011512175075,-0.005579598982892943,-0.8583998258111624,938.8821935601736,1535991.912,96793.550041,0.001,2028-11-07T00:00:00Z,HOLD,-0.8583998258111624,0.0
hist_gradient_boosting,561987,Will Elise Stefanik win the 2028 Republican presidential nomination?,will-elise-stefanik-win-the-2028-republican-presidential-nomination,0.006500000134110451,0.0008999976478259405,0.0008999976478259405,-0.005600002486284511,-0.861538826268177,938.8821935601736,1333661.38507,37421.358379,0.001,2028-11-07T00:00:00Z,HOLD,-0.861538826268177,0.0
hist_gradient_boosting,679040,Will Valérie Pécresse win the 2027 French presidential election?,will-valrie-pcresse-win-the-2027-french-presidential-election,0.006500000134110451,0.0008934465147818188,0.0008934465147818188,-0.005606553619328632,-0.8625466928695548,381.8821935601736,105881.71492,189908.50986599998,0.001,2027-04-30T00:00:00Z,HOLD,-0.8625466928695548,0.0
hist_gradient_boosting,679035,Will Ségolène Royal win the 2027 French presidential election?,will-sgolne-royal-win-the-2027-french-presidential-election,0.006500000134110451,0.0008480163533975896,0.0008480163533975896,-0.005651983780712861,-0.8695359483229235,381.8821935601736,129659.42185,235905.172764,0.001,2027-04-30T00:00:00Z,HOLD,-0.8695359483229235,0.0
hist_gradient_boosting,561256,Will Zohran Mamdani win the 2028 US Presidential Election?,will-zohran-mamdani-win-the-2028-us-presidential-election,0.006500000134110451,0.0008385941186167691,0.0008385941186167691,-0.005661406015493682,-0.8709855228746801,938.8821935601736,965491.97471,49999.550397,0.001,2028-11-07T00:00:00Z,HOLD,-0.8709855228746801,0.0
hist_gradient_boosting,1706400,"Military action against Iran ends on April 10, 2026?",military-action-against-iran-ends-on-april-10-2026,0.006500000134110451,0.0008123993870156085,0.0008123993870156085,-0.005687600747094842,-0.8750154814994032,16.88219356017361,6342.45046,11328.752331999998,0.001,2026-04-30T00:00:00Z,HOLD,-0.8750154814994032,0.0
hist_gradient_boosting,561994,Will Kristi Noem win the 2028 Republican presidential nomination?,will-kristi-noem-win-the-2028-republican-presidential-nomination,0.006500000134110451,0.0007767934600847485,0.0007767934600847485,-0.005723206674025702,-0.8804933162988225,938.8821935601736,1197325.30393,152270.48237399998,0.001,2028-11-07T00:00:00Z,HOLD,-0.8804933162988225,0.0
hist_gradient_boosting,679053,Will Clémence Guetté win the 2027 French presidential election?,will-clmence-guett-win-the-2027-french-presidential-election,0.006500000134110451,0.0007735061380814914,0.0007735061380814914,-0.005726493996028959,-0.8809990581350428,381.8821935601736,111813.59224,16775.891779000005,0.001,2027-04-30T00:00:00Z,HOLD,-0.8809990581350428,0.0
hist_gradient_boosting,679043,Will Yaël Braun-Pivet win the 2027 French presidential election?,will-yal-braun-pivet-win-the-2027-french-presidential-election,0.006500000134110451,0.0007232209011812365,0.0007232209011812365,-0.005776779232929214,-0.8887352482677737,381.8821935601736,124925.81208,11964.736993000004,0.001,2027-04-30T00:00:00Z,HOLD,-0.8887352482677737,0.0
hist_gradient_boosting,842023,Will Lithuania win Eurovision 2026?,will-lithuania-win-eurovision-2026,0.006500000134110451,0.0007171622606300024,0.0007171622606300024,-0.0057828378734804484,-0.8896673467948861,32.88219356017361,206240.97229,228435.700703,0.001,2026-05-16T00:00:00Z,HOLD,-0.8896673467948861,0.0
hist_gradient_boosting,561247,Will Tim Walz win the 2028 US Presidential Election?,will-tim-walz-win-the-2028-us-presidential-election,0.006500000134110451,0.0007087939513481183,0.0007087939513481183,-0.005791206182762332,-0.8909547789655362,938.8821935601736,1752606.90851,18792.166969,0.001,2028-11-07T00:00:00Z,HOLD,-0.8909547789655362,0.0
hist_gradient_boosting,679048,Will Manuel Bompard win the 2027 French presidential election?,will-manuel-bompard-win-the-2027-french-presidential-election,0.006500000134110451,0.0006534259616088708,0.0006534259616088708,-0.00584657417250158,-0.899472931057363,381.8821935601736,87677.4082,135750.841849,0.001,2027-04-30T00:00:00Z,HOLD,-0.899472931057363,0.0
hist_gradient_boosting,561248,Will Vivek Ramaswamy win the 2028 US Presidential Election?,will-vivek-ramaswamy-win-the-2028-us-presidential-election,0.006500000134110451,0.000649998631483963,0.000649998631483963,-0.005850001502626488,-0.9000002126041621,938.8821935601736,1378942.52493,60481.906008000005,0.001,2028-11-07T00:00:00Z,HOLD,-0.9000002126041621,0.0
hist_gradient_boosting,1791566,Will MrBeast's next video get less than 60 million views on week 1?,will-mrbeasts-next-video-get-less-than-60-million-views-on-week-1-861,0.006500000134110451,0.0006412422648379394,0.0006412422648379394,-0.005858757869272512,-0.9013473459065251,47.88219356017361,12889.3916,24271.604569000006,0.004,2026-05-31T00:00:00Z,HOLD,-0.9013473459065251,0.0
hist_gradient_boosting,562008,Will Pete Hegseth win the 2028 Republican presidential nomination?,will-pete-hegseth-win-the-2028-republican-presidential-nomination,0.006500000134110451,0.0006334289280908228,0.0006334289280908228,-0.005866571206019628,-0.9025493976889725,938.8821935601736,704378.3732,114773.334569,0.001,2028-11-07T00:00:00Z,HOLD,-0.9025493976889725,0.0
hist_gradient_boosting,562007,Will Joe Kent win the 2028 Republican presidential nomination?,will-joe-kent-win-the-2028-republican-presidential-nomination,0.007000000216066837,0.001093491165268051,0.001093491165268051,-0.005906509050798786,-0.8437869812120574,938.8821935601736,326829.83376,146753.725167,0.002,2028-11-07T00:00:00Z,HOLD,-0.8437869812120574,0.0
hist_gradient_boosting,559670,Will Gina Raimondo win the 2028 Democratic presidential nomination?,will-gina-raimondo-win-the-2028-democratic-presidential-nomination-676,0.006500000134110451,0.0005274378972522298,0.0005274378972522298,-0.005972562236858221,-0.9188557097892412,938.8821935601736,1458061.75763,113053.81837499997,0.001,2028-11-07T00:00:00Z,HOLD,-0.9188557097892412,0.0
hist_gradient_boosting,559666,Will Tim Walz win the 2028 Democratic presidential nomination?,will-tim-walz-win-the-2028-democratic-presidential-nomination-475,0.007499999832361937,0.0015012605175052562,0.0015012605175052562,-0.00599873931485668,-0.7998319265251941,938.8821935601736,1281540.09263,37307.903709,0.001,2028-11-07T00:00:00Z,HOLD,-0.7998319265251941,0.0
hist_gradient_boosting,1632628,Will Anish Giri win the 2026 FIDE Candidates Tournament?,will-anish-giri-win-the-2026-fide-candidates-tournament,0.006500000134110451,0.0004832737255772218,0.0004832737255772218,-0.006016726408533229,-0.925650197599056,3.882193560173611,27771.26195,11582.626333,0.001,2026-04-17T00:00:00Z,HOLD,-0.925650197599056,0.0
hist_gradient_boosting,1632630,Will Praggnanandhaa R win the 2026 FIDE Candidates Tournament?,will-praggnanandhaa-r-win-the-2026-fide-candidates-tournament,0.006500000134110451,0.0004655301966424623,0.0004655301966424623,-0.006034469937467988,-0.9283799712250049,3.882193560173611,29665.39812,11314.855535,0.001,2026-04-17T00:00:00Z,HOLD,-0.9283799712250049,0.0
hist_gradient_boosting,561242,Will Tulsi Gabbard win the 2028 US Presidential Election?,will-tulsi-gabbard-win-the-2028-us-presidential-election,0.006500000134110451,0.00042890750007262,0.00042890750007262,-0.006071092634037831,-0.9340142321195017,938.8821935601736,1090194.95679,21731.762372000005,0.001,2028-11-07T00:00:00Z,HOLD,-0.9340142321195017,0.0
hist_gradient_boosting,669661,Will the Fed decrease interest rates by 25 bps after the April 2026 meeting?,will-the-fed-decrease-interest-rates-by-25-bps-after-the-april-2026-meeting,0.006500000134110451,0.0004030877339567948,0.0004030877339567948,-0.006096912400153656,-0.9379865037476713,15.88219356017361,753938.33605,931520.8025719994,0.001,2026-04-29T00:00:00Z,HOLD,-0.9379865037476713,0.0
hist_gradient_boosting,616910,Will 8 Fed rate cuts happen in 2026?,will-8-fed-rate-cuts-happen-in-2026,0.007499999832361937,0.0013780049761990434,0.0013780049761990434,-0.006121994856162893,-0.8162659990666858,261.8821935601736,74766.31294,11735.488768999998,0.001,2026-12-31T00:00:00Z,HOLD,-0.8162659990666858,0.0
hist_gradient_boosting,679020,Will Éric Zemmour win the 2027 French presidential election?,will-ric-zemmour-win-the-2027-french-presidential-election,0.007499999832361937,0.0013711213770370024,0.0013711213770370024,-0.006128878455324934,-0.8171838123088061,381.8821935601736,75745.21586,11481.530571,0.001,2027-04-30T00:00:00Z,HOLD,-0.8171838123088061,0.0
hist_gradient_boosting,558965,Will Senegal win the 2026 FIFA World Cup?,will-senegal-win-the-2026-fifa-world-cup,0.007499999832361937,0.0013070787700537002,0.0013070787700537002,-0.006192921062308236,-0.8257228267641082,97.88219356017362,1244587.95408,32511.726121000007,0.001,2026-07-20T00:00:00Z,HOLD,-0.8257228267641082,0.0
hist_gradient_boosting,906600,Gensyn FDV above $2B one day after launch?,gensyn-fdv-above-2b-one-day-after-launch-993-187-779,0.007499999832361937,0.001234736066857107,0.001234736066857107,-0.00626526376550483,-0.8353685207392522,263.09052689350693,22654.33499,13790.122333,0.003,2027-01-01T05:00:00Z,HOLD,-0.8353685207392522,0.0
hist_gradient_boosting,1823772,"Will Bitcoin reach $100,000 in April?",will-bitcoin-reach-100k-in-april-2026,0.006500000134110451,0.00020271149855226328,0.00020271149855226328,-0.0062972886355581875,-0.9688136162507933,18.048860226840276,205816.56203,20935.55606600001,0.001,2026-05-01T04:00:00Z,HOLD,-0.9688136162507933,0.0
hist_gradient_boosting,558985,Will Turkiye win the 2026 FIFA World Cup?,will-turkiye-win-the-2026-fifa-world-cup,0.007499999832361937,0.0011853752341110678,0.0011853752341110678,-0.006314624598250869,-0.8419499652524973,97.88219356017362,2013668.20988,108560.38185199999,0.001,2026-07-20T00:00:00Z,HOLD,-0.8419499652524973,0.0
hist_gradient_boosting,1487058,Will Alphabet be the largest company in the world by market cap on April 30?,will-alphabet-be-the-largest-company-in-the-world-by-market-cap-on-april-30,0.007000000216066837,0.0006598596212527075,0.0006598596212527075,-0.0063401405948141296,-0.9057343427307106,16.88219356017361,75146.35355,14723.859983999999,0.002,2026-04-30T00:00:00Z,HOLD,-0.9057343427307106,0.0
hist_gradient_boosting,562006,Will Eric Trump win the 2028 Republican presidential nomination?,will-eric-trump-win-the-2028-republican-presidential-nomination,0.007499999832361937,0.0010886965428529016,0.0010886965428529016,-0.006411303289509035,-0.8548404577083778,938.8821935601736,1202263.65465,26267.156566,0.001,2028-11-07T00:00:00Z,HOLD,-0.8548404577083778,0.0
hist_gradient_boosting,842026,Will Moldova win Eurovision 2026?,will-moldova-win-eurovision-2026,0.007000000216066837,0.0004961552392600307,0.0004961552392600307,-0.006503844976806806,-0.9291206822935199,32.88219356017361,195712.8355,27226.408616999997,0.002,2026-05-16T00:00:00Z,HOLD,-0.9291206822935199,0.0
hist_gradient_boosting,559671,Will Zohran Mamdani win the 2028 Democratic presidential nomination?,will-zohran-mamdani-win-the-2028-democratic-presidential-nomination-445,0.007499999832361937,0.0009175671283160045,0.0009175671283160045,-0.006582432704045932,-0.8776577134899695,938.8821935601736,1217263.23346,55951.962997,0.001,2028-11-07T00:00:00Z,HOLD,-0.8776577134899695,0.0
hist_gradient_boosting,559664,Will Raphael Warnock win the 2028 Democratic presidential nomination?,will-raphael-warnock-win-the-2028-democratic-presidential-nomination-914,0.007499999832361937,0.0009135029203990877,0.0009135029203990877,-0.006586496911962849,-0.878199607891004,938.8821935601736,858819.66049,39174.270282,0.001,2028-11-07T00:00:00Z,HOLD,-0.878199607891004,0.0
hist_gradient_boosting,1823805,Will Ethereum dip to $800 in April?,will-ethereum-dip-to-800-in-april-2026,0.007499999832361937,0.0008210875478718075,0.0008210875478718075,-0.006678912284490129,-0.8905216578367273,18.048860226840276,80669.56415,14383.104452000001,0.001,2026-05-01T04:00:00Z,HOLD,-0.8905216578367273,0.0
hist_gradient_boosting,553830,Will the Tampa Bay Lightning win the 2026 NHL Stanley Cup?,will-the-tampa-bay-lightning-win-the-2026-nhl-stanley-cup,0.148499995470047,0.1418099885447037,0.1418099885447037,-0.0066900069253433,-0.04505055306006861,77.8821935601736,85284.65828,113983.896491,0.002,2026-06-30T00:00:00Z,HOLD,-0.04505055306006861,0.0
hist_gradient_boosting,559683,Will George Clooney win the 2028 Democratic presidential nomination?,will-george-clooney-win-the-2028-democratic-presidential-nomination,0.007499999832361937,0.0007895064150310846,0.0007895064150310846,-0.006710493417330852,-0.8947324756429429,938.8821935601736,718118.2335,12077.919565,0.001,2028-11-07T00:00:00Z,HOLD,-0.8947324756429429,0.0
hist_gradient_boosting,561992,Will Katie Britt win the 2028 Republican presidential nomination?,will-katie-britt-win-the-2028-republican-presidential-nomination,0.007499999832361937,0.0007690282763849678,0.0007690282763849678,-0.006730971555976969,-0.8974628941901214,938.8821935601736,1565682.18874,11611.28385,0.001,2028-11-07T00:00:00Z,HOLD,-0.8974628941901214,0.0
hist_gradient_boosting,559677,Will Hillary Clinton win the 2028 Democratic presidential nomination?,will-hillary-clinton-win-the-2028-democratic-presidential-nomination,0.007499999832361937,0.0007451223454143602,0.0007451223454143602,-0.006754877486947576,-0.9006503517241142,938.8821935601736,1605103.85493,42105.02328,0.001,2028-11-07T00:00:00Z,HOLD,-0.9006503517241142,0.0
hist_gradient_boosting,678935,Will Park Yong-jin win the 2026 Seoul Mayoral Election,will-park-yong-jin-win-the-2026-seoul-mayoral-election,0.007499999832361937,0.0007050205665198682,0.0007050205665198682,-0.0067949792658420684,-0.9059972556962258,50.882193560173604,53421.18434,12371.959138,0.001,2026-06-03T00:00:00Z,HOLD,-0.9059972556962258,0.0
hist_gradient_boosting,566159,Will Sporting win the 2025–26 Champions League?,will-sporting-win-the-202526-champions-league,0.012500000186264515,0.005699535855373367,0.005699535855373367,-0.006800464330891148,-0.5440371383645067,47.88219356017361,639362.1652,33976.712675999996,0.001,2026-05-31T00:00:00Z,HOLD,-0.5440371383645067,0.0
hist_gradient_boosting,553869,Will the Philadelphia 76ers win the 2026 NBA Finals?,will-the-philadelphia-76ers-win-the-2026-nba-finals,0.007499999832361937,0.000696691508602414,0.000696691508602414,-0.006803308323759523,-0.9071077967767089,78.8821935601736,349598.32659,90226.171977,0.001,2026-07-01T00:00:00Z,HOLD,-0.9071077967767089,0.0
hist_gradient_boosting,906976,Will the Fed increase interest rates by 50+ bps after the June 2026 meeting?,will-the-fed-increase-interest-rates-by-50-bps-after-the-june-2026-meeting,0.007499999832361937,0.0006952458832079553,0.0006952458832079553,-0.006804753949153981,-0.9073005468336117,64.8821935601736,183705.47732,29735.91071,0.001,2026-06-17T00:00:00Z,HOLD,-0.9073005468336117,0.0
hist_gradient_boosting,559676,Will Barack Obama win the 2028 Democratic presidential nomination?,will-barack-obama-win-the-2028-democratic-presidential-nomination-265,0.007499999832361937,0.000597394053706849,0.000597394053706849,-0.0069026057786550875,-0.9203474577253804,938.8821935601736,1873267.86265,38873.774281000005,0.001,2028-11-07T00:00:00Z,HOLD,-0.9203474577253804,0.0
hist_gradient_boosting,561245,Will Nikki Haley win the 2028 US Presidential Election?,will-nikki-haley-win-the-2028-us-presidential-election,0.007499999832361937,0.0005744515021976983,0.0005744515021976983,-0.006925548330164238,-0.9234064646616412,938.8821935601736,1450115.23647,14583.969996000002,0.001,2028-11-07T00:00:00Z,HOLD,-0.9234064646616412,0.0
hist_gradient_boosting,559685,Will MrBeast win the 2028 Democratic presidential nomination?,will-mrbeast-win-the-2028-democratic-presidential-nomination,0.007499999832361937,0.000554831619382147,0.000554831619382147,-0.00694516821297979,-0.92602244909552,938.8821935601736,1193455.63522,11241.245996000001,0.001,2028-11-07T00:00:00Z,HOLD,-0.92602244909552,0.0
hist_gradient_boosting,559688,Will Andrew Yang win the 2028 Democratic presidential nomination?,will-andrew-yang-win-the-2028-democratic-presidential-nomination,0.007499999832361937,0.0004592796634524531,0.0004592796634524531,-0.007040720168909483,-0.9387627101709127,938.8821935601736,1185167.60843,11870.374854000002,0.001,2028-11-07T00:00:00Z,HOLD,-0.9387627101709127,0.0
hist_gradient_boosting,678931,Will Cho Eun-hee win the 2026 Seoul Mayoral Election,will-cho-eun-hee-win-the-2026-seoul-mayoral-election,0.007499999832361937,0.0004329559021536527,0.0004329559021536527,-0.007067043930208284,-0.9422725450892038,50.882193560173604,91894.63414,14152.406417999997,0.001,2026-06-03T00:00:00Z,HOLD,-0.9422725450892038,0.0
hist_gradient_boosting,561260,Will Thomas Massie win the 2028 US Presidential Election?,will-thomas-massie-win-the-2028-us-presidential-election,0.009499999694526196,0.0022459894131819725,0.0022459894131819725,-0.007254010281344223,-0.7635800541682028,938.8821935601736,732910.10251,60653.811583,0.001,2028-11-07T00:00:00Z,HOLD,-0.7635800541682028,0.0
hist_gradient_boosting,559691,Will Chris Murphy win the 2028 Democratic presidential nomination?,will-chris-murphy-win-the-2028-democratic-presidential-nomination,0.008500000461935997,0.0012157221510886221,0.0012157221510886221,-0.007284278310847375,-0.8569738723506228,938.8821935601736,860814.43863,39073.117805,0.001,2028-11-07T00:00:00Z,HOLD,-0.8569738723506228,0.0
hist_gradient_boosting,1823785,"Will Bitcoin dip to $35,000 in April?",will-bitcoin-dip-to-35k-in-april-2026,0.008500000461935997,0.001113163378804578,0.001113163378804578,-0.007386837083131419,-0.8690396096106753,18.048860226840276,162020.36964,10859.00953,0.001,2026-05-01T04:00:00Z,HOLD,-0.8690396096106753,0.0
hist_gradient_boosting,553881,Will the Atlanta Hawks win the 2026 NBA Finals?,will-the-atlanta-hawks-win-the-2026-nba-finals,0.008500000461935997,0.0010352359431670876,0.0010352359431670876,-0.007464764518768909,-0.8782075427168509,78.8821935601736,299619.27793,12622.664847000002,0.001,2026-07-01T00:00:00Z,HOLD,-0.8782075427168509,0.0
hist_gradient_boosting,559672,Will Roy Cooper win the 2028 Democratic presidential nomination?,will-roy-cooper-win-the-2028-democratic-presidential-nomination-286,0.008500000461935997,0.0010013932156965296,0.0010013932156965296,-0.007498607246239467,-0.8821890398499522,938.8821935601736,1243506.21224,47097.63398599999,0.001,2028-11-07T00:00:00Z,HOLD,-0.8821890398499522,0.0
hist_gradient_boosting,1712304,Will WTI Crude Oil (WTI) hit (LOW) $50 in April?,will-wti-dip-to-50-in-april-2026-367-468-151,0.00800000037997961,0.0004998077511369564,0.0004998077511369564,-0.007500192628842654,-0.9375240340753296,18.048860215266203,15048.4951,22027.345425,0.004,2026-05-01T03:59:59.999Z,HOLD,-0.9375240340753296,0.0
hist_gradient_boosting,559684,Will Chelsea Clinton win the 2028 Democratic presidential nomination?,will-chelsea-clinton-win-the-2028-democratic-presidential-nomination,0.008500000461935997,0.0009548619608373914,0.0009548619608373914,-0.007545138501098605,-0.8876633048299967,938.8821935601736,577312.20676,90074.87773600001,0.001,2028-11-07T00:00:00Z,HOLD,-0.8876633048299967,0.0
hist_gradient_boosting,558955,Will Ecuador win the 2026 FIFA World Cup?,will-ecuador-win-the-2026-fifa-world-cup-986,0.008500000461935997,0.0008499623225787908,0.0008499623225787908,-0.007650038139357206,-0.9000044380720892,97.88219356017362,1266794.57542,695144.355191,0.001,2026-07-20T00:00:00Z,HOLD,-0.9000044380720892,0.0
hist_gradient_boosting,561244,Will Donald Trump Jr. win the 2028 US Presidential Election?,will-donald-trump-jr-win-the-2028-us-presidential-election,0.008500000461935997,0.0006766332798827743,0.0006766332798827743,-0.007823367182053223,-0.9203960890457809,938.8821935601736,1074572.80561,35781.00180300001,0.001,2028-11-07T00:00:00Z,HOLD,-0.9203960890457809,0.0
hist_gradient_boosting,906972,Will the Fed decrease interest rates by 50+ bps after the June 2026 meeting?,will-the-fed-decrease-interest-rates-by-50-bps-after-the-june-2026-meeting,0.008500000461935997,0.0006722244542619275,0.0006722244542619275,-0.00782777600767407,-0.9209147743847512,64.8821935601736,238677.17282,24309.527109999995,0.001,2026-06-17T00:00:00Z,HOLD,-0.9209147743847512,0.0
hist_gradient_boosting,559678,Will Liz Cheney win the 2028 Democratic presidential nomination?,will-liz-cheney-win-the-2028-democratic-presidential-nomination-551,0.008500000461935997,0.0006220733399315938,0.0006220733399315938,-0.007877927122004403,-0.9268149051617924,938.8821935601736,1051026.1386,38078.212486,0.001,2028-11-07T00:00:00Z,HOLD,-0.9268149051617924,0.0
hist_gradient_boosting,601829,Will Camilo Santana win the 2026 Brazilian presidential election?,will-camilo-santana-win-the-2026-brazilian-presidential-election,0.009499999694526196,0.0016193190468991921,0.0016193190468991921,-0.007880680647627003,-0.8295453580033031,173.88219356017362,14345.71323,29017.660909,0.001,2026-10-04T00:00:00Z,HOLD,-0.8295453580033031,0.0
hist_gradient_boosting,559669,Will Rahm Emanuel win the 2028 Democratic presidential nomination?,will-rahm-emanuel-win-the-2028-democratic-presidential-nomination-299,0.008500000461935997,0.000618201416290664,0.000618201416290664,-0.007881799045645333,-0.9272704255653818,938.8821935601736,890650.58357,23480.473471,0.001,2028-11-07T00:00:00Z,HOLD,-0.9272704255653818,0.0
hist_gradient_boosting,561235,Will Wes Moore win the 2028 US Presidential Election?,will-wes-moore-win-the-2028-us-presidential-election,0.008500000461935997,0.000613562935734654,0.000613562935734654,-0.007886437526201343,-0.9278161291305499,938.8821935601736,1037148.16501,12061.801861000004,0.001,2028-11-07T00:00:00Z,HOLD,-0.9278161291305499,0.0
hist_gradient_boosting,561259,Will Ro Khanna win the 2028 US Presidential Election?,will-ro-khanna-win-the-2028-us-presidential-election,0.008500000461935997,0.0005498222606551484,0.0005498222606551484,-0.007950178201280848,-0.935315031673549,938.8821935601736,1288983.73018,20718.623430000007,0.001,2028-11-07T00:00:00Z,HOLD,-0.935315031673549,0.0
hist_gradient_boosting,842025,Will Malta win Eurovision 2026?,will-malta-win-eurovision-2026,0.008500000461935997,0.0004765372612277105,0.0004765372612277105,-0.008023463200708287,-0.9439367958435179,32.88219356017361,144071.06902,11307.083848000004,0.001,2026-05-16T00:00:00Z,HOLD,-0.9439367958435179,0.0
hist_gradient_boosting,559656,Will Wes Moore win the 2028 Democratic presidential nomination?,will-wes-moore-win-the-2028-democratic-presidential-nomination-714,0.012500000186264515,0.004466635869948125,0.004466635869948125,-0.008033364316316391,-0.6426691357287949,938.8821935601736,634994.74715,23989.306349000002,0.001,2028-11-07T00:00:00Z,HOLD,-0.6426691357287949,0.0
hist_gradient_boosting,1576159,Mojtaba Khamenei seen in public by April 30?,mojtaba-khamenei-seen-in-public-by-april-30,0.18000000715255737,0.1717386746564347,0.1717386746564347,-0.00826133249612268,-0.045896289821371304,16.88219356017361,27035.5558,45917.458854,0.02,2026-04-30T00:00:00Z,HOLD,-0.045896289821371304,0.0
hist_gradient_boosting,1823773,"Will Bitcoin reach $95,000 in April?",will-bitcoin-reach-95k-in-april-2026,0.009499999694526196,0.0012043582429829246,0.0012043582429829246,-0.008295641451543271,-0.8732254440306073,18.048860226840276,149025.75198,11153.439553,0.001,2026-05-01T04:00:00Z,HOLD,-0.8732254440306073,0.0
hist_gradient_boosting,679032,Will Fabien Roussel win the 2027 French presidential election?,will-fabien-roussel-win-the-2027-french-presidential-election,0.009499999694526196,0.0011799428144986168,0.0011799428144986168,-0.008320056880027578,-0.8757954892168587,381.8821935601736,133849.65009,246524.31696700002,0.001,2027-04-30T00:00:00Z,HOLD,-0.8757954892168587,0.0
hist_gradient_boosting,561250,Will Elon Musk win the 2028 US Presidential Election?,will-elon-musk-win-the-2028-us-presidential-election,0.009499999694526196,0.0011792626384855482,0.0011792626384855482,-0.008320737056040648,-0.875867086694221,938.8821935601736,1128942.07032,12601.224772999996,0.001,2028-11-07T00:00:00Z,HOLD,-0.875867086694221,0.0
hist_gradient_boosting,842012,Will Czechia win Eurovision 2026?,will-czechia-win-eurovision-2026,0.012500000186264515,0.004141399480115706,0.004141399480115706,-0.008358600706148809,-0.6686880465276763,32.88219356017361,131282.19334,55890.72146,0.001,2026-05-16T00:00:00Z,HOLD,-0.6686880465276763,0.0
hist_gradient_boosting,559673,Will John Fetterman win the 2028 Democratic presidential nomination?,will-john-fetterman-win-the-2028-democratic-presidential-nomination-941,0.009499999694526196,0.0008485523654104091,0.0008485523654104091,-0.008651447329115786,-0.9106786955057129,938.8821935601736,886161.03733,14727.34611,0.001,2028-11-07T00:00:00Z,HOLD,-0.9106786955057129,0.0
hist_gradient_boosting,561236,Will Gretchen Whitmer win the 2028 US Presidential Election?,will-gretchen-whitmer-win-the-2028-us-presidential-election,0.009499999694526196,0.000788497892122999,0.000788497892122999,-0.008711501802403196,-0.9170002192129202,938.8821935601736,857920.7813,17687.682101000002,0.001,2028-11-07T00:00:00Z,HOLD,-0.9170002192129202,0.0
hist_gradient_boosting,564161,Will Nikola Jokic win the 2025–2026 NBA MVP?,will-nikola-jokic-win-the-20252026-nba-mvp,0.009999999776482582,0.0010431084673125709,0.0010431084673125709,-0.00895689130917001,-0.8956891509372137,57.882193560173604,92030.81005,25330.583295000004,0.002,2026-06-10T00:00:00Z,HOLD,-0.8956891509372137,0.0
hist_gradient_boosting,561258,Will Jamie Dimon win the 2028 US Presidential Election?,will-jamie-dimon-win-the-2028-us-presidential-election,0.009499999694526196,0.0005258822946548998,0.0005258822946548998,-0.008974117399871296,-0.9446439672037139,938.8821935601736,615480.59967,14828.787209000002,0.001,2028-11-07T00:00:00Z,HOLD,-0.9446439672037139,0.0
hist_gradient_boosting,558974,Will Switzerland win the 2026 FIFA World Cup?,will-switzerland-win-the-2026-fifa-world-cup,0.010499999858438969,0.0014846747366390708,0.0014846747366390708,-0.009015325121799898,-0.8586024041280513,97.88219356017362,862724.79568,74438.924608,0.001,2026-07-20T00:00:00Z,HOLD,-0.8586024041280513,0.0
hist_gradient_boosting,561989,Will Ted Cruz win the 2028 Republican presidential nomination?,will-ted-cruz-win-the-2028-republican-presidential-nomination,0.009499999694526196,0.0004582988615724361,0.0004582988615724361,-0.00904170083295376,-0.9517580130200948,938.8821935601736,757948.31074,22345.055884999998,0.001,2028-11-07T00:00:00Z,HOLD,-0.9517580130200948,0.0
hist_gradient_boosting,1632763,Netanyahu out by April 30?,netanyahu-out-by-april-30,0.009499999694526196,0.00044711653964439623,0.00044711653964439623,-0.0090528831548818,-0.9529350995766852,16.88219356017361,218277.67907,200526.95744800003,0.001,2026-04-30T00:00:00Z,HOLD,-0.9529350995766852,0.0
hist_gradient_boosting,561257,Will Michelle Obama win the 2028 US Presidential Election?,will-michelle-obama-win-the-2028-us-presidential-election,0.009499999694526196,0.00042378908530265046,0.00042378908530265046,-0.009076210609223544,-0.9553906211653003,938.8821935601736,1487159.48647,13224.866388,0.002,2028-11-07T00:00:00Z,HOLD,-0.9553906211653003,0.0
hist_gradient_boosting,1823912,Will Dogecoin reach $0.20 in April?,will-dogecoin-reach-0pt2-in-april-2026,0.010499999858438969,0.001374043178281564,0.001374043178281564,-0.009125956680157405,-0.8691387431612936,18.048860226840276,54800.91185,16097.218963,0.001,2026-05-01T04:00:00Z,HOLD,-0.8691387431612936,0.0
hist_gradient_boosting,842009,Will Bulgaria win Eurovision 2026?,will-bulgaria-win-eurovision-2026,0.009999999776482582,0.0007880618288972082,0.0007880618288972082,-0.009211937947585375,-0.9211938153488237,32.88219356017361,190018.3232,25679.779336,0.002,2026-05-16T00:00:00Z,HOLD,-0.9211938153488237,0.0
hist_gradient_boosting,559665,Will Cory Booker win the 2028 Democratic presidential nomination?,will-corey-booker-win-the-2028-democratic-presidential-nomination-125,0.010499999858438969,0.001233474621383282,0.001233474621383282,-0.009266525237055687,-0.8825262249511437,938.8821935601736,1196559.14029,13130.034426,0.001,2028-11-07T00:00:00Z,HOLD,-0.8825262249511437,0.0
hist_gradient_boosting,1662841,Will Reza Pahlavi enter Iran by April 30?,will-reza-pahlavi-enter-iran-by-april-30,0.012500000186264515,0.0029940439125284994,0.0029940439125284994,-0.009505956273736016,-0.7604764905668985,16.88219356017361,176090.66793,69600.42773699999,0.001,2026-04-30T00:00:00Z,HOLD,-0.7604764905668985,0.0
hist_gradient_boosting,1706294,"Will Iran strike UAE by April 30, 2026?",will-iran-strike-uae-by-april-30-2026,0.8784999847412109,0.8689919815806559,0.8689919815806559,-0.009508003160555,-0.010822997524986723,16.88219356017361,13530.28575,18543.040120999995,0.011,2026-04-30T00:00:00Z,HOLD,-0.010822997524986723,0.0
hist_gradient_boosting,616914,Will 12 or more Fed rate cuts happen in 2026?,will-12-or-more-fed-rate-cuts-happen-in-2026,0.010499999858438969,0.0008455403311458745,0.0008455403311458745,-0.009654459527293094,-0.9194723483290045,261.8821935601736,66232.55251,12743.797914,0.001,2026-12-31T00:00:00Z,HOLD,-0.9194723483290045,0.0
hist_gradient_boosting,559657,Will Stephen A. Smith win the 2028 Democratic presidential nomination?,will-stephen-a-smith-win-the-2028-democratic-presidential-nomination-914,0.017999999225139618,0.008286834023598094,0.008286834023598094,-0.009713165201541524,-0.5396203122039959,938.8821935601736,309916.32729,522671.1425849999,0.001,2028-11-07T00:00:00Z,HOLD,-0.5396203122039959,0.0
hist_gradient_boosting,669663,Will the Fed increase interest rates by 25+ bps after the April 2026 meeting?,will-the-fed-increase-interest-rates-by-25-bps-after-the-april-2026-meeting,0.010499999858438969,0.0006014142127552956,0.0006014142127552956,-0.009898585645683673,-0.9427224551558511,15.88219356017361,196505.43978,964495.830124,0.001,2026-04-29T00:00:00Z,HOLD,-0.9427224551558511,0.0
hist_gradient_boosting,553843,Will the Philadelphia Flyers win the 2026 NHL Stanley Cup?,will-the-philadelphia-flyers-win-the-2026-nhl-stanley-cup,0.010999999940395355,0.0008842929294513418,0.0008842929294513418,-0.010115707010944013,-0.9196097332506386,77.8821935601736,90756.88171,11578.495047,0.001,2026-06-30T00:00:00Z,HOLD,-0.9196097332506386,0.0
hist_gradient_boosting,561990,Will Elon Musk win the 2028 Republican presidential nomination?,will-elon-musk-win-the-2028-republican-presidential-nomination,0.010999999940395355,0.0007859287294594514,0.0007859287294594514,-0.010214071210935904,-0.9285519332983556,938.8821935601736,1468074.43604,327488.310096,0.001,2028-11-07T00:00:00Z,HOLD,-0.9285519332983556,0.0
hist_gradient_boosting,553882,Will the Charlotte Hornets win the 2026 NBA Finals?,will-the-charlotte-hornets-win-the-2026-nba-finals,0.010999999940395355,0.0007757685154543367,0.0007757685154543367,-0.010224231424941018,-0.9294755891220073,78.8821935601736,523799.79419,378589.1398839999,0.002,2026-07-01T00:00:00Z,HOLD,-0.9294755891220073,0.0
hist_gradient_boosting,842011,Will Cyprus win Eurovision 2026?,will-cyprus-win-eurovision-2026,0.010999999940395355,0.0006950301339233307,0.0006950301339233307,-0.010304969806472025,-0.9368154420282343,32.88219356017361,143719.9958,12797.168419000001,0.002,2026-05-16T00:00:00Z,HOLD,-0.9368154420282343,0.0
hist_gradient_boosting,1854198,"Will Elon Musk post 160-179 tweets from April 7 to April 14, 2026?",elon-musk-of-tweets-april-7-april-14-160-179,0.011500000022351742,0.001051102740642593,0.001051102740642593,-0.01044889728170915,-0.9085997618609011,1.5488602268402778,35389.20191,12812.899376000003,0.002,2026-04-14T16:00:00Z,HOLD,-0.9085997618609011,0.0
hist_gradient_boosting,1500755,Will Judy Shelton be confirmed as Fed Chair?,will-judy-shelton-be-confirmed-as-fed-chair,0.011500000022351742,0.000985297468256103,0.000985297468256103,-0.010514702554095638,-0.9143219594486043,200.8821935601736,414912.15138,239001.69856999992,0.002,2026-10-31T00:00:00Z,HOLD,-0.9143219594486043,0.0
hist_gradient_boosting,558945,Will Mexico win the 2026 FIFA World Cup?,will-mexico-win-the-2026-fifa-world-cup-529,0.011500000022351742,0.0008166232048189272,0.0008166232048189272,-0.010683376817532815,-0.9289892866755032,97.88219356017362,719487.93676,52017.385567,0.001,2026-07-20T00:00:00Z,HOLD,-0.9289892866755032,0.0
hist_gradient_boosting,558976,Will Croatia win the 2026 FIFA World Cup?,will-croatia-win-the-2026-fifa-world-cup,0.011500000022351742,0.000755039801473325,0.000755039801473325,-0.010744960220878418,-0.9343443652168864,97.88219356017362,978284.14672,145627.4983230001,0.001,2026-07-20T00:00:00Z,HOLD,-0.9343443652168864,0.0
hist_gradient_boosting,561252,Will Dwayne 'The Rock' Johnson win the 2028 US Presidential Election?,will-dwayne-the-rock-johnson-win-the-2028-us-presidential-election,0.012500000186264515,0.001706019091028519,0.001706019091028519,-0.010793981095235996,-0.8635184747514516,938.8821935601736,370608.72329,26252.280657,0.001,2028-11-07T00:00:00Z,HOLD,-0.8635184747514516,0.0
hist_gradient_boosting,706279,Will Trump visit China by April 30?,will-trump-visit-china-by-april-30,0.010999999940395355,0.00019800437087514065,0.00019800437087514065,-0.010801995569520214,-0.9819996025501774,16.88219356017361,267612.54194,309526.00166400004,0.002,2026-04-30T00:00:00Z,HOLD,-0.9819996025501774,0.0
hist_gradient_boosting,561976,Will Tulsi Gabbard win the 2028 Republican presidential nomination?,will-tulsi-gabbard-win-the-2028-republican-presidential-nomination,0.011500000022351742,0.000694022866455529,0.000694022866455529,-0.010805977155896212,-0.9396501856429038,938.8821935601736,1318573.79264,133584.467544,0.001,2028-11-07T00:00:00Z,HOLD,-0.9396501856429038,0.0
hist_gradient_boosting,558944,Will Uruguay win the 2026 FIFA World Cup?,will-uruguay-win-the-2026-fifa-world-cup-932,0.011500000022351742,0.0006649420411163353,0.0006649420411163353,-0.010835057981235406,-0.9421789530587883,97.88219356017362,1492793.37707,59084.94711799999,0.001,2026-07-20T00:00:00Z,HOLD,-0.9421789530587883,0.0
hist_gradient_boosting,1707316,"Will the US officially declare war on Iran by April 30, 2026?",will-the-us-officially-declare-war-on-iran-by-april-30-2026,0.014499999582767487,0.0036543692696392313,0.0036543692696392313,-0.010845630313128254,-0.7479745258763825,16.88219356017361,95270.39013,91322.39062100003,0.002,2026-04-30T00:00:00Z,HOLD,-0.7479745258763825,0.0
hist_gradient_boosting,558963,Will Morocco win the 2026 FIFA World Cup?,will-morocco-win-the-2026-fifa-world-cup-464,0.016499999910593033,0.005614281865122599,0.005614281865122599,-0.010885718045470434,-0.6597404911791412,97.88219356017362,479806.45609,126749.98860400004,0.001,2026-07-20T00:00:00Z,HOLD,-0.6597404911791412,0.0
hist_gradient_boosting,540881,GTA VI released before June 2026?,gta-vi-released-before-june-2026,0.011500000022351742,0.0005714950124747922,0.0005714950124747922,-0.01092850500987695,-0.9503047816205202,48.38219356017361,49884.40156,43432.558260000005,0.001,2026-05-31T12:00:00Z,HOLD,-0.9503047816205202,0.0
hist_gradient_boosting,559693,Will Ruben Gallego win the 2028 Democratic presidential nomination?,will-ruben-gallego-win-the-2028-democratic-presidential-nomination,0.012500000186264515,0.0013402120783977153,0.0013402120783977153,-0.0111597881078668,-0.89278303532584,938.8821935601736,285840.37677,21681.647359,0.001,2028-11-07T00:00:00Z,HOLD,-0.89278303532584,0.0
hist_gradient_boosting,561241,Will JB Pritzker win the 2028 US Presidential Election?,will-jb-pritzker-win-the-2028-us-presidential-election,0.013500000350177288,0.002283440838015584,0.002283440838015584,-0.011216559512161705,-0.8308562386084978,938.8821935601736,387993.76556,36514.686327,0.001,2028-11-07T00:00:00Z,HOLD,-0.8308562386084978,0.0
hist_gradient_boosting,559659,Will Gretchen Whitmer win the 2028 Democratic presidential nomination?,will-gretchen-whitmer-win-the-2028-democratic-presidential-nomination-676,0.013000000268220901,0.001648746447509519,0.001648746447509519,-0.011351253820711383,-0.8731733528083107,938.8821935601736,586467.3406,30860.796139,0.001,2028-11-07T00:00:00Z,HOLD,-0.8731733528083107,0.0
hist_gradient_boosting,1733817,Trump out as President by April 30?,trump-out-as-president-by-april-30,0.014499999582767487,0.0031266278017166717,0.0031266278017166717,-0.011373371781050814,-0.784370490228668,16.88219356017361,437213.68924,1474458.4480439995,0.001,2026-04-30T00:00:00Z,HOLD,-0.784370490228668,0.0
hist_gradient_boosting,561237,Will Andy Beshear win the 2028 US Presidential Election?,will-andy-beshear-win-the-2028-us-presidential-election,0.014000000432133675,0.0023566132594498236,0.0023566132594498236,-0.011643387172683851,-0.8316704866636448,938.8821935601736,490046.56812,372903.72786399996,0.001,2028-11-07T00:00:00Z,HOLD,-0.8316704866636448,0.0
hist_gradient_boosting,1823784,"Will Bitcoin dip to $40,000 in April?",will-bitcoin-dip-to-40k-in-april-2026,0.014499999582767487,0.0027810413164376623,0.0027810413164376623,-0.011718958266329824,-0.8082040416233675,18.048860226840276,124879.17437,30096.123029999995,0.001,2026-05-01T04:00:00Z,HOLD,-0.8082040416233675,0.0
hist_gradient_boosting,558943,Will USA win the 2026 FIFA World Cup?,will-usa-win-the-2026-fifa-world-cup-467,0.014499999582767487,0.0020391885740776603,0.0020391885740776603,-0.012460811008689825,-0.8593663011893371,97.88219356017362,1366372.18669,31928.99999799998,0.001,2026-07-20T00:00:00Z,HOLD,-0.8593663011893371,0.0
hist_gradient_boosting,1632629,Will Javokhir Sindarov win the 2026 FIDE Candidates Tournament?,will-javokhir-sindarov-win-the-2026-fide-candidates-tournament,0.8450000286102295,0.8324425802636884,0.8324425802636884,-0.012557448346541045,-0.014860885114044629,3.882193560173611,32328.0934,78777.50213299996,0.01,2026-04-17T00:00:00Z,HOLD,-0.014860885114044629,0.0
hist_gradient_boosting,553863,Will the Los Angeles Lakers win the 2026 NBA Finals?,will-the-los-angeles-lakers-win-the-2026-nba-finals,0.014000000432133675,0.0013503394347218537,0.0013503394347218537,-0.012649660997411822,-0.9035471862113326,78.8821935601736,375378.51044,398651.10126200016,0.001,2026-07-01T00:00:00Z,HOLD,-0.9035471862113326,0.0
hist_gradient_boosting,1500922,"Starmer out by April 30, 2026?",starmer-out-by-april-30-2026,0.014499999582767487,0.001259435971196342,0.001259435971196342,-0.013240563611571145,-0.9131423443147462,78.3821935601736,67845.16852,11010.881005,0.001,2026-06-30T12:00:00Z,HOLD,-0.9131423443147462,0.0
hist_gradient_boosting,558947,Will Colombia win the 2026 FIFA World Cup?,will-colombia-win-the-2026-fifa-world-cup-734,0.01549999974668026,0.002191784643266735,0.002191784643266735,-0.013308215103413524,-0.8585945368330625,97.88219356017362,1242125.96144,23169.953674000008,0.001,2026-07-20T00:00:00Z,HOLD,-0.8585945368330625,0.0
hist_gradient_boosting,1487056,Will Apple be the largest company in the world by market cap on April 30?,will-apple-be-the-largest-company-in-the-world-by-market-cap-on-april-30-541,0.01549999974668026,0.0020486974188211517,0.0020486974188211517,-0.013451302327859108,-0.8678259708191327,16.88219356017361,48796.16454,17600.12064,0.001,2026-04-30T00:00:00Z,HOLD,-0.8678259708191327,0.0
hist_gradient_boosting,1439560,"Russia x Ukraine ceasefire by April 30, 2026?",russia-x-ukraine-ceasefire-by-april-30-2026,0.014999999664723873,0.0012074770717548926,0.0012074770717548926,-0.013792522592968981,-0.9195015267503928,16.88219356017361,312441.12845,29572.017382,0.002,2026-04-30T00:00:00Z,HOLD,-0.9195015267503928,0.0
hist_gradient_boosting,703258,Will Jesus Christ return before 2027?,will-jesus-christ-return-before-2027,0.03849999979138374,0.024627901741483386,0.024627901741483386,-0.013872098049900358,-0.36031423701474713,261.8821935601736,1640384.36377,79317.59563699998,0.001,2026-12-31T00:00:00Z,HOLD,-0.36031423701474713,0.0
hist_gradient_boosting,561232,Will Pete Buttigieg win the 2028 US Presidential Election?,will-pete-buttigieg-win-the-2028-us-presidential-election,0.01549999974668026,0.0015134220859700435,0.0015134220859700435,-0.013986577660710216,-0.9023598638255343,938.8821935601736,559656.48609,30206.806059000002,0.001,2028-11-07T00:00:00Z,HOLD,-0.9023598638255343,0.0
hist_gradient_boosting,559694,Will Ro Khanna win the 2028 Democratic presidential nomination?,will-ro-khanna-win-the-2028-democratic-presidential-nomination,0.014999999664723873,0.000980830670823137,0.000980830670823137,-0.014019168993900736,-0.9346112871502392,938.8821935601736,275384.20685,491982.584436,0.002,2028-11-07T00:00:00Z,HOLD,-0.9346112871502392,0.0
hist_gradient_boosting,842020,Will Israel win Eurovision 2026?,will-israel-win-eurovision-2026,0.04050000011920929,0.025921062968152785,0.025921062968152785,-0.014578937151056504,-0.3599737557566491,32.88219356017361,145924.07182,15390.571356,0.001,2026-05-16T00:00:00Z,HOLD,-0.3599737557566491,0.0
hist_gradient_boosting,561973,Will Donald Trump win the 2028 Republican presidential nomination?,will-donald-trump-win-the-2028-republican-presidential-nomination,0.016499999910593033,0.001550918454517676,0.001550918454517676,-0.014949081456075358,-0.9060049416411219,938.8821935601736,573125.98252,15120.978339,0.002,2028-11-07T00:00:00Z,HOLD,-0.9060049416411219,0.0
hist_gradient_boosting,559668,Will Mark Kelly win the 2028 Democratic presidential nomination?,will-mark-kelly-win-the-2028-democratic-presidential-nomination-479,0.017500000074505806,0.0019311826863139113,0.0019311826863139113,-0.015568817388191894,-0.8896467041090313,938.8821935601736,337373.53604,350222.25899899995,0.001,2028-11-07T00:00:00Z,HOLD,-0.8896467041090313,0.0
hist_gradient_boosting,558946,Will Belgium win the 2026 FIFA World Cup?,will-belgium-win-the-2026-fifa-world-cup-358,0.019500000402331352,0.0030819790817746637,0.0030819790817746637,-0.01641802132055669,-0.8419497939391739,97.88219356017362,694041.44255,38130.66265200001,0.001,2026-07-20T00:00:00Z,HOLD,-0.8419497939391739,0.0
hist_gradient_boosting,1818150,Genius FDV above $300M one day after launch?,genius-fdv-above-300m-one-day-after-launch,0.17499999701976776,0.1583125566795434,0.1583125566795434,-0.016687440340224374,-0.09535680356805597,628.0905268935069,14356.3215,33286.020199000006,0.06,2028-01-01T05:00:00Z,HOLD,-0.09535680356805597,0.0
hist_gradient_boosting,906975,Will the Fed increase interest rates by 25 bps after the June 2026 meeting?,will-the-fed-increase-interest-rates-by-25-bps-after-the-june-2026-meeting,0.01899999938905239,0.002109395989723379,0.002109395989723379,-0.01689060339932901,-0.8889791548657211,64.8821935601736,167503.89418,32149.459489,0.002,2026-06-17T00:00:00Z,HOLD,-0.8889791548657211,0.0
hist_gradient_boosting,1393068,"Will Bitcoin reach $500,000 by December 31, 2026?",will-bitcoin-reach-500000-by-december-31-2026-864,0.0215000007301569,0.004588230378660551,0.004588230378660551,-0.016911770351496345,-0.7865939431236908,263.09052689350693,121391.09757,10876.972435000003,0.001,2027-01-01T05:00:00Z,HOLD,-0.7865939431236908,0.0
hist_gradient_boosting,1823774,"Will Bitcoin reach $90,000 in April?",will-bitcoin-reach-90k-in-april-2026,0.020500000566244125,0.0034410287266291753,0.0034410287266291753,-0.01705897183961495,-0.8321449448008665,18.048860226840276,102831.47488,74273.01968099999,0.001,2026-05-01T04:00:00Z,HOLD,-0.8321449448008665,0.0
hist_gradient_boosting,553860,Will the Houston Rockets win the 2026 NBA Finals?,will-the-houston-rockets-win-the-2026-nba-finals,0.01850000023841858,0.0013855519728110763,0.0013855519728110763,-0.017114448265607502,-0.9251052997321736,78.8821935601736,251896.78565,56273.063426000015,0.001,2026-07-01T00:00:00Z,HOLD,-0.9251052997321736,0.0
hist_gradient_boosting,601827,Will Ronaldo Caiado win the 2026 Brazilian presidential election?,will-ronaldo-caiado-win-the-2026-brazilian-presidential-election,0.027499999850988388,0.009715017721147702,0.009715017721147702,-0.017784982129840685,-0.6467266264076531,173.88219356017362,48557.73201,21380.445943000002,0.002,2026-10-04T00:00:00Z,HOLD,-0.6467266264076531,0.0
hist_gradient_boosting,566737,Will Lens win the 2025–26 French Ligue 1?,will-lens-win-the-202526-french-ligue-1,0.02199999988079071,0.004181000225975408,0.004181000225975408,-0.0178189996548153,-0.8099545341531548,46.88219356017361,36748.4792,11306.141081,0.004,2026-05-30T00:00:00Z,HOLD,-0.8099545341531548,0.0
hist_gradient_boosting,559695,Will James Talarico win the 2028 Democratic presidential nomination?,will-james-talarico-win-the-2028-democratic-presidential-nomination,0.02250000089406967,0.004341922897246505,0.004341922897246505,-0.018158077996823167,-0.807025656679378,938.8821935601736,319060.66719,245412.187292,0.002,2028-11-07T00:00:00Z,HOLD,-0.807025656679378,0.0
hist_gradient_boosting,559660,Will Andy Beshear win the 2028 Democratic presidential nomination?,will-andy-beshear-win-the-2028-democratic-presidential-nomination-832,0.020500000566244125,0.0023156632258191008,0.0023156632258191008,-0.018184337340425023,-0.8870408213728472,938.8821935601736,599041.05792,20243.849391000003,0.001,2028-11-07T00:00:00Z,HOLD,-0.8870408213728472,0.0
hist_gradient_boosting,1823803,"Will Ethereum dip to $1,200 in April?",will-ethereum-dip-to-1200-in-april-2026,0.0364999994635582,0.018246903977000548,0.018246903977000548,-0.01825309548655765,-0.5000848152006588,18.048860226840276,67906.26264,45947.343308,0.001,2026-05-01T04:00:00Z,HOLD,-0.5000848152006588,0.0
hist_gradient_boosting,1712303,Will WTI Crude Oil (WTI) hit (LOW) $60 in April?,will-wti-dip-to-60-in-april-2026-326-291-744-461,0.020999999716877937,0.0027183470178238404,0.0027183470178238404,-0.018281652699054098,-0.8705549021679714,18.048860215266203,36324.6918,20560.517073,0.002,2026-05-01T03:59:59.999Z,HOLD,-0.8705549021679714,0.0
hist_gradient_boosting,1823782,"Will Bitcoin dip to $50,000 in April?",will-bitcoin-dip-to-50k-in-april-2026,0.06499999761581421,0.04667787409892771,0.04667787409892771,-0.0183221235168865,-0.2818788336759694,18.048860226840276,118411.3862,99207.35441499998,0.01,2026-05-01T04:00:00Z,HOLD,-0.2818788336759694,0.0
hist_gradient_boosting,1820098,Will US withdraw from NATO by April 30?,will-us-withdraw-from-nato-by-april-30-583-663,0.0215000007301569,0.003087859952138392,0.003087859952138392,-0.018412140778018508,-0.8563786117547794,16.88219356017361,112032.7479,397692.486832,0.004,2026-04-30T00:00:00Z,HOLD,-0.8563786117547794,0.0
hist_gradient_boosting,1791572,Will MrBeast's next video get 110 million or more views on week 1?,will-mrbeasts-next-video-get-110-million-or-more-views-on-week-1-575,0.027000000700354576,0.008279077946361272,0.008279077946361272,-0.018720922753993306,-0.6933674914218596,47.88219356017361,9478.38229,36483.949534,0.007,2026-05-31T00:00:00Z,HOLD,-0.6933674914218596,0.0
hist_gradient_boosting,553848,Will the Anaheim Ducks win the 2026 NHL Stanley Cup?,will-the-anaheim-ducks-win-the-2026-nhl-stanley-cup,0.020999999716877937,0.002192480873068703,0.002192480873068703,-0.018807518843809233,-0.8955961474939172,77.8821935601736,174274.83271,16530.051235000003,0.003,2026-06-30T00:00:00Z,HOLD,-0.8955961474939172,0.0
hist_gradient_boosting,1707943,Will Reza Pahlavi enter Iran by May 31?,will-reza-pahlavi-enter-iran-by-may-31,0.035999998450279236,0.017002017138026917,0.017002017138026917,-0.01899798131225232,-0.5277217258353787,47.88219356017361,66700.2914,40301.659476,0.002,2026-05-31T00:00:00Z,HOLD,-0.5277217258353787,0.0
hist_gradient_boosting,1823794,"Will Ethereum reach $3,000 in April?",will-ethereum-reach-3000-in-april-2026,0.03350000083446503,0.014480052735905392,0.014480052735905392,-0.019019948098559634,-0.5677596305905696,18.048860226840276,98391.07587,19735.484370999995,0.001,2026-05-01T04:00:00Z,HOLD,-0.5677596305905696,0.0
hist_gradient_boosting,559675,Will Jon Stewart win the 2028 Democratic presidential nomination?,will-jon-stewart-win-the-2028-democratic-presidential-nomination-518,0.02199999988079071,0.0022496463829581215,0.0022496463829581215,-0.01975035349783259,-0.897743345675088,938.8821935601736,870126.7463,478280.060676,0.002,2028-11-07T00:00:00Z,HOLD,-0.897743345675088,0.0
hist_gradient_boosting,929498,Will SpaceX's public ticker be $SPACE?,will-spacexs-public-ticker-be-space-625,0.02250000089406967,0.0027422277345089748,0.0027422277345089748,-0.019757773159560697,-0.8781232166425494,626.8821935601736,15979.40437,10815.644678,0.006,2027-12-31T00:00:00Z,HOLD,-0.8781232166425494,0.0
hist_gradient_boosting,561233,Will Josh Shapiro win the 2028 US Presidential Election?,will-josh-shapiro-win-the-2028-us-presidential-election,0.020500000566244125,0.0007113516125042379,0.0007113516125042379,-0.019788648953739888,-0.9652999222997306,938.8821935601736,375140.60183,14017.629873,0.001,2028-11-07T00:00:00Z,HOLD,-0.9652999222997306,0.0
hist_gradient_boosting,1791571,Will MrBeast's next video get between 100 and 110 million views on week 1?,will-mrbeasts-next-video-get-between-100-and-110-million-views-on-week-1-174,0.02250000089406967,0.002567253356787284,0.002567253356787284,-0.019932747537282386,-0.8858998553433863,47.88219356017361,9051.25826,21632.845145000003,0.007,2026-05-31T00:00:00Z,HOLD,-0.8858998553433863,0.0
hist_gradient_boosting,1708086,Kharg Island no longer under Iranian control by June 30?,kharg-island-no-longer-under-iranian-control-by-june-30-561-854,0.3050000071525574,0.28503619111779493,0.28503619111779493,-0.01996381603476244,-0.06545513300521588,78.87872133795139,77620.6769,30243.656480999998,0.01,2026-06-30T23:55:00Z,HOLD,-0.06545513300521588,0.0
hist_gradient_boosting,558949,Will Japan win the 2026 FIFA World Cup?,will-japan-win-the-2026-fifa-world-cup-112,0.02199999988079071,0.0019354476921284568,0.0019354476921284568,-0.020064552188662252,-0.9120251044265507,97.88219356017362,254497.2705,274161.02335,0.002,2026-07-20T00:00:00Z,HOLD,-0.9120251044265507,0.0
hist_gradient_boosting,553837,Will the Ottawa Senators win the 2026 NHL Stanley Cup?,will-the-ottawa-senators-win-the-2026-nhl-stanley-cup,0.027499999850988388,0.007175079334325929,0.007175079334325929,-0.02032492051666246,-0.7390880227925511,77.8821935601736,94649.11843,13757.500327999993,0.003,2026-06-30T00:00:00Z,HOLD,-0.7390880227925511,0.0
hist_gradient_boosting,898413,Will Max Verstappen be the 2026 F1 Drivers' Champion?,will-max-verstappen-be-the-2026-f1-drivers-champion,0.0215000007301569,0.0011640112315514566,0.0011640112315514566,-0.02033598949860544,-0.9458599445571757,236.8821935601736,326040.74615,19545.861835,0.001,2026-12-06T00:00:00Z,HOLD,-0.9458599445571757,0.0
hist_gradient_boosting,553859,Will the Minnesota Timberwolves win the 2026 NBA Finals?,will-the-minnesota-timberwolves-win-the-2026-nba-finals,0.02250000089406967,0.0020167844834023158,0.0020167844834023158,-0.020483216410667356,-0.9103651376327776,78.8821935601736,262090.27858,30249.911025999998,0.001,2026-07-01T00:00:00Z,HOLD,-0.9103651376327776,0.0
hist_gradient_boosting,1570155,"US x Iran meeting by April 30, 2026?",us-x-iran-meeting-by-april-30-2026-392-855,0.29499998688697815,0.27450912987453446,0.27450912987453446,-0.020490857012443686,-0.06946053533315662,16.88219356017361,24221.1936,25732.26922899999,0.01,2026-04-30T00:00:00Z,HOLD,-0.06946053533315662,0.0
hist_gradient_boosting,1807966,Will WTI Crude Oil (WTI) hit (HIGH) $170 in April?,will-wti-crude-oil-wti-hit-high-170-in-april-147,0.07199999690055847,0.051451916629397944,0.051451916629397944,-0.020548080271160528,-0.28539001605153047,18.048860215266203,40078.55549,94796.950388,0.001,2026-05-01T03:59:59.999Z,HOLD,-0.28539001605153047,0.0
hist_gradient_boosting,1763610,US announces military support of Kurds in Iran by April 30?,us-announces-military-support-of-kurds-in-iran-by-april-30,0.13699999451637268,0.11645008835263974,0.11645008835263974,-0.020549906163732937,-0.1499993210676884,16.88219356017361,15815.81409,56953.05581600004,0.003,2026-04-30T00:00:00Z,HOLD,-0.1499993210676884,0.0
hist_gradient_boosting,842031,Will Romania win Eurovision 2026?,will-romania-win-eurovision-2026,0.03150000050663948,0.010944941485310247,0.010944941485310247,-0.020555059021329234,-0.6525415457373309,32.88219356017361,115025.68175,36072.821937,0.001,2026-05-16T00:00:00Z,HOLD,-0.6525415457373309,0.0
hist_gradient_boosting,1712302,Will WTI Crude Oil (WTI) hit (LOW) $70 in April?,will-wti-dip-to-70-in-april-2026-432-431-838-754,0.04500000178813934,0.024243157970307412,0.024243157970307412,-0.02075684381783193,-0.4612631776228688,18.048860215266203,38124.8599,14989.830583,0.01,2026-05-01T03:59:59.999Z,HOLD,-0.4612631776228688,0.0
hist_gradient_boosting,842036,Will Ukraine win Eurovision 2026?,will-ukraine-win-eurovision-2026,0.023000000044703484,0.0021235230976342275,0.0021235230976342275,-0.020876476947069254,-0.9076729089779615,32.88219356017361,140928.67293,17029.879914999998,0.001,2026-05-16T00:00:00Z,HOLD,-0.9076729089779615,0.0
hist_gradient_boosting,558951,Will Norway win the 2026 FIFA World Cup?,will-norway-win-the-2026-fifa-world-cup-893,0.02800000086426735,0.007063875495412259,0.007063875495412259,-0.020936125368855092,-0.7477187400937928,97.88219356017362,725597.62908,321553.08047000004,0.002,2026-07-20T00:00:00Z,HOLD,-0.7477187400937928,0.0
hist_gradient_boosting,898409,Will Lando Norris be the 2026 F1 Drivers' Champion?,will-lando-norris-be-the-2026-f1-drivers-champion,0.023000000044703484,0.0019266649437833234,0.0019266649437833234,-0.02107333510092016,-0.9162319591287565,236.8821935601736,229687.72386,10911.039789000002,0.001,2026-12-06T00:00:00Z,HOLD,-0.9162319591287565,0.0
hist_gradient_boosting,1708133,Iran leadership change by June 30?,iran-leadership-change-by-june-30-689-922,0.25,0.22858988209300296,0.22858988209300296,-0.02141011790699704,-0.08564047162798816,77.8821935601736,20402.7555,47976.06634,0.02,2026-06-30T00:00:00Z,HOLD,-0.08564047162798816,0.0
hist_gradient_boosting,1823783,"Will Bitcoin dip to $45,000 in April?",will-bitcoin-dip-to-45k-in-april-2026,0.029999999329447746,0.008579041670594612,0.008579041670594612,-0.021420957658853136,-0.7140319379216287,18.048860226840276,129203.98163,83201.27320299993,0.002,2026-05-01T04:00:00Z,HOLD,-0.7140319379216287,0.0
hist_gradient_boosting,561979,Will Ron DeSantis win the 2028 Republican presidential nomination?,will-ron-desantis-win-the-2028-republican-presidential-nomination,0.025499999523162842,0.004047506882590579,0.004047506882590579,-0.021452492640572262,-0.8412742369303168,938.8821935601736,355329.72975,586630.4877050001,0.002,2028-11-07T00:00:00Z,HOLD,-0.8412742369303168,0.0
hist_gradient_boosting,601821,Will Fernando Haddad win the 2026 Brazilian presidential election?,will-fernando-haddad-win-the-2026-brazilian-presidential-election,0.045499999076128006,0.0238849158593386,0.0238849158593386,-0.021615083216789406,-0.4750567836413421,173.88219356017362,159779.77048,39376.727591999996,0.001,2026-10-04T00:00:00Z,HOLD,-0.4750567836413421,0.0
hist_gradient_boosting,678784,Will the US strike 15 or more countries in 2026?,will-the-us-strike-15-or-more-countries-in-2026,0.032499998807907104,0.010560079938504293,0.010560079938504293,-0.02193991886940281,-0.6750744515124389,261.8821935601736,16632.95607,14930.106361,0.009,2026-12-31T00:00:00Z,HOLD,-0.6750744515124389,0.0
hist_gradient_boosting,1707593,US announces military support of Iran opposition by April 30?,us-announces-military-support-of-iran-oppostion-by-april-30,0.22499999403953552,0.2028117662008425,0.2028117662008425,-0.02218822783869301,-0.0986143485621348,16.88219356017361,19005.1323,50177.372947999975,0.01,2026-04-30T00:00:00Z,HOLD,-0.0986143485621348,0.0
hist_gradient_boosting,1707932,Will the Iranian regime fall by May 31?,will-the-iranian-regime-fall-by-may-31,0.06499999761581421,0.042784839865803434,0.042784839865803434,-0.022215157750010775,-0.3417716702285836,47.88219356017361,270683.8492,98102.21885300003,0.01,2026-05-31T00:00:00Z,HOLD,-0.3417716702285836,0.0
hist_gradient_boosting,1854276,Rolex Monte Carlo Masters: Francisco Cerundolo vs Stefanos Tsitsipas,atp-cerundo-tsitsip-2026-04-06,0.5249999761581421,0.502679677045156,0.502679677045156,-0.022320299112986053,-0.04251485738403665,0.2571935601736111,44774.7866,22845.96065799999,0.01,2026-04-13T09:00:00Z,HOLD,-0.04251485738403665,0.0
hist_gradient_boosting,1807965,Will WTI Crude Oil (WTI) hit (HIGH) $160 in April?,will-wti-crude-oil-wti-hit-high-160-in-april-469,0.08900000154972076,0.06663715920356945,0.06663715920356945,-0.02236284234615131,-0.2512678871545646,18.048860215266203,42235.72147,63023.31236999999,0.003,2026-05-01T03:59:59.999Z,HOLD,-0.2512678871545646,0.0
hist_gradient_boosting,1664039,Will OpenAI have the best AI model at the end of April 2026?,will-openai-have-the-best-ai-model-at-the-end-of-april-2026,0.05050000175833702,0.02789775313677824,0.02789775313677824,-0.022602248621558782,-0.4475692640511124,16.88219356017361,15403.54178,48480.519003,0.001,2026-04-30T00:00:00Z,HOLD,-0.4475692640511124,0.0
hist_gradient_boosting,1854200,"Will Elon Musk post 180-199 tweets from April 7 to April 14, 2026?",elon-musk-of-tweets-april-7-april-14-180-199,0.025499999523162842,0.0027384235611791425,0.0027384235611791425,-0.0227615759619837,-0.8926108387299496,1.5488602268402778,34999.89966,12124.664174999996,0.003,2026-04-14T16:00:00Z,HOLD,-0.8926108387299496,0.0
hist_gradient_boosting,956590,"Will China invade Taiwan by June 30, 2026?",will-china-invade-taiwan-by-june-30-2026,0.04100000113248825,0.01799297064634411,0.01799297064634411,-0.02300703048614414,-0.5611470695280897,77.8821935601736,159698.4978,347201.8577349999,0.001,2026-06-30T00:00:00Z,HOLD,-0.5611470695280897,0.0
hist_gradient_boosting,1797309,Kharg Island no longer under Iranian control by April 15?,kharg-island-no-longer-under-iranian-control-by-april-15,0.06499999761581421,0.04192670320292797,0.04192670320292797,-0.02307329441288624,-0.35497377321861023,2.878721337951389,343142.6148,281260.321055,0.01,2026-04-15T23:55:00Z,HOLD,-0.35497377321861023,0.0
hist_gradient_boosting,948956,"Bitcoin all time high by June 30, 2026?",bitcoin-all-time-high-by-june-30-2026,0.03350000083446503,0.010019478136038491,0.010019478136038491,-0.023480522698426536,-0.7009111078668875,79.09052689350695,72596.92334,16278.764697,0.003,2026-07-01T05:00:00Z,HOLD,-0.7009111078668875,0.0
hist_gradient_boosting,561239,Will Kamala Harris win the 2028 US Presidential Election?,will-kamala-harris-win-the-2028-us-presidential-election,0.030500000342726707,0.0064871356335375625,0.0064871356335375625,-0.024012864709189147,-0.787307030798623,938.8821935601736,279348.80754,18992.029363000012,0.001,2028-11-07T00:00:00Z,HOLD,-0.787307030798623,0.0
hist_gradient_boosting,1664038,Will Google have the best AI model at the end of April 2026?,will-google-have-the-best-ai-model-at-the-end-of-april-2026,0.026499999687075615,0.002396474256440598,0.002396474256440598,-0.024103525430635018,-0.9095670081230458,16.88219356017361,22446.52158,12714.398882000003,0.001,2026-04-30T00:00:00Z,HOLD,-0.9095670081230458,0.0
hist_gradient_boosting,561253,Will Tucker Carlson win the 2028 US Presidential Election?,will-tucker-carlson-win-the-2028-us-presidential-election,0.026000000536441803,0.0016698966152798261,0.0016698966152798261,-0.024330103921161975,-0.9357732084297734,938.8821935601736,255014.43129,16325.685371,0.002,2028-11-07T00:00:00Z,HOLD,-0.9357732084297734,0.0
hist_gradient_boosting,553839,Will the Utah Mammoth win the 2026 NHL Stanley Cup?,will-the-utah-mammoth-win-the-2026-nhl-stanley-cup,0.02850000001490116,0.003961505292000351,0.003961505292000351,-0.02453849472290081,-0.8609998143884531,77.8821935601736,155993.13839,18218.256368,0.003,2026-06-30T00:00:00Z,HOLD,-0.8609998143884531,0.0
hist_gradient_boosting,1807967,Will WTI Crude Oil (WTI) hit (HIGH) $200 in April?,will-wti-crude-oil-wti-hit-high-200-in-april,0.03150000050663948,0.006901974732911955,0.006901974732911955,-0.024598025773727526,-0.7808896945427929,18.048860215266203,476894.12748,567991.2017010006,0.001,2026-05-01T03:59:59.999Z,HOLD,-0.7808896945427929,0.0
hist_gradient_boosting,558941,Will Netherlands win the 2026 FIFA World Cup?,will-netherlands-win-the-2026-fifa-world-cup-739,0.03350000083446503,0.008532139052166418,0.008532139052166418,-0.02496786178229861,-0.7453092883690768,97.88219356017362,560833.95636,68985.85802299998,0.001,2026-07-20T00:00:00Z,HOLD,-0.7453092883690768,0.0
hist_gradient_boosting,1818152,Genius FDV above $1B one day after launch?,genius-fdv-above-1b-one-day-after-launch,0.03350000083446503,0.00812883203312778,0.00812883203312778,-0.025371168801337246,-0.7573483035628827,628.0905268935069,23002.65242,14670.880245,0.027,2028-01-01T05:00:00Z,HOLD,-0.7573483035628827,0.0
hist_gradient_boosting,559655,Will Josh Shapiro win the 2028 Democratic presidential nomination?,will-josh-shapiro-win-the-2028-democratic-presidential-nomination-977,0.03849999979138374,0.012817488307676737,0.012817488307676737,-0.025682511483707007,-0.667078223970659,938.8821935601736,452954.09482,129946.037918,0.001,2028-11-07T00:00:00Z,HOLD,-0.667078223970659,0.0
hist_gradient_boosting,1706823,US escorts commercial ship through Hormuz by April 15?,us-escorts-commercial-ship-through-hormuz-by-april-15,0.03700000047683716,0.010676848341546849,0.010676848341546849,-0.02632315213529031,-0.7114365350284036,1.8821935601736113,72555.1359,14518.177906,0.002,2026-04-15T00:00:00Z,HOLD,-0.7114365350284036,0.0
hist_gradient_boosting,1632626,Will Fabiano Caruana win the 2026 FIDE Candidates Tournament?,will-fabiano-caruana-win-the-2026-fide-candidates-tournament,0.14499999582767487,0.11749429888379788,0.11749429888379788,-0.027505696943876987,-0.1896944671403033,3.882193560173611,22353.4426,15184.889421000002,0.01,2026-04-17T00:00:00Z,HOLD,-0.1896944671403033,0.0
hist_gradient_boosting,842034,Will Sweden win Eurovision 2026?,will-sweden-win-eurovision-2026,0.03400000184774399,0.005748809191283702,0.005748809191283702,-0.028251192656460287,-0.8309173859158142,32.88219356017361,150937.74677,16162.574748999996,0.001,2026-05-16T00:00:00Z,HOLD,-0.8309173859158142,0.0
hist_gradient_boosting,1707863,Israel military action against Fordow nuclear facility by April 15?,israel-military-action-against-fordow-nuclear-facility-by-april-15,0.05950000137090683,0.03058549354111124,0.03058549354111124,-0.02891450782979559,-0.48595810358978664,1.8821935601736113,15275.16021,14300.996407999995,0.002,2026-04-15T00:00:00Z,HOLD,-0.48595810358978664,0.0
hist_gradient_boosting,558938,Will Argentina win the 2026 FIFA World Cup?,will-argentina-win-the-2026-fifa-world-cup-245,0.09149999916553497,0.06254464250542335,0.06254464250542335,-0.02895535666011162,-0.3164519882424015,97.88219356017362,920929.59116,391409.1731069996,0.001,2026-07-20T00:00:00Z,HOLD,-0.3164519882424015,0.0
hist_gradient_boosting,1543487,US-Iran nuclear deal by April 30?,us-iran-nuclear-deal-by-april-30,0.04749999940395355,0.017881721856428782,0.017881721856428782,-0.02961827754752477,-0.6235426930354774,16.88219356017361,66939.49159,59146.69676500001,0.007,2026-04-30T00:00:00Z,HOLD,-0.6235426930354774,0.0
hist_gradient_boosting,1130016,Will New People (NL) gain the most seats in the next Russian parliamentary election?,will-new-people-nl-gain-the-most-seats-in-the-next-russian-parliamentary-election,0.2644999921321869,0.23435235570116233,0.23435235570116233,-0.030147636431024555,-0.11397972524686477,169.88219356017362,39531.05217,30415.322151,0.013,2026-09-30T00:00:00Z,HOLD,-0.11397972524686477,0.0
hist_gradient_boosting,1090199,Will Reza Pahlavi enter Iran by June 30?,will-reza-pahlavi-enter-iran-by-june-30-555-947-362-379-213,0.06499999761581421,0.03467205304204231,0.03467205304204231,-0.0303279445737719,-0.4665837797876049,77.8821935601736,120552.4878,28680.345088000002,0.01,2026-06-30T00:00:00Z,HOLD,-0.4665837797876049,0.0
hist_gradient_boosting,1693042,Will UAE strike Iran by April 30?,will-uae-strike-iran-by-april-30,0.24500000476837158,0.2142059762703508,0.2142059762703508,-0.030794028498020792,-0.1256899097905494,16.88219356017361,51276.0579,52148.82773799997,0.01,2026-04-30T00:00:00Z,HOLD,-0.1256899097905494,0.0
hist_gradient_boosting,898416,Will Lewis Hamilton be the 2026 F1 Drivers' Champion?,will-lewis-hamilton-be-the-2026-f1-drivers-champion,0.04100000113248825,0.009598211307792849,0.009598211307792849,-0.0314017898246954,-0.7658972916420906,236.8821935601736,175470.43363,19566.997699,0.002,2026-12-06T00:00:00Z,HOLD,-0.7658972916420906,0.0
hist_gradient_boosting,558937,Will Brazil win the 2026 FIFA World Cup?,will-brazil-win-the-2026-fifa-world-cup-183,0.08550000190734863,0.05392033894084702,0.05392033894084702,-0.031579662966501616,-0.3693527749943521,97.88219356017362,968453.54479,134651.52142400012,0.001,2026-07-20T00:00:00Z,HOLD,-0.3693527749943521,0.0
hist_gradient_boosting,601825,Will Renan Santos win the 2026 Brazilian presidential election?,will-renan-santos-win-the-2026-brazilian-presidential-election,0.07000000029802322,0.03831403274967299,0.03831403274967299,-0.031685967548350236,-0.4526566773349719,173.88219356017362,118133.09966,36924.44723,0.003,2026-10-04T00:00:00Z,HOLD,-0.4526566773349719,0.0
hist_gradient_boosting,553871,Will the Detroit Pistons win the 2026 NBA Finals?,will-the-detroit-pistons-win-the-2026-nba-finals,0.0494999997317791,0.016187565396395383,0.016187565396395383,-0.033312434335383716,-0.6729784750684972,78.8821935601736,300740.53166,37717.55590199999,0.001,2026-07-01T00:00:00Z,HOLD,-0.6729784750684972,0.0
hist_gradient_boosting,561261,Will Jon Ossoff win the 2028 US Presidential Election?,will-jon-ossoff-win-the-2028-us-presidential-election,0.04399999976158142,0.010134093333438557,0.010134093333438557,-0.03386590642814286,-0.769679695719291,938.8821935601736,408175.2476,16656.261362,0.002,2028-11-07T00:00:00Z,HOLD,-0.769679695719291,0.0
hist_gradient_boosting,566138,Will Barcelona win the 2025–26 Champions League?,will-barcelona-win-the-202526-champions-league,0.16500000655651093,0.1310883718314966,0.1310883718314966,-0.03391163472501432,-0.205525050772649,47.88219356017361,217954.9222,26269.331775000002,0.01,2026-05-31T00:00:00Z,HOLD,-0.205525050772649,0.0
hist_gradient_boosting,666614,MegaETH market cap (FDV) >$3B one day after launch?,megaeth-market-cap-fdv-2b-one-day-after-launch-392-656-565-965-418-578-388,0.045499999076128006,0.011485285899310742,0.011485285899310742,-0.034014713176817264,-0.7475761289556464,79.04886022684028,44349.68443,14214.564086,0.003,2026-07-01T04:00:00Z,HOLD,-0.7475761289556464,0.0
hist_gradient_boosting,566137,Will Liverpool win the 2025–26 Champions League?,will-liverpool-win-the-202526-champions-league,0.06499999761581421,0.03043539506765968,0.03043539506765968,-0.03456460254815453,-0.5317631356304099,47.88219356017361,748310.2938,17372.145181,0.01,2026-05-31T00:00:00Z,HOLD,-0.5317631356304099,0.0
hist_gradient_boosting,898410,Will Oscar Piastri be the 2026 F1 Drivers' Champion?,will-oscar-piastri-be-the-2026-f1-drivers-champion,0.04699999839067459,0.01234733966457554,0.01234733966457554,-0.03465265872609905,-0.7372906364391406,236.8821935601736,181355.86579,13787.546082,0.001,2026-12-06T00:00:00Z,HOLD,-0.7372906364391406,0.0
hist_gradient_boosting,1823795,"Will Ethereum reach $2,800 in April?",will-ethereum-reach-2800-in-april-2026,0.061500001698732376,0.026788096653979906,0.026788096653979906,-0.03471190504475247,-0.5644212046496243,18.048860226840276,66328.78635,66950.60332600001,0.001,2026-05-01T04:00:00Z,HOLD,-0.5644212046496243,0.0
hist_gradient_boosting,566760,Will Trump pardon Ghislaine Maxwell by end of 2026?,will-trump-pardon-ghislaine-maxwell,0.054999999701976776,0.020287096109188538,0.020287096109188538,-0.03471290359278824,-0.6311437051069767,261.8821935601736,35298.322,20538.67,0.01,2026-12-31T00:00:00Z,HOLD,-0.6311437051069767,0.0
hist_gradient_boosting,559658,Will Kamala Harris win the 2028 Democratic presidential nomination?,will-kamala-harris-win-the-2028-democratic-presidential-nomination-641,0.042500000447034836,0.007089640885361888,0.007089640885361888,-0.03541035956167295,-0.833184922099065,938.8821935601736,350530.15323,11112.751082000002,0.001,2028-11-07T00:00:00Z,HOLD,-0.833184922099065,0.0
hist_gradient_boosting,1535973,Iran leadership change by December 31?,iran-leadership-change-by-december-31-974-976-658-482-568,0.42500001192092896,0.3893350844434166,0.3893350844434166,-0.035664927477512376,-0.08391747406385443,261.8821935601736,86736.3988,34652.47925500001,0.01,2026-12-31T00:00:00Z,HOLD,-0.08391747406385443,0.0
hist_gradient_boosting,553852,Will the Pittsburgh Penguins win the 2026 NHL Stanley Cup?,will-the-pittsburgh-penguins-win-the-2026-nhl-stanley-cup,0.04399999976158142,0.008327260818189339,0.008327260818189339,-0.03567273894339208,-0.8107440712883757,77.8821935601736,110380.18509,11597.54777,0.005,2026-06-30T00:00:00Z,HOLD,-0.8107440712883757,0.0
hist_gradient_boosting,1633606,"Will China invade Taiwan by September 30, 2026?",will-china-invade-taiwan-by-september-30-2026,0.06499999761581421,0.02914677981986151,0.02914677981986151,-0.0358532177959527,-0.5515879863237068,169.88219356017362,205177.9122,116912.69322700003,0.01,2026-09-30T00:00:00Z,HOLD,-0.5515879863237068,0.0
hist_gradient_boosting,561996,Will Tucker Carlson win the 2028 Republican presidential nomination?,will-tucker-carlson-win-the-2028-republican-presidential-nomination,0.04650000110268593,0.009876335040718031,0.009876335040718031,-0.036623666061967895,-0.7876057030857241,938.8821935601736,300484.16821,12696.846172,0.002,2028-11-07T00:00:00Z,HOLD,-0.7876057030857241,0.0
hist_gradient_boosting,553858,Will the New York Knicks win the 2026 NBA Finals?,will-the-new-york-knicks-win-the-2026-nba-finals,0.04149999842047691,0.004812884319806801,0.004812884319806801,-0.03668711410067011,-0.8840268794460476,78.8821935601736,373689.86032,15189.086790999998,0.001,2026-07-01T00:00:00Z,HOLD,-0.8840268794460476,0.0
hist_gradient_boosting,567621,Will China invade Taiwan by end of 2026?,will-china-invade-taiwan-before-2027,0.08799999952316284,0.050986530969651306,0.050986530969651306,-0.037013468553511536,-0.4206075994781008,261.8821935601736,536278.61546,359444.58327400027,0.001,2026-12-31T00:00:00Z,HOLD,-0.4206075994781008,0.0
hist_gradient_boosting,1484987,Netanyahu out by June 30?,netanyahu-out-by-june-30-383-244-575,0.04500000178813934,0.007935416907815782,0.007935416907815782,-0.03706458488032356,-0.8236574090557632,77.8821935601736,580781.7508,18484.188711999996,0.01,2026-06-30T00:00:00Z,HOLD,-0.8236574090557632,0.0
hist_gradient_boosting,1791567,Will MrBeast's next video get between 60 and 70 million views on week 1?,will-mrbeasts-next-video-get-between-60-and-70-million-views-on-week-1-638,0.05950000137090683,0.021141764909604625,0.021141764909604625,-0.03835823646130221,-0.6446762281934649,47.88219356017361,10023.60525,32243.893114000002,0.009,2026-05-31T00:00:00Z,HOLD,-0.6446762281934649,0.0
hist_gradient_boosting,1707608,"Will Trump declare war on Iran by April 30, 2026?",will-trump-declare-war-on-iran-by-april-30-2026,0.0794999971985817,0.04059996766228433,0.04059996766228433,-0.03890002953629736,-0.48930856486862057,16.88219356017361,23883.57573,10855.763019999999,0.005,2026-04-30T00:00:00Z,HOLD,-0.48930856486862057,0.0
hist_gradient_boosting,1823775,"Will Bitcoin reach $85,000 in April?",will-bitcoin-reach-85k-in-april-2026,0.057999998331069946,0.019011161716047532,0.019011161716047532,-0.038988836615022414,-0.6722213402916002,18.048860226840276,118636.94939,79553.42779399996,0.001,2026-05-01T04:00:00Z,HOLD,-0.6722213402916002,0.0
hist_gradient_boosting,842005,Will Australia win Eurovision 2026?,will-australia-win-eurovision-2026,0.06700000166893005,0.02774702191507858,0.02774702191507858,-0.039252979753851475,-0.585865354866913,32.88219356017361,147524.2413,15744.590960999996,0.002,2026-05-16T00:00:00Z,HOLD,-0.585865354866913,0.0
hist_gradient_boosting,1791570,Will MrBeast's next video get between 90 and 100 million views on week 1?,will-mrbeasts-next-video-get-between-90-and-100-million-views-on-week-1-725,0.051500000059604645,0.01216914572758599,0.01216914572758599,-0.039330854332018654,-0.7637059084756939,47.88219356017361,11166.00774,22971.798921,0.02,2026-05-31T00:00:00Z,HOLD,-0.7637059084756939,0.0
hist_gradient_boosting,558939,Will Germany win the 2026 FIFA World Cup?,will-germany-win-the-2026-fifa-world-cup-467,0.054499998688697815,0.014918417718244755,0.014918417718244755,-0.039581580970453056,-0.7262675582166843,97.88219356017362,940908.25701,88470.19129100002,0.001,2026-07-20T00:00:00Z,HOLD,-0.7262675582166843,0.0
hist_gradient_boosting,906973,Will the Fed decrease interest rates by 25 bps after the June 2026 meeting?,will-the-fed-decrease-interest-rates-by-25-bps-after-the-june-2026-meeting,0.07500000298023224,0.0353466381924421,0.0353466381924421,-0.03965336478779014,-0.5287115094947608,64.8821935601736,90829.1701,81084.58314999999,0.01,2026-06-17T00:00:00Z,HOLD,-0.5287115094947608,0.0
hist_gradient_boosting,1235563,Will the New York Mets win the 2026 World Series?,will-the-new-york-mets-win-the-2026-world-series,0.05000000074505806,0.00927324217187468,0.00927324217187468,-0.04072675857318338,-0.8145351593261478,201.87872133795136,107810.59107,13134.786637,0.002,2026-10-31T23:55:00Z,HOLD,-0.8145351593261478,0.0
hist_gradient_boosting,1567746,Iran x Israel/US conflict ends by April 15?,iran-x-israelus-conflict-ends-by-april-15-618-586-982,0.05700000002980232,0.015951598113835393,0.015951598113835393,-0.041048401915966926,-0.72014740165798,1.8821935601736113,70893.53381,271533.0150649999,0.003,2026-04-15T00:00:00Z,HOLD,-0.72014740165798,0.0
hist_gradient_boosting,1559394,Trump out as President by June 30?,trump-out-as-president-by-june-30,0.054999999701976776,0.013750317346490902,0.013750317346490902,-0.04124968235548587,-0.7499942287091195,77.8821935601736,646856.7318,73762.35169699999,0.01,2026-06-30T00:00:00Z,HOLD,-0.7499942287091195,0.0
hist_gradient_boosting,553857,Will the Cleveland Cavaliers win the 2026 NBA Finals?,will-the-cleveland-cavaliers-win-the-2026-nba-finals,0.04749999940395355,0.006170998127166436,0.006170998127166436,-0.04132900127678712,-0.870084248324163,78.8821935601736,299814.07657,36793.363214000026,0.002,2026-07-01T00:00:00Z,HOLD,-0.870084248324163,0.0
hist_gradient_boosting,1131150,Will the Doge-1 Lunar Mission launch before 2027?,will-the-doge-1-lunar-mission-launch-before-2027,0.05900000035762787,0.017623402866456056,0.017623402866456056,-0.04137659749117181,-0.7012982583113222,261.8821935601736,15597.68336,34924.759137999994,0.002,2026-12-31T00:00:00Z,HOLD,-0.7012982583113222,0.0
hist_gradient_boosting,1484894,US x Iran ceasefire by May 31?,us-x-iran-ceasefire-by-may-31-313-373-916,0.41499999165534973,0.3732144748025398,0.3732144748025398,-0.041785516852809956,-0.10068799444100254,47.88219356017361,178435.3692,283693.2379750001,0.01,2026-05-31T00:00:00Z,HOLD,-0.10068799444100254,0.0
hist_gradient_boosting,564166,Will Victor Wembanyama win the 2025–2026 NBA MVP?,will-victor-wembanyama-win-the-20252026-nba-mvp,0.050999999046325684,0.009106716329139031,0.009106716329139031,-0.041893282717186654,-0.8214369313837246,57.882193560173604,75739.5749,58706.114086,0.001,2026-06-10T00:00:00Z,HOLD,-0.8214369313837246,0.0
hist_gradient_boosting,1567747,Iran x Israel/US conflict ends by April 30?,iran-x-israelus-conflict-ends-by-april-30-766-662-668-546,0.17499999701976776,0.13073218754877186,0.13073218754877186,-0.0442678094709959,-0.2529589155706984,16.88219356017361,63989.3172,146718.62926900003,0.01,2026-04-30T00:00:00Z,HOLD,-0.2529589155706984,0.0
hist_gradient_boosting,1472548,Will Reza Pahlavi lead Iran in 2026?,will-reza-pahlavi-lead-iran-in-2026,0.09700000286102295,0.0526396017120351,0.0526396017120351,-0.04436040114898785,-0.4573237096966415,261.8821935601736,118950.05201,19462.884296999993,0.002,2026-12-31T00:00:00Z,HOLD,-0.4573237096966415,0.0
hist_gradient_boosting,1130015,Will the Liberal Democratic Party of Russia (LDPR) gain the most seats in the next Russian parliamentary election?,will-the-liberal-democratic-party-of-russia-ldpr-gain-the-most-seats-in-the-next-russian-parliamentary-election,0.051500000059604645,0.007125005591270701,0.007125005591270701,-0.04437499446833394,-0.861650377028652,169.88219356017362,36327.81067,21337.624261,0.003,2026-09-30T00:00:00Z,HOLD,-0.861650377028652,0.0
hist_gradient_boosting,1651389,Pete Hegseth out as Secretary of Defense by April 30?,pete-hegseth-out-as-secretary-of-defense-by-april-30,0.061000000685453415,0.01602700891239699,0.01602700891239699,-0.04497299177305643,-0.7372621519294683,16.88219356017361,37367.68966,39254.91101100002,0.002,2026-04-30T00:00:00Z,HOLD,-0.7372621519294683,0.0
hist_gradient_boosting,842019,Will Greece win Eurovision 2026?,will-greece-win-eurovision-2026,0.06449999660253525,0.019221278642460704,0.019221278642460704,-0.045278717960074544,-0.7019956642648073,32.88219356017361,190536.91649,20187.745104,0.001,2026-05-16T00:00:00Z,HOLD,-0.7019956642648073,0.0
hist_gradient_boosting,559651,Xi Jinping out before 2027?,xi-jinping-out-before-2027,0.07150000333786011,0.025926483491600687,0.025926483491600687,-0.04557351984625942,-0.6373918562060779,261.8821935601736,178929.85263,20141.691586000026,0.001,2026-12-31T00:00:00Z,HOLD,-0.6373918562060779,0.0
hist_gradient_boosting,703257,Will the US confirm that aliens exist before 2027?,will-the-us-confirm-that-aliens-exist-before-2027-789,0.17499999701976776,0.12924040276540366,0.12924040276540366,-0.0457595942543641,-0.2614834001922592,261.8821935601736,778288.1401,136387.97721100008,0.01,2026-12-31T00:00:00Z,HOLD,-0.2614834001922592,0.0
hist_gradient_boosting,562794,Will the Republican Party control the Senate after the 2026 Midterm elections?,will-the-republican-party-control-the-senate-after-the-2026-midterm-elections,0.4749999940395355,0.42879424282613743,0.42879424282613743,-0.046205751213398094,-0.09727526693306077,203.8821935601736,210882.4494,23531.299011999996,0.01,2026-11-03T00:00:00Z,HOLD,-0.09727526693306077,0.0
hist_gradient_boosting,558940,Will Portugal win the 2026 FIFA World Cup?,will-portugal-win-the-2026-fifa-world-cup-912,0.07050000131130219,0.022096205582230296,0.022096205582230296,-0.048403795729071886,-0.6865786500533305,97.88219356017362,412693.68207,101973.10628200001,0.001,2026-07-20T00:00:00Z,HOLD,-0.6865786500533305,0.0
hist_gradient_boosting,559653,Will Alexandria Ocasio-Cortez win the 2028 Democratic presidential nomination?,will-alexandria-ocasio-cortez-win-the-2028-democratic-presidential-nomination-653,0.07699999958276749,0.028094447320428925,0.028094447320428925,-0.04890555226233856,-0.6351370458095894,938.8821935601736,479288.23318,503896.7099250002,0.001,2028-11-07T00:00:00Z,HOLD,-0.6351370458095894,0.0
hist_gradient_boosting,561231,Will Alexandria Ocasio-Cortez win the 2028 US Presidential Election?,will-alexandria-ocasio-cortez-win-the-2028-us-presidential-election,0.05900000035762787,0.010090941173068368,0.010090941173068368,-0.0489090591845595,-0.8289670997982671,938.8821935601736,458875.28425,29498.899476999995,0.002,2028-11-07T00:00:00Z,HOLD,-0.8289670997982671,0.0
hist_gradient_boosting,553862,Will the Boston Celtics win the 2026 NBA Finals?,will-the-boston-celtics-win-the-2026-nba-finals,0.11649999767541885,0.06749332586404347,0.06749332586404347,-0.049006671811375385,-0.4206581355298657,78.8821935601736,163915.76311,27972.02858200001,0.002,2026-07-01T00:00:00Z,HOLD,-0.4206581355298657,0.0
hist_gradient_boosting,1808970,US obtains Iranian enriched uranium by May 31?,us-obtains-iranian-enriched-uranium-by-may-31,0.16500000655651093,0.11541917768014842,0.11541917768014842,-0.049580828876362504,-0.30048986003756034,47.88219356017361,88660.6625,263278.22059200006,0.01,2026-05-31T00:00:00Z,HOLD,-0.30048986003756034,0.0
hist_gradient_boosting,679030,Will Jean-Luc Mélenchon win the 2027 French presidential election?,will-jean-luc-mlenchon-win-the-2027-french-presidential-election,0.07000000029802322,0.01879327510964566,0.01879327510964566,-0.051206725188377565,-0.7315246424338033,381.8821935601736,83740.4611,25150.956662,0.02,2027-04-30T00:00:00Z,HOLD,-0.7315246424338033,0.0
hist_gradient_boosting,1611267,Kharg Island no longer under Iranian control by April 30?,kharg-island-no-longer-under-iranian-control-by-april-30-912,0.1850000023841858,0.13222675804247663,0.13222675804247663,-0.05277324434170916,-0.28526077654915927,17.87872133795139,293972.1244,130184.42922500003,0.01,2026-04-30T23:55:00Z,HOLD,-0.28526077654915927,0.0
hist_gradient_boosting,560317,"Putin out as President of Russia by December 31, 2026?",putin-out-before-2027,0.10499999672174454,0.05221055776830143,0.05221055776830143,-0.05278943895344311,-0.5027565771581677,262.65302689350693,339730.0121,55123.256466,0.01,2026-12-31T18:30:00Z,HOLD,-0.5027565771581677,0.0
hist_gradient_boosting,1171663,"Russia x Ukraine ceasefire by June 30, 2026?",russia-x-ukraine-ceasefire-by-june-30-2026,0.08500000089406967,0.03212587346233371,0.03212587346233371,-0.05287412743173596,-0.6220485514774261,77.8821935601736,458097.9019,65621.13642700002,0.01,2026-06-30T00:00:00Z,HOLD,-0.6220485514774261,0.0
hist_gradient_boosting,1708132,Iran leadership change by May 31?,iran-leadership-change-by-may-31-593-194-829,0.23000000417232513,0.17711895996899382,0.17711895996899382,-0.05288104420333131,-0.22991757932191487,47.88219356017361,24482.041,67518.82586400004,0.01,2026-05-31T00:00:00Z,HOLD,-0.22991757932191487,0.0
hist_gradient_boosting,677407,China x Taiwan military clash before 2027?,china-x-taiwan-military-clash-before-2027,0.14000000059604645,0.0857441618516118,0.0857441618516118,-0.054255838744434653,-0.3875417036674414,261.8821935601736,122402.9853,11532.500285000002,0.02,2026-12-31T00:00:00Z,HOLD,-0.3875417036674414,0.0
hist_gradient_boosting,665480,Will US withdraw from NATO before 2027?,will-us-withdraw-from-nato-before-2027-348-975-598-224-737,0.09449999779462814,0.0396951547372769,0.0396951547372769,-0.05480484305735124,-0.5799454427126625,261.8821935601736,93626.33321,66010.09484799998,0.003,2026-12-31T00:00:00Z,HOLD,-0.5799454427126625,0.0
hist_gradient_boosting,1712296,Will WTI Crude Oil (WTI) hit (HIGH) $130 in April?,will-wti-reach-130-in-april-2026-388-323-644-662,0.45500001311302185,0.39886734108036487,0.39886734108036487,-0.05613267203265698,-0.12336850640642431,18.048860215266203,56770.2729,356444.9576180004,0.01,2026-05-01T03:59:59.999Z,HOLD,-0.12336850640642431,0.0
hist_gradient_boosting,1494703,Will Crude Oil (CL) hit (HIGH) $200 by end of June?,will-crude-oil-cl-hit-high-200-by-end-of-june-677,0.0949999988079071,0.03698392264589623,0.03698392264589623,-0.05801607616201088,-0.6106955462107021,78.65302689350695,289421.5741,39403.16538600001,0.01,2026-06-30T18:30:00Z,HOLD,-0.6106955462107021,0.0
hist_gradient_boosting,1818151,Genius FDV above $500M one day after launch?,genius-fdv-above-500m-one-day-after-launch,0.11050000041723251,0.051793811326321874,0.051793811326321874,-0.05870618909091064,-0.5312777273234778,628.0905268935069,19992.22425,19191.695553999998,0.057,2028-01-01T05:00:00Z,HOLD,-0.5312777273234778,0.0
hist_gradient_boosting,898415,Will Charles Leclerc be the 2026 F1 Drivers' Champion?,will-charles-leclerc-be-the-2026-f1-drivers-champion,0.06949999928474426,0.010559307067776413,0.010559307067776413,-0.05894069221696785,-0.8480675226410506,236.8821935601736,158696.76493,15406.449495000003,0.001,2026-12-06T00:00:00Z,HOLD,-0.8480675226410506,0.0
hist_gradient_boosting,1808742,"Will Trump say ""Trump University"" in April?",will-trump-say-trump-university-in-april,0.08500000089406967,0.025886882216926737,0.025886882216926737,-0.05911311867714293,-0.6954484477101596,16.88219356017361,22537.5753,22068.573332,0.01,2026-04-30T00:00:00Z,HOLD,-0.6954484477101596,0.0
hist_gradient_boosting,1809560,Strait of Hormuz traffic returns to normal by end of May?,strait-of-hormuz-traffic-returns-to-normal-by-end-of-may,0.33500000834465027,0.2744719835280213,0.2744719835280213,-0.060528024816628945,-0.18068066659376708,47.88219356017361,46837.4808,45199.332858,0.01,2026-05-31T00:00:00Z,HOLD,-0.18068066659376708,0.0
hist_gradient_boosting,558935,Will England win the 2026 FIFA World Cup?,will-england-win-the-2026-fifa-world-cup-937,0.11249999701976776,0.05103433340917253,0.05103433340917253,-0.06146566361059523,-0.5463614687900382,97.88219356017362,1367962.31293,302130.79923299944,0.001,2026-07-20T00:00:00Z,HOLD,-0.5463614687900382,0.0
hist_gradient_boosting,1818149,Genius FDV above $200M one day after launch?,genius-fdv-above-200m-one-day-after-launch,0.4465000033378601,0.38449487085088346,0.38449487085088346,-0.062005132486976644,-0.13886927664826523,628.0905268935069,23646.64513,11966.910000000002,0.015,2028-01-01T05:00:00Z,HOLD,-0.13886927664826523,0.0
hist_gradient_boosting,678419,Will The Super Mario Galaxy Movie be the top grossing movie of 2026?,will-movie-a-be-the-top-grossing-movie-of-2026,0.10499999672174454,0.04221677391367113,0.04221677391367113,-0.06278322280807341,-0.5979354739834157,261.8821935601736,37404.0998,18568.464891,0.01,2026-12-31T00:00:00Z,HOLD,-0.5979354739834157,0.0
hist_gradient_boosting,558936,Will France win the 2026 FIFA World Cup?,will-france-win-the-2026-fifa-world-cup-924,0.13750000298023224,0.07301251004123825,0.07301251004123825,-0.06448749293899399,-0.4689999384819291,97.88219356017362,840713.39907,642807.7800669998,0.001,2026-07-20T00:00:00Z,HOLD,-0.4689999384819291,0.0
hist_gradient_boosting,1363116,"Will Claude 5 be released by April 30, 2026?",will-claude-5-be-released-by-april-30-2026,0.1550000011920929,0.09043138814747924,0.09043138814747924,-0.06456861304461366,-0.41657169385820325,16.88219356017361,64723.151,35816.824136,0.01,2026-04-30T00:00:00Z,HOLD,-0.41657169385820325,0.0
hist_gradient_boosting,1540766,Strait of Hormuz traffic returns to normal by end of April?,strait-of-hormuz-traffic-returns-to-normal-by-april-30,0.1550000011920929,0.09035053864556516,0.09035053864556516,-0.06464946254652773,-0.4170933035439598,16.88219356017361,206504.886,235380.62885099923,0.01,2026-04-30T00:00:00Z,HOLD,-0.4170933035439598,0.0
hist_gradient_boosting,561229,Will JD Vance win the 2028 US Presidential Election?,will-jd-vance-win-the-2028-us-presidential-election,0.17649999260902405,0.10962334455576733,0.10962334455576733,-0.06687664805325672,-0.37890453741490676,938.8821935601736,778530.74819,35189.247850000014,0.001,2028-11-07T00:00:00Z,HOLD,-0.37890453741490676,0.0
hist_gradient_boosting,842016,Will France win Eurovision 2026?,will-france-win-eurovision-2026,0.12200000137090683,0.053893015179584454,0.053893015179584454,-0.06810698619132238,-0.5582539789017065,32.88219356017361,250590.1323,31987.725254999998,0.004,2026-05-16T00:00:00Z,HOLD,-0.5582539789017065,0.0
hist_gradient_boosting,566187,Will Arsenal win the 2025–26 English Premier League?,will-arsenal-win-the-202526-english-premier-league,0.8650000095367432,0.795982129747209,0.795982129747209,-0.06901787978953411,-0.07978945552439602,43.88219356017361,422425.9883,63858.20240300003,0.01,2026-05-27T00:00:00Z,HOLD,-0.07978945552439602,0.0
hist_gradient_boosting,566139,Will Real Madrid win the 2025–26 Champions League?,will-real-madrid-win-the-202526-champions-league,0.0949999988079071,0.023807564714766128,0.023807564714766128,-0.07119243409314098,-0.7493940524893505,47.88219356017361,264974.5738,36577.526539,0.01,2026-05-31T00:00:00Z,HOLD,-0.7493940524893505,0.0
hist_gradient_boosting,562830,"2026 Balance of Power: R Senate, D House",2026-balance-of-power-r-senate-d-house-444,0.35499998927116394,0.2830265872430737,0.2830265872430737,-0.07197340202809022,-0.20274198367119922,203.8821935601736,120961.7604,11550.984443,0.01,2026-11-03T00:00:00Z,HOLD,-0.20274198367119922,0.0
hist_gradient_boosting,553865,Will the Denver Nuggets win the 2026 NBA Finals?,will-the-denver-nuggets-win-the-2026-nba-finals,0.0949999988079071,0.021736156162211032,0.021736156162211032,-0.07326384264569608,-0.77119835331617,78.8821935601736,192202.7611,50833.34768800001,0.01,2026-07-01T00:00:00Z,HOLD,-0.77119835331617,0.0
hist_gradient_boosting,842013,Will Denmark win Eurovision 2026?,will-denmark-win-eurovision-2026,0.10499999672174454,0.03079020689097599,0.03079020689097599,-0.07420978983076855,-0.706759925216268,32.88219356017361,131964.40183,14747.858359,0.003,2026-05-16T00:00:00Z,HOLD,-0.706759925216268,0.0
hist_gradient_boosting,561234,Will Marco Rubio win the 2028 US Presidential Election?,will-marco-rubio-win-the-2028-us-presidential-election,0.10249999910593033,0.024597912326294432,0.024597912326294432,-0.07790208677963589,-0.7600203654550932,938.8821935601736,335227.75799,56815.09927300002,0.001,2028-11-07T00:00:00Z,HOLD,-0.7600203654550932,0.0
hist_gradient_boosting,1484914,Iran x Israel/US conflict ends by May 15?,iran-x-israelus-conflict-ends-by-may-15-562-372-916-721-496,0.3050000071525574,0.22545180754529287,0.22545180754529287,-0.0795481996072645,-0.2608137630878003,31.88219356017361,77167.6184,105701.05387799998,0.01,2026-05-15T00:00:00Z,HOLD,-0.2608137630878003,0.0
hist_gradient_boosting,1544528,Will Netanyahu be pardoned by June 30?,will-netanyahu-be-pardoned-by-june-30,0.2199999988079071,0.13957309648368932,0.13957309648368932,-0.08042690232421779,-0.3655768307273606,77.8821935601736,22094.3482,19526.674884,0.02,2026-06-30T00:00:00Z,HOLD,-0.3655768307273606,0.0
hist_gradient_boosting,1484895,US x Iran ceasefire by June 30?,us-x-iran-ceasefire-by-june-30-752-741-257,0.5350000262260437,0.4476420953456081,0.4476420953456081,-0.08735793088043559,-0.16328584410858674,77.8821935601736,152567.2656,160637.77758999998,0.01,2026-06-30T00:00:00Z,HOLD,-0.16328584410858674,0.0
hist_gradient_boosting,1731345,"Iran agrees to surrender enriched uranium stockpile by June 30, 2026?",iran-agrees-to-surrender-enriched-uranium-stockpile-by-june-30-2026,0.20999999344348907,0.1224451953343553,0.1224451953343553,-0.08755479810913377,-0.41692762306059183,261.8821935601736,24201.4968,12222.700026,0.02,2026-12-31T00:00:00Z,HOLD,-0.41692762306059183,0.0
hist_gradient_boosting,553866,Will the San Antonio Spurs win the 2026 NBA Finals?,will-the-san-antonio-spurs-win-the-2026-nba-finals,0.17299999296665192,0.08467100404379739,0.08467100404379739,-0.08832898892285453,-0.5105722110629284,78.8821935601736,186218.47195,659806.4507249999,0.004,2026-07-01T00:00:00Z,HOLD,-0.5105722110629284,0.0
hist_gradient_boosting,1832593,Will Donald Trump announce Lee Zeldin as the next United States Attorney General by June 30?,will-donald-trump-announce-lee-zeldin-as-the-next-united-states-attorney-general-by-june-30,0.45500001311302185,0.36509763646394705,0.36509763646394705,-0.0899023766490748,-0.19758763529253587,77.8821935601736,39515.6206,30834.750492000003,0.02,2026-06-30T00:00:00Z,HOLD,-0.19758763529253587,0.0
hist_gradient_boosting,561230,Will Gavin Newsom win the 2028 US Presidential Election?,will-gavin-newsom-win-the-2028-us-presidential-election,0.16850000619888306,0.0758105298584573,0.0758105298584573,-0.09268947634042575,-0.5500858927626565,938.8821935601736,435360.42749,507564.36327299994,0.001,2028-11-07T00:00:00Z,HOLD,-0.5500858927626565,0.0
hist_gradient_boosting,1652691,Will Crude Oil (CL) hit (HIGH) $175 by end of June?,will-crude-oil-cl-hit-high-175-by-end-of-june-456-295,0.11500000208616257,0.018909704770995534,0.018909704770995534,-0.09609029731516704,-0.8355677875829287,78.65302689350695,63232.2922,51026.324311,0.01,2026-06-30T18:30:00Z,HOLD,-0.8355677875829287,0.0
hist_gradient_boosting,1130012,Will United Russia (ER) gain the most seats in the next Russian parliamentary election?,will-united-russia-er-gain-the-most-seats-in-the-next-russian-parliamentary-election,0.675000011920929,0.5763300235275791,0.5763300235275791,-0.09866998839334984,-0.1461777580011484,169.88219356017362,67621.3265,35877.434604999995,0.01,2026-09-30T00:00:00Z,HOLD,-0.1461777580011484,0.0
hist_gradient_boosting,562793,Will the Democratic Party control the Senate after the 2026 Midterm elections?,will-the-democratic-party-control-the-senate-after-the-2026-midterm-elections,0.5149999856948853,0.4106266500728058,0.4106266500728058,-0.10437333562207946,-0.20266667674029032,203.8821935601736,191533.3332,33472.32213700001,0.01,2026-11-03T00:00:00Z,HOLD,-0.20266667674029032,0.0
hist_gradient_boosting,1652690,Will Crude Oil (CL) hit (HIGH) $140 by end of June?,will-crude-oil-cl-hit-high-140-by-end-of-june-828-295-574-155,0.39500001072883606,0.2867316315806674,0.2867316315806674,-0.10826837914816867,-0.2740971549555069,78.65302689350695,25720.1782,15773.569719000003,0.01,2026-06-30T18:30:00Z,HOLD,-0.2740971549555069,0.0
hist_gradient_boosting,566140,Will Arsenal win the 2025–26 Champions League?,will-arsenal-win-the-202526-champions-league,0.2549999952316284,0.14188496589041297,0.14188496589041297,-0.11311502934121545,-0.44358835865258656,47.88219356017361,310995.1513,21285.28841700001,0.01,2026-05-31T00:00:00Z,HOLD,-0.44358835865258656,0.0
hist_gradient_boosting,561975,Will Marco Rubio win the 2028 Republican presidential nomination?,will-marco-rubio-win-the-2028-republican-presidential-nomination,0.2175000011920929,0.10057289828413322,0.10057289828413322,-0.11692710290795967,-0.5375958724923928,938.8821935601736,329968.7385,77646.71647200003,0.001,2028-11-07T00:00:00Z,HOLD,-0.5375958724923928,0.0
hist_gradient_boosting,1806245,Milwaukee Brewers vs. Boston Red Sox,mlb-mil-bos-2026-04-06,0.5049999952316284,0.3845097850535412,0.3845097850535412,-0.1204902101780872,-0.23859447785305807,0.8301102268402777,158901.092,14631.620277000002,0.01,2026-04-13T22:45:00Z,HOLD,-0.23859447785305807,0.0
hist_gradient_boosting,1823800,"Will Ethereum dip to $1,800 in April?",will-ethereum-dip-to-1800-in-april-2026,0.35499998927116394,0.23129583329622327,0.23129583329622327,-0.12370415597494067,-0.34846242172827285,18.048860226840276,56698.2012,17921.700233000003,0.01,2026-05-01T04:00:00Z,HOLD,-0.34846242172827285,0.0
hist_gradient_boosting,1540956,Will María Corina Machado enter Venezuela by April 30?,will-mara-corina-machado-enter-venezuela-by-april-30,0.1550000011920929,0.029036430040021745,0.029036430040021745,-0.12596357115207116,-0.8126681947309367,16.88219356017361,43899.7093,25592.746185,0.02,2026-04-30T00:00:00Z,HOLD,-0.8126681947309367,0.0
hist_gradient_boosting,1494702,Will Crude Oil (CL) hit (HIGH) $150 by end of June?,will-crude-oil-cl-hit-high-150-by-end-of-june-788-691,0.25,0.11794150472710092,0.11794150472710092,-0.1320584952728991,-0.5282339810915964,78.65302689350695,58774.14,45373.878564000006,0.01,2026-06-30T18:30:00Z,HOLD,-0.5282339810915964,0.0
hist_gradient_boosting,1517835,Trump announces end of military operations against Iran by April 30th?,trump-announces-end-of-military-operations-against-iran-by-april-30th-753-882-164-769,0.3149999976158142,0.18229626057416629,0.18229626057416629,-0.13270373704164792,-0.42128170808273585,17.87872133795139,120903.4601,180058.44531000004,0.01,2026-04-30T23:55:00Z,HOLD,-0.42128170808273585,0.0
hist_gradient_boosting,1712301,Will WTI Crude Oil (WTI) hit (LOW) $80 in April?,will-wti-dip-to-80-in-april-2026-116-129-341,0.1850000023841858,0.04808842524204276,0.04808842524204276,-0.13691157714214303,-0.7400625696091695,18.048860215266203,97105.0825,104956.33184400001,0.01,2026-05-01T03:59:59.999Z,HOLD,-0.7400625696091695,0.0
hist_gradient_boosting,567687,Russia x Ukraine ceasefire by end of 2026?,russia-x-ukraine-ceasefire-before-2027,0.24500000476837158,0.10600819911285497,0.10600819911285497,-0.1389918056555166,-0.5673134814300209,261.8821935601736,489539.5621,74347.770716,0.01,2026-12-31T00:00:00Z,HOLD,-0.5673134814300209,0.0
hist_gradient_boosting,562187,Will John Cornyn win the 2026 Texas Republican Primary?,will-john-cornyn-win-the-2026-republican-primary,0.3149999976158142,0.1747341475883204,0.1747341475883204,-0.1402658500274938,-0.4452884161560131,42.88219356017361,44299.3127,13620.873416,0.01,2026-05-26T00:00:00Z,HOLD,-0.4452884161560131,0.0
hist_gradient_boosting,566142,Will Bayern Munich win the 2025–26 Champions League?,will-bayern-munich-win-the-202526-champions-league,0.22499999403953552,0.07754684655864759,0.07754684655864759,-0.14745314748088795,-0.6553473394980555,47.88219356017361,229514.3369,16353.891600000004,0.01,2026-05-31T00:00:00Z,HOLD,-0.6553473394980555,0.0
hist_gradient_boosting,553856,Will the Oklahoma City Thunder win the 2026 NBA Finals?,will-the-oklahoma-city-thunder-win-the-2026-nba-finals,0.38499999046325684,0.2200857554447173,0.2200857554447173,-0.16491423501853952,-0.4283486729963397,78.8821935601736,288187.6499,64269.95821499999,0.01,2026-07-01T00:00:00Z,HOLD,-0.4283486729963397,0.0
hist_gradient_boosting,1857434,Shandong Hi-Speed Kirin vs. Guangdong Southern Tigers,bkcba-sha2-gua-2026-04-06,0.625,0.4566455922234934,0.4566455922234934,-0.16835440777650662,-0.2693670524424106,0.3648324490625,2298.2697,19908.282184999996,0.03,2026-04-13T11:35:00Z,HOLD,-0.2693670524424106,0.0
hist_gradient_boosting,567688,Netanyahu out by end of 2026?,netanyahu-out-before-2027-684-719-226,0.3449999988079071,0.1658301995580403,0.1658301995580403,-0.1791697992498668,-0.5193327532433615,261.8821935601736,75526.3848,16525.623481,0.01,2026-12-31T00:00:00Z,HOLD,-0.5193327532433615,0.0
hist_gradient_boosting,559652,Will Gavin Newsom win the 2028 Democratic presidential nomination?,will-gavin-newsom-win-the-2028-democratic-presidential-nomination-568,0.2409999966621399,0.05968886906853432,0.05968886906853432,-0.18131112759360557,-0.7523283406837026,938.8821935601736,785898.67085,434357.0416069992,0.001,2028-11-07T00:00:00Z,HOLD,-0.7523283406837026,0.0
hist_gradient_boosting,561365,Will Cooper Flagg win the 2025–26 NBA Rookie of the Year award?,will-cooper-flagg-win-the-202526-nba-rookie-of-the-year-award,0.6380000114440918,0.4282503924343933,0.4282503924343933,-0.20974961900969852,-0.3287611524252754,34.88219356017361,20088.50786,49073.452026,0.009,2026-05-18T00:00:00Z,HOLD,-0.3287611524252754,0.0
hist_gradient_boosting,842015,Will Finland win Eurovision 2026?,will-finland-win-eurovision-2026,0.3785000145435333,0.1638587932308297,0.1638587932308297,-0.21464122131270363,-0.5670837861698855,32.88219356017361,375803.52825,130985.39028299996,0.003,2026-05-16T00:00:00Z,HOLD,-0.5670837861698855,0.0
hist_gradient_boosting,561974,Will J.D. Vance win the 2028 Republican presidential nomination?,will-jd-vance-win-the-2028-republican-presidential-nomination,0.3785000145435333,0.1517013740875208,0.1517013740875208,-0.22679864045601253,-0.599203782672318,938.8821935601736,292152.32977,420638.46764600027,0.001,2028-11-07T00:00:00Z,HOLD,-0.599203782672318,0.0
hist_gradient_boosting,1469737,Will Mojtaba Khamenei be head of state in Iran end of 2026?,will-mojtaba-khamenei-be-head-of-state-in-iran-end-of-2026,0.5669999718666077,0.28778369111025914,0.28778369111025914,-0.2792162807563485,-0.4924449640396753,261.8821935601736,59692.7267,25662.411515999996,0.015,2026-12-31T00:00:00Z,HOLD,-0.4924449640396753,0.0
hist_gradient_boosting,540819,Will Jesus Christ return before GTA VI?,will-jesus-christ-return-before-gta-vi-665,0.48500001430511475,0.18039839909809946,0.18039839909809946,-0.3046016152070153,-0.6280445489129195,109.38219356017362,900843.1291,253445.8648470002,0.01,2026-07-31T12:00:00Z,HOLD,-0.6280445489129195,0.0
hist_gradient_boosting,564210,Will the Oklahoma City Thunder win the NBA Western Conference Finals?,will-the-oklahoma-city-thunder-win-the-nba-western-conference-finals,0.5149999856948853,0.20004866445493305,0.20004866445493305,-0.3149513212399522,-0.6115559805598654,63.882193560173604,88809.3925,10748.101325000001,0.01,2026-06-16T00:00:00Z,HOLD,-0.6115559805598654,0.0
hist_gradient_boosting,1811265,Pete Hegseth out as Secretary of Defense by December 31?,pete-hegseth-out-as-secretary-of-defense-by-december-31,0.44999998807907104,0.1208415017858292,0.1208415017858292,-0.32915848629324185,-0.7314633222510314,261.8821935601736,20841.19,21292.055166000002,0.02,2026-12-31T00:00:00Z,HOLD,-0.7314633222510314,0.0
hist_gradient_boosting,561370,Will Kon Knueppel win the 2025–26 NBA Rookie of the Year award?,will-kon-knueppel-win-the-202526-nba-rookie-of-the-year-award,0.36250001192092896,0.01980079657675353,0.01980079657675353,-0.3426992153441754,-0.9453771146880054,34.88219356017361,13604.17032,20035.608312999997,0.017,2026-05-18T00:00:00Z,HOLD,-0.9453771146880054,0.0
